drug_id,smiles
DB00001,CCC(C)C1C(=O)NC(C(=O)NCC(=O)NC(C(=O)NC(C(=O)NCC(=O)NC(C(=O)NC(C(=O)NC(C(=O)NC(C(=O)NC(CSSCC2C(=O)NCC(=O)NC(C(=O)NCC(=O)NC(C(=O)NC(C(=O)NC(CSSCC(C(=O)NC(C(=O)NCC(=O)NC(C(=O)NC(C(=O)NC(C(=O)N2)C(C)C)CC(=O)N)CO)CCC(=O)O)NC(=O)C(CC(C)C)NC(=O)C3CSSCC(C(=O)NC(C(=O)NC(C(=O)NC(C(=O)NCC(=O)NC(C(=O)NC(C(=O)NC(C(=O)N3)CC(C)C)CC(=O)N)CCC(=O)N)CO)CCC(=O)O)C(C)O)NC(=O)C(CC(=O)O)NC(=O)C(C(C)O)NC(=O)C(CC4=CC=C(C=C4)O)NC(=O)C(C(C)O)NC(=O)C(CC(C)C)N)C(=O)N1)CCCCN)CC(=O)N)CCC(=O)N)C(=O)NC(C(C)C)C(=O)NC(C(C)O)C(=O)NCC(=O)NC(CCC(=O)O)C(=O)NCC(=O)NC(C(C)O)C(=O)N5CCCC5C(=O)NC(CCCCN)C(=O)N6CCCC6C(=O)NC(CCC(=O)N)C(=O)NC(CO)C(=O)NC(CC7=CNC=N7)C(=O)NC(CC(=O)N)C(=O)NC(CC(=O)O)C(=O)NCC(=O)NC(CC(=O)O)C(=O)NC(CC8=CC=CC=C8)C(=O)NC(CCC(=O)O)C(=O)NC(CCC(=O)O)C(=O)NC(C(C)CC)C(=O)N9CCCC9C(=O)NC(CCC(=O)O)C(=O)NC(CCC(=O)O)C(=O)NC(CC1=CC=C(C=C1)O)C(=O)NC(CC(C)C)C(=O)NC(CCC(=O)N)C(=O)O)CCC(=O)N)CC(=O)N)CCCCN)CCC(=O)O)CC(=O)O)CO)CC(C)C
DB00006,CCC(C)C(C(=O)N1CCCC1C(=O)NC(CCC(=O)O)C(=O)NC(CCC(=O)O)C(=O)NC(CC2=CC=C(C=C2)O)C(=O)NC(CC(C)C)C(=O)O)NC(=O)C(CCC(=O)O)NC(=O)C(CCC(=O)O)NC(=O)C(CC3=CC=CC=C3)NC(=O)C(CC(=O)O)NC(=O)CNC(=O)C(CC(=O)N)NC(=O)CNC(=O)CNC(=O)CNC(=O)CNC(=O)C4CCCN4C(=O)C(CCCNC(=N)N)NC(=O)C5CCCN5C(=O)C(CC6=CC=CC=C6)N
DB00007,CCNC(=O)C1CCCN1C(=O)C(CCCN=C(N)N)NC(=O)C(CC(C)C)NC(=O)C(CC(C)C)NC(=O)C(CC2=CC=C(C=C2)O)NC(=O)C(CO)NC(=O)C(CC3=CNC4=CC=CC=C43)NC(=O)C(CC5=CN=CN5)NC(=O)C6CCC(=O)N6
DB00010,CCC(C)C(C(=O)NC(CC1=CC=CC=C1)C(=O)NC(C(C)O)C(=O)NC(CC(=O)N)C(=O)NC(CO)C(=O)NC(CC2=CC=C(C=C2)O)C(=O)NC(CCCNC(=N)N)C(=O)NC(CCCCN)C(=O)NC(C(C)C)C(=O)NC(CC(C)C)C(=O)NCC(=O)NC(CCC(=O)N)C(=O)NC(CC(C)C)C(=O)NC(CO)C(=O)NC(C)C(=O)NC(CCCNC(=N)N)C(=O)NC(CCCCN)C(=O)NC(CC(C)C)C(=O)NC(CC(C)C)C(=O)NC(CCC(=O)N)C(=O)NC(CC(=O)O)C(=O)NC(C(C)CC)C(=O)NC(CCSC)C(=O)NC(CO)C(=O)NC(CCCNC(=N)N)C(=O)N)NC(=O)C(C)NC(=O)C(CC(=O)O)NC(=O)C(C)NC(=O)C(CC3=CC=C(C=C3)O)N
DB00014,CC(C)CC(C(=O)NC(CCCN=C(N)N)C(=O)N1CCCC1C(=O)NNC(=O)N)NC(=O)C(COC(C)(C)C)NC(=O)C(CC2=CC=C(C=C2)O)NC(=O)C(CO)NC(=O)C(CC3=CNC4=CC=CC=C43)NC(=O)C(CC5=CN=CN5)NC(=O)C6CCC(=O)N6
DB00016,CCCCC1=NC(=C(N1CC2=CC=C(C=C2)C3=CC=CC=C3C4=NN=N[N-]4)CO)Cl.[K+]
DB00017,CC(C)CC1C(=O)NC(C(=O)NC(C(=O)NC(CSSCC(C(=O)NC(C(=O)NC(C(=O)N1)CC(=O)N)CO)N)C(=O)NC(C(C)C)C(=O)NC(CC(C)C)C(=O)NCC(=O)NC(CCCCN)C(=O)NC(CC(C)C)C(=O)NC(CO)C(=O)NC(CCC(=O)N)C(=O)NC(CCC(=O)O)C(=O)NC(CC(C)C)C(=O)NC(CC2=CN=CN2)C(=O)NC(CCCCN)C(=O)NC(CC(C)C)C(=O)NC(CCC(=O)N)C(=O)NC(C(C)O)C(=O)NC(CC3=CC=C(C=C3)O)C(=O)N4CCCC4C(=O)NC(CCCNC(=N)N)C(=O)NC(C(C)O)C(=O)NC(CC(=O)N)C(=O)NC(C(C)O)C(=O)NCC(=O)NC(CO)C(=O)NCC(=O)NC(C(C)O)C(=O)N5CCCC5C(=O)N)C(C)O)CO
DB00019,CC(C(C(=O)O)N)OC1C(C(C(C(O1)COC2(CC(C(C(O2)C(C(CO)O)O)NC(=O)CNC(=O)OCCOC)O)C(=O)O)O)O)NC(=O)C
DB00024,C1CC(N(C1)C(=O)C(CC2=CN=CN2)NC(=O)C3CCC(=O)N3)C(=O)N
DB00026,CC(C)(C)C(=O)OCO/N=C(\\C1=CSC(=N1)N)/C(=O)NC2C3N(C2=O)C(=C(CS3)C=C)C(=O)O
DB00030,CCC(C)C1C(=O)NC2CSSCC(C(=O)NC(CSSCC(C(=O)NCC(=O)NC(C(=O)NC(C(=O)NC(C(=O)NC(C(=O)NC(C(=O)NC(C(=O)NC(C(=O)NC(C(=O)NC(C(=O)NC(C(=O)NC(CSSCC(NC(=O)C(NC(=O)C(NC(=O)C(NC(=O)C(NC(=O)C(NC(=O)C(NC(=O)C(NC(=O)C(NC2=O)CO)CC(C)C)CC3=CC=C(C=C3)O)CCC(=O)N)CC(C)C)CCC(=O)O)CC(=O)N)CC4=CC=C(C=C4)O)C(=O)NC(CC(=O)N)C(=O)O)C(=O)NCC(=O)NC(CCC(=O)O)C(=O)NC(CCCNC(=N)N)C(=O)NCC(=O)NC(CC5=CC=CC=C5)C(=O)NC(CC6=CC=CC=C6)C(=O)NC(CC7=CC=C(C=C7)O)C(=O)NC(C(C)O)C(=O)N8CCCC8C(=O)NC(CCCCN)C(=O)NC(C(C)O)C(=O)O)C(C)C)CC(C)C)CC9=CC=C(C=C9)O)CC(C)C)C)CCC(=O)O)C(C)C)CC(C)C)CC2=CNC=N2)CO)NC(=O)C(CC(C)C)NC(=O)C(CC2=CNC=N2)NC(=O)C(CCC(=O)N)NC(=O)C(CC(=O)N)NC(=O)C(C(C)C)NC(=O)C(CC2=CC=CC=C2)N)C(=O)NC(C(=O)NC(C(=O)N1)CO)C(C)O)NC(=O)C(CCC(=O)N)NC(=O)C(CCC(=O)O)NC(=O)C(C(C)C)NC(=O)C(C(C)CC)NC(=O)CN
DB00035,C1CC(N(C1)C(=O)C2CSSCCC(=O)NC(C(=O)NC(C(=O)NC(C(=O)NC(C(=O)N2)CC(=O)N)CCC(=O)N)CC3=CC=CC=C3)CC4=CC=C(C=C4)O)C(=O)NC(CCCN=C(N)N)C(=O)NCC(=O)N
DB00040,C[C@H]([C@@H](C(=O)N[C@@H](CC1=CC=CC=C1)C(=O)N[C@@H]([C@@H](C)O)C(=O)N[C@@H](CO)C(=O)N[C@@H](CC(=O)O)C(=O)N[C@@H](CC2=CC=C(C=C2)O)C(=O)N[C@@H](CO)C(=O)N[C@@H](CCCCN)C(=O)N[C@@H](CC3=CC=C(C=C3)O)C(=O)N[C@@H](CC(C)C)C(=O)N[C@@H](CC(=O)O)C(=O)N[C@@H](CO)C(=O)N[C@@H](CCCNC(=N)N)C(=O)N[C@@H](CCCNC(=N)N)C(=O)N[C@@H](C)C(=O)N[C@@H](CCC(=O)N)C(=O)N[C@@H](CC(=O)O)C(=O)N[C@@H](CC4=CC=CC=C4)C(=O)N[C@@H](C(C)C)C(=O)N[C@@H](CCC(=O)N)C(=O)N[C@@H](CC5=CNC6=CC=CC=C65)C(=O)N[C@@H](CC(C)C)C(=O)N[C@@H](CCSC)C(=O)N[C@@H](CC(=O)N)C(=O)N[C@@H]([C@@H](C)O)C(=O)O)NC(=O)CNC(=O)[C@H](CCC(=O)N)NC(=O)[C@H](CO)NC(=O)[C@H](CC7=CN=CN7)N)O
DB00046,CCC(C)C(C(=O)NC(C(C)C)C(=O)NC(CCC(=O)O)C(=O)NC(CCC(=O)N)C(=O)NC(CS)C(=O)NC(CS)C(=O)NC(C(C)O)C(=O)NC(CO)C(=O)NC(C(C)CC)C(=O)NC(CS)C(=O)NC(CO)C(=O)NC(CC(C)C)C(=O)NC(CC1=CC=C(C=C1)O)C(=O)NC(CCC(=O)N)C(=O)NC(CC(C)C)C(=O)NC(CCC(=O)O)C(=O)NC(CC(=O)N)C(=O)NC(CC2=CC=C(C=C2)O)C(=O)NC(CS)C(=O)NC(CC(=O)N)C(=O)O)NC(=O)CN.CC(C)CC(C(=O)NC(CC1=CC=C(C=C1)O)C(=O)NC(CC(C)C)C(=O)NC(C(C)C)C(=O)NC(CS)C(=O)NCC(=O)NC(CCC(=O)O)C(=O)NC(CCCNC(=N)N)C(=O)NCC(=O)NC(CC2=CC=CC=C2)C(=O)NC(CC3=CC=CC=C3)C(=O)NC(CC4=CC=C(C=C4)O)C(=O)NC(C(C)O)C(=O)NC(CCCCN)C(=O)N5CCCC5C(=O)NC(C(C)O)C(=O)O)NC(=O)C(C)NC(=O)C(CCC(=O)O)NC(=O)C(C(C)C)NC(=O)C(CC(C)C)NC(=O)C(CC6=CN=CN6)NC(=O)C(CO)NC(=O)CNC(=O)C(CS)NC(=O)C(CC(C)C)NC(=O)C(CC7=CN=CN7)NC(=O)C(CCC(=O)N)NC(=O)C(CC(=O)N)NC(=O)C(C(C)C)NC(=O)C(CC8=CC=CC=C8)N
DB00047,CCC(C)C1C(=O)NC2CSSCC(C(=O)NC(CSSCC(C(=O)NCC(=O)NC(C(=O)NC(C(=O)NC(C(=O)NC(C(=O)NC(C(=O)NC(C(=O)NC(C(=O)NC(C(=O)NC(C(=O)NC(C(=O)NC(CSSCC(NC(=O)C(NC(=O)C(NC(=O)C(NC(=O)C(NC(=O)C(NC(=O)C(NC(=O)C(NC(=O)C(NC2=O)CO)CC(C)C)CC3=CC=C(C=C3)O)CCC(=O)N)CC(C)C)CCC(=O)O)CC(=O)N)CC4=CC=C(C=C4)O)C(=O)NCC(=O)O)C(=O)NCC(=O)NC(CCC(=O)O)C(=O)NC(CCCNC(=N)N)C(=O)NCC(=O)NC(CC5=CC=CC=C5)C(=O)NC(CC6=CC=CC=C6)C(=O)NC(CC7=CC=C(C=C7)O)C(=O)NC(C(C)O)C(=O)N8CCCC8C(=O)NC(CCCCN)C(=O)NC(C(C)O)C(=O)NC(CCCNC(=N)N)C(=O)NC(CCCNC(=N)N)C(=O)O)C(C)C)CC(C)C)CC9=CC=C(C=C9)O)CC(C)C)C)CCC(=O)O)C(C)C)CC(C)C)CC2=CNC=N2)CO)NC(=O)C(CC(C)C)NC(=O)C(CC2=CNC=N2)NC(=O)C(CCC(=O)N)NC(=O)C(CC(=O)N)NC(=O)C(C(C)C)NC(=O)C(CC2=CC=CC=C2)N)C(=O)NC(C(=O)NC(C(=O)N1)CO)C(C)O)NC(=O)C(CCC(=O)N)NC(=O)C(CCC(=O)O)NC(=O)C(C(C)C)NC(=O)C(C(C)CC)NC(=O)CN
DB00048,[Ca+2].[Ca+2]
DB00059,CC1=CC(=C(C=C1)C(=O)C(=C)CN(C)C)C
DB00063,C1CC2C(=O)NC(CSSCCC(=O)NC(C(=O)NCC(=O)NC(C(=O)NC(C(=O)N2C1)CC3=CNC4=CC=CC=C43)CC(=O)O)CCCCN=C(N)N)C(=O)N
DB00067,C1CC(N(C1)C(=O)C2CSSCC(C(=O)NC(C(=O)NC(C(=O)NC(C(=O)NC(C(=O)N2)CC(=O)N)CCC(=O)N)CC3=CC=CC=C3)CC4=CC=C(C=C4)O)N)C(=O)NC(CCCN=C(N)N)C(=O)NCC(=O)N
DB00080,CCCCCCCCCC(=O)NC(CC1=CNC2=CC=CC=C21)C(=O)NC(CC(=O)N)C(=O)NC(CC(=O)O)C(=O)NC3C(OC(=O)C(NC(=O)C(NC(=O)C(NC(=O)CNC(=O)C(NC(=O)C(NC(=O)C(NC(=O)C(NC(=O)CNC3=O)CCCN)CC(=O)O)C)CC(=O)O)CO)C(C)CC(=O)O)CC(=O)C4=CC=CC=C4N)C
DB00085,C1CC2C(C(C1O2)C(=O)[O-])C(=O)[O-].[Na+].[Na+]
DB00086,C1CCC(CC1)C2CC(NC2)C(=O)O
DB00089,C1=NC2=C(N1[C@H]3[C@@H]([C@@H]([C@H](O3)COP(=O)(O)O)OP(=O)(O)O)O)N=C(NC2=O)N
DB00091,CCC1C(=O)N(CC(=O)N(C(C(=O)NC(C(=O)N(C(C(=O)NC(C(=O)NC(C(=O)N(C(C(=O)N(C(C(=O)N(C(C(=O)N(C(C(=O)N1)C(C(C)CC=CC)O)C)C(C)C)C)CC(C)C)C)CC(C)C)C)C)C)CC(C)C)C)C(C)C)CC(C)C)C)C
DB00094,CCC(C)C1C(=O)NC(C(=O)NC(C(=O)NC(CSSCC(C(=O)NC(C(=O)N1)CC2=CC=C(C=C2)O)N)C(=O)N3CCCC3C(=O)NC(CC(C)C)C(=O)NCC(=O)N)CC(=O)N)C(C)O
DB00103,CCCCCCCC(=O)NC(CN1CCCC1)C(C2=CC3=C(C=C2)OCCO3)O.CCCCCCCC(=O)NC(CN1CCCC1)C(C2=CC3=C(C=C2)OCCO3)O.C(C(C(=O)O)O)(C(=O)O)O
DB00104,CC(C1C(=O)NC(CSSCC(C(=O)NC(C(=O)NC(C(=O)NC(C(=O)N1)CCCCN)CC2=CNC3=CC=CC=C32)CC4=CC=CC=C4)NC(=O)C(CC5=CC=CC=C5)N)C(=O)NC(CO)C(C)O)O
DB00105,CCCN(CCOC1=C(C=C(C=C1Cl)Cl)Cl)C(=O)N2C=CN=C2.C(S(=O)(=O)[O-])(I)I.[Na+]
DB00106,CC(C)CC(C(=O)NC(CCCCNC(C)C)C(=O)N1CCCC1C(=O)NC(C)C(=O)N)NC(=O)C(CC(=O)N)NC(=O)C(CC2=CC=C(C=C2)O)N(C)C(=O)C(CO)NC(=O)C(CC3=CN=CC=C3)NC(=O)C(CC4=CC=C(C=C4)Cl)NC(=O)C(CC5=CC6=CC=CC=C6C=C5)NC(=O)C
DB00107,CCC(C)C1C(=O)NC(C(=O)NC(C(=O)NC(CSSCC(C(=O)NC(C(=O)N1)CC2=CC=C(C=C2)O)N)C(=O)N3CCCC3C(=O)NC(CC(C)C)C(=O)NCC(=O)N)CC(=O)N)CCC(=O)N
DB00109,CC[C@H](C)[C@@H](C(=O)N[C@@H](CCC(=O)O)C(=O)N[C@@H](CCC(=O)O)C(=O)N[C@@H](CO)C(=O)N[C@@H](CCC(=O)N)C(=O)N[C@@H](CC(=O)N)C(=O)N[C@@H](CCC(=O)N)C(=O)N[C@@H](CCC(=O)N)C(=O)N[C@@H](CCC(=O)O)C(=O)N[C@@H](CCCCN)C(=O)N[C@@H](CC(=O)N)C(=O)N[C@@H](CCC(=O)O)C(=O)N[C@@H](CCC(=O)N)C(=O)N[C@@H](CCC(=O)O)C(=O)N[C@@H](CC(C)C)C(=O)N[C@@H](CC(C)C)C(=O)N[C@@H](CCC(=O)O)C(=O)N[C@@H](CC(C)C)C(=O)N[C@@H](CC(=O)O)C(=O)N[C@@H](CCCCN)C(=O)N[C@@H](CC1=CNC2=CC=CC=C21)C(=O)N[C@@H](C)C(=O)N[C@@H](CO)C(=O)N[C@@H](CC(C)C)C(=O)N[C@@H](CC3=CNC4=CC=CC=C43)C(=O)N[C@@H](CC(=O)N)C(=O)N[C@@H](CC5=CNC6=CC=CC=C65)C(=O)N[C@@H](CC7=CC=CC=C7)C(=O)N)NC(=O)[C@H](CC(C)C)NC(=O)[C@H](CO)NC(=O)[C@H](CC8=CN=CN8)NC(=O)[C@H]([C@@H](C)CC)NC(=O)[C@H](CC(C)C)NC(=O)[C@H](CO)NC(=O)[C@H]([C@@H](C)O)NC(=O)[C@H](CC9=CC=C(C=C9)O)NC(=O)C
DB00115,CC1=CC2=C(C=C1C)N(C=N2)C3C(C(C(O3)CO)OP(=O)([O-])OC(C)CNC(=O)CCC4(C(C5C6(C(C(C(=C(C7=NC(=CC8=NC(=C(C4=N5)C)C(C8(C)C)CCC(=O)N)C(C7(C)CC(=O)N)CCC(=O)N)C)[N-]6)CCC(=O)N)(C)CC(=O)N)C)CC(=O)N)C)O.[C-]#N.[Co+3]
DB00126,C(C(C1C(=C(C(=O)O1)O)O)O)O
DB00134,CSCCC(C(=O)O)N
DB00136,CC(CCCC(C)(C)O)C1CCC2C1(CCCC2=CC=C3CC(CC(C3=C)O)O)C
DB00142,C(CC(=O)O)C(C(=O)O)N
DB00146,CC(CCCC(C)(C)O)C1CCC2C1(CCCC2=CC=C3CC(CCC3=C)O)C
DB00148,CN(CC(=O)O)C(=N)N
DB00150,C1=CC=C2C(=C1)C(=CN2)CC(C(=O)O)N
DB00153,CC(C)C(C)C=CC(C)C1CCC2C1(CCCC2=CC=C3CC(CCC3=C)O)C
DB00158,C1=CC(=CC=C1C(=O)NC(CCC(=O)O)C(=O)O)NCC2=CN=C3C(=N2)C(=O)NC(=N3)N
DB00159,CCC=CCC=CCC=CCC=CCC=CCCCC(=O)O
DB00162,CC1=C(C(CCC1)(C)C)C=CC(=CC=CC(=CCO)C)C
DB00163,CC1=C(C2=C(CCC(O2)(C)CCCC(C)CCCC(C)CCCC(C)C)C(=C1O)C)C
DB00165,CC1=NC=C(C(=C1O)CO)CO
DB00166,C1CSSC1CCCCC(=O)O
DB00169,CC(C)CCCC(C)C1CCC2C1(CCCC2=CC=C3CC(CCC3=C)O)C
DB00175,CCC(C)C(=O)OC1CC(C=C2C1C(C(C=C2)C)CCC(CC(CC(=O)O)O)O)O
DB00176,COCCCCC(=NOCCN)C1=CC=C(C=C1)C(F)(F)F
DB00177,CCCCC(=O)N(CC1=CC=C(C=C1)C2=CC=CC=C2C3=NNN=N3)C(C(C)C)C(=O)O
DB00178,CCOC(=O)C(CCC1=CC=CC=C1)NC(C)C(=O)N2C3CCCC3CC2C(=O)O
DB00180,CC1(OC2CC3C4CC(C5=CC(=O)C=CC5(C4C(CC3(C2(O1)C(=O)CO)C)O)C)F)C
DB00181,C1=CC(=CC=C1C(CC(=O)O)CN)Cl
DB00182,CC(CC1=CC=CC=C1)N
DB00184,CN1CCCC1C2=CN=CC=C2
DB00185,CC1OC2(CN3CCC2CC3)CS1
DB00186,C1=CC=C(C(=C1)C2=NC(C(=O)NC3=C2C=C(C=C3)Cl)O)Cl
DB00187,CC(C)NCC(COC1=CC=C(C=C1)CCC(=O)OC)O
DB00188,B(C(CC(C)C)NC(=O)C(CC1=CC=CC=C1)NC(=O)C2=NC=CN=C2)(O)O
DB00189,CCC(C=CCl)(C#C)O
DB00190,CC(CC1=CC(=C(C=C1)O)O)(C(=O)O)NN
DB00191,CC(C)(CC1=CC=CC=C1)N
DB00193,CN(C)CC1CCCCC1(C2=CC(=CC=C2)OC)O
DB00195,CC(C)NCC(COC1=CC=C(C=C1)CCOCC2CC2)O
DB00196,C1=CC(=C(C=C1F)F)C(CN2C=NC=N2)(CN3C=NC=N3)O
DB00197,CC1=C(C2=C(CCC(O2)(C)COC3=CC=C(C=C3)CC4C(=O)NC(=O)S4)C(=C1O)C)C
DB00198,CCC(CC)OC1C=C(CC(C1NC(=O)C)N)C(=O)OCC
DB00199,CCC1C(C(C(C(=O)C(CC(C(C(C(C(C(=O)O1)C)OC2CC(C(C(O2)C)O)(C)OC)C)OC3C(C(CC(O3)C)N(C)C)O)(C)O)C)C)O)(C)O
DB00200,CC1=CC2=C(C=C1C)N(C=N2)C3C(C(C(O3)CO)OP(=O)([O-])OC(C)CNC(=O)CCC4(C(C5C6(C(C(C(=N6)C(=C7C(C(C(=N7)C=C8C(C(C(=N8)C(=C4[N-]5)C)CCC(=O)N)(C)C)CCC(=O)N)(C)CC(=O)N)C)CCC(=O)N)(C)CC(=O)N)C)CC(=O)N)C)O.O.[Co+2]
DB00201,CN1C=NC2=C1C(=O)N(C(=O)N2C)C
DB00202,C[N+](C)(C)CCOC(=O)CCC(=O)OCC[N+](C)(C)C
DB00203,CCCC1=NN(C2=C1N=C(NC2=O)C3=C(C=CC(=C3)S(=O)(=O)N4CCN(CC4)C)OCC)C
DB00204,CN(CCC1=CC=C(C=C1)NS(=O)(=O)C)CCOC2=CC=C(C=C2)NS(=O)(=O)C
DB00205,CCC1=C(C(=NC(=N1)N)N)C2=CC=C(C=C2)Cl
DB00206,COC1C(CC2CN3CCC4=C(C3CC2C1C(=O)OC)NC5=C4C=CC(=C5)OC)OC(=O)C6=CC(=C(C(=C6)OC)OC)OC
DB00207,CCC1C(C(C(N(CC(CC(C(C(C(C(C(=O)O1)C)OC2CC(C(C(O2)C)O)(C)OC)C)OC3C(C(CC(O3)C)N(C)C)O)(C)O)C)C)C)O)(C)O
DB00208,C1CN(CC2=C1SC=C2)CC3=CC=CC=C3Cl
DB00209,C1CC[N+]2(C1)C3CCC2CC(C3)OC(=O)C(C4=CC=CC=C4)(C5=CC=CC=C5)O
DB00210,COC1=C(C=C(C=C1)C2=CC3=C(C=C2)C=C(C=C3)C(=O)O)C45CC6CC(C4)CC(C6)C5
DB00211,COC1=CC(=C(C=C1)OC)C(CNC(=O)CN)O
DB00213,COC1=C(C(=NC=C1)CS(=O)C2=NC3=C(N2)C=C(C=C3)OC(F)F)OC
DB00214,CC1=CC(=CC=C1)NC2=C(C=NC=C2)S(=O)(=O)NC(=O)NC(C)C
DB00215,CN(C)CCCC1(C2=C(CO1)C=C(C=C2)C#N)C3=CC=C(C=C3)F
DB00216,CN1CCCC1CC2=CNC3=C2C=C(C=C3)CCS(=O)(=O)C4=CC=CC=C4
DB00218,COC1=C2C(=CC(=C1N3CC4CCCNC4C3)F)C(=O)C(=CN2C5CC5)C(=O)O
DB00220,CC1=C(C=CC=C1O)C(=O)N[C@@H](CSC2=CC=CC=C2)[C@@H](CN3C[C@H]4CCCC[C@H]4C[C@H]3C(=O)NC(C)(C)C)O
DB00221,CCC(C(C1=CC(=C(C=C1)O)O)O)NC(C)C
DB00222,CCC1=C(CN(C1=O)C(=O)NCCC2=CC=C(C=C2)S(=O)(=O)NC(=O)NC3CCC(CC3)C)C
DB00223,CC1CC2C3CC(C4=CC(=O)C=CC4(C3(C(CC2(C1(C(=O)CO)O)C)O)F)C)F
DB00224,CC(C)(C)NC(=O)C1CN(CCN1CC(CC(CC2=CC=CC=C2)C(=O)NC3C(CC4=CC=CC=C34)O)O)CC5=CN=CC=C5
DB00225,CNC(=O)CN(CCN(CCN(CC(=O)NC)CC(=O)[O-])CC(=O)[O-])CC(=O)[O-].[Gd+3]
DB00226,C1CCC2(CC1)OCC(O2)CN=C(N)N
DB00227,CCC(C)C(=O)OC1CC(C=C2C1C(C(C=C2)C)CCC3CC(CC(=O)O3)O)C
DB00228,C(C(OC(F)F)(F)F)(F)Cl
DB00230,CC(C)CC(CC(=O)O)CN
DB00231,CN1C2=C(C=C(C=C2)Cl)C(=NC(C1=O)O)C3=CC=CC=C3
DB00233,C1=CC(=C(C=C1N)O)C(=O)O
DB00235,CC1=C(C=C(C(=O)N1)C#N)C2=CC=NC=C2
DB00237,CCC(C)C1(C(=O)NC(=O)NC1=O)CC
DB00238,CC1=C2C(=NC=C1)N(C3=C(C=CC=N3)C(=O)N2)C4CC4
DB00240,CC1CC2C3C(CC4=CC(=O)C=CC4(C3C(CC2(C1(C(=O)CO)O)C)O)C)Cl
DB00241,CC(C)CC1(C(=O)NC(=O)NC1=O)CC=C
DB00242,C1C(C(OC1N2C=NC3=C(N=C(N=C32)Cl)N)CO)O
DB00243,CC1=C(C(=CC=C1)C)NC(=O)CN2CCN(CC2)CC(COC3=CC=CC=C3OC)O
DB00244,C1=CC(=C(C=C1N)C(=O)O)O
DB00245,CN1C2CCC1CC(C2)OC(C3=CC=CC=C3)C4=CC=CC=C4
DB00246,C1CN(CCN1CCC2=C(C=C3C(=C2)CC(=O)N3)Cl)C4=NSC5=CC=CC=C54
DB00247,CCC(CO)NC(=O)C1CN(C2CC3=CN(C4=CC=CC(=C34)C2=C1)C)C
DB00248,CCNC(=O)N(CCCN(C)C)C(=O)C1CC2C(CC3=CNC4=CC=CC2=C34)N(C1)CC=C
DB00250,C1=CC(=CC=C1N)S(=O)(=O)C2=CC=C(C=C2)N
DB00252,C1=CC=C(C=C1)C2(C(=O)NC(=O)N2)C3=CC=CC=C3
DB00254,CC1C2C(C3C(C(=O)C(=C(C3(C(=O)C2=C(C4=C1C=CC=C4O)O)O)O)C(=O)N)N(C)C)O
DB00255,CCC(=C(CC)C1=CC=C(C=C1)O)C2=CC=C(C=C2)O
DB00257,C1=CC=C(C=C1)C(C2=CC=CC=C2)(C3=CC=CC=C3Cl)N4C=CN=C4
DB00258,CC(=O)[O-].CC(=O)[O-].[Ca+2]
DB00260,C1C(C(=O)NO1)N
DB00261,C1C2=C(C=CC(=C2Cl)Cl)N=C3N1CC(=O)N3
DB00262,C(CCl)NC(=O)N(CCCl)N=O
DB00263,CC1=C(ON=C1C)NS(=O)(=O)C2=CC=C(C=C2)N
DB00264,CC(C)NCC(COC1=CC=C(C=C1)CCOC)O
DB00266,C1=CC=C2C(=C1)C(=C(C(=O)O2)CC3=C(C4=CC=CC=C4OC3=O)O)O
DB00268,CCCN(CCC)CCC1=C2CC(=O)NC2=CC=C1
DB00270,CC1=C(C(C(=C(N1)C)C(=O)OC(C)C)C2=CC=CC3=NON=C32)C(=O)OC
DB00271,CC(=O)NC1=C(C(=C(C(=C1I)C(=O)O)I)NC(=O)C)I
DB00273,CC1(OC2COC3(C(C2O1)OC(O3)(C)C)COS(=O)(=O)N)C
DB00274,CN1C(=NN=N1)SCC2=C(N3C(C(C3=O)(NC(=O)CSCC#N)OC)SC2)C(=O)O
DB00275,CCCC1=NC(=C(N1CC2=CC=C(C=C2)C3=CC=CC=C3C4=NNN=N4)C(=O)O)C(C)(C)O
DB00277,CN1C2=C(C(=O)N(C1=O)C)NC=N2
DB00278,CC1CCN(C(C1)C(=O)O)C(=O)C(CCCN=C(N)N)NS(=O)(=O)C2=CC=CC3=C2NCC(C3)C
DB00279,C1=CC(=C(C=C1OC2=C(C=C(C=C2I)CC(C(=O)O)N)I)I)O
DB00280,CC(C)N(CCC(C1=CC=CC=C1)(C2=CC=CC=N2)C(=O)N)C(C)C
DB00281,CCN(CC)CC(=O)NC1=C(C=CC=C1C)C
DB00282,C(CN)C(O)(P(=O)(O)O)P(=O)(O)O
DB00283,CC(C1=CC=CC=C1)(C2=CC=C(C=C2)Cl)OCCC3CCCN3C
DB00284,CC1C(C(C(C(O1)OC2C(OC(C(C2O)O)OC3C(OC(C(C3O)O)O)CO)CO)O)O)NC4C=C(C(C(C4O)O)O)CO
DB00285,CN(C)CC(C1=CC=C(C=C1)OC)C2(CCCCC2)O
DB00286,CC12CCC3C(C1CCC2=O)CCC4=C3C=CC(=C4)OS(=O)(=O)[O-].[Na+]
DB00287,CC(C)OC(=O)CCCC=CCC1C(CC(C1C=CC(COC2=CC=CC(=C2)C(F)(F)F)O)O)O
DB00288,CC(=O)OCC(=O)C12C(CC3C1(CC(C4(C3CCC5=CC(=O)C=CC54C)F)O)C)OC6(O2)CCCC6
DB00289,CC1=CC=CC=C1OC(CCNC)C2=CC=CC=C2
DB00290,CC1=C(N=C(N=C1N)C(CC(=O)N)NCC(C(=O)N)N)C(=O)NC(C(C2=CN=CN2)OC3C(C(C(C(O3)CO)O)O)OC4C(C(C(C(O4)CO)O)OC(=O)N)O)C(=O)NC(C)C(C(C)C(=O)NC(C(C)O)C(=O)NCCC5=NC(=CS5)C6=NC(=CS6)C(=O)NCCC[S+](C)C)O
DB00291,C1=CC(=CC=C1CCCC(=O)O)N(CCCl)CCCl
DB00292,CCOC(=O)C1=CN=CN1C(C)C2=CC=CC=C2
DB00294,CCC12CC(=C)C3C(C1CCC2(C#C)O)CCC4=CC(=O)CCC34
DB00295,CN1CCC23C4C1CC5=C2C(=C(C=C5)O)OC3C(C=C4)O
DB00296,CCCN1CCCCC1C(=O)NC2=C(C=CC=C2C)C
DB00297,CCCCN1CCCCC1C(=O)NC2=C(C=CC=C2C)C
DB00302,C1CC(CCC1CN)C(=O)O
DB00303,CC1C2C(C(=O)N2C(=C1SC3CC(NC3)C(=O)NC4=CC=CC(=C4)C(=O)O)C(=O)O)C(C)O
DB00304,CCC12CC(=C)C3C(C1CCC2(C#C)O)CCC4=CCCCC34
DB00305,CC1=C(C(=O)C2=C(C1=O)N3CC4C(C3(C2COC(=O)N)OC)N4)N
DB00307,CC1=CC2=C(C=C1C(=C)C3=CC=C(C=C3)C(=O)O)C(CCC2(C)C)(C)C
DB00308,CCCCCCCN(CC)CCCC(C1=CC=C(C=C1)NS(=O)(=O)C)O
DB00310,C1=CC=C2C(=C1)C(=O)NC2(C3=CC(=C(C=C3)Cl)S(=O)(=O)N)O
DB00312,CCCC(C)C1(C(=O)NC(=O)NC1=O)CC
DB00313,CCCC(CCC)C(=O)O
DB00314,CC1C(=O)NC(C(=O)NC(=CNC(=O)N)C(=O)NC(C(=O)NCC(C(=O)N1)N)C2CCN=C(N2)N)CNC(=O)CC(CCCN)N.C1CN=C(NC1C2C(=O)NCC(C(=O)NC(C(=O)NC(C(=O)NC(=CNC(=O)N)C(=O)N2)CNC(=O)CC(CCCN)N)CO)N)N
DB00315,CN(C)CCC1=CNC2=C1C=C(C=C2)CC3COC(=O)N3
DB00316,CC(=O)NC1=CC=C(C=C1)O
DB00317,COC1=C(C=C2C(=C1)N=CN=C2NC3=CC(=C(C=C3)F)Cl)OCCCN4CCOCC4
DB00318,CN1CCC23C4C1CC5=C2C(=C(C=C5)OC)OC3C(C=C4)O
DB00319,CCN1CCN(C(=O)C1=O)C(=O)NC(C2=CC=CC=C2)C(=O)NC3C4N(C3=O)C(C(S4)(C)C)C(=O)O
DB00320,CC1(C(=O)N2C(C(=O)N3CCCC3C2(O1)O)CC4=CC=CC=C4)NC(=O)C5CC6C(CC7=CNC8=CC=CC6=C78)N(C5)C
DB00321,CN(C)CCC=C1C2=CC=CC=C2CCC3=CC=CC=C31
DB00322,C1C(C(OC1N2C=C(C(=O)NC2=O)F)CO)O
DB00323,CC1=CC=C(C=C1)C(=O)C2=CC(=C(C(=C2)O)O)[N+](=O)[O-]
DB00324,CC1CC2C3CCC(C3(CC(C2(C4(C1=CC(=O)C=C4)C)F)O)C)(C(=O)C)O
DB00325,[C-]#N.[C-]#N.[C-]#N.[C-]#N.[C-]#N.[N-]=O.[Fe+6]
DB00326,C(C(C(C(C(C(C(=O)[O-])O)O)O)O)O)O.C(C(C(C(C(C(C(=O)[O-])O)O)O)O)O)O.[Ca+2]
DB00327,CN1CCC23C4C1CC5=C2C(=C(C=C5)O)OC3C(=O)CC4
DB00328,CC1=C(C2=C(N1C(=O)C3=CC=C(C=C3)Cl)C=CC(=C2)OC)CC(=O)O
DB00330,CCC(CO)NCCNC(CC)CO
DB00331,CN(C)C(=N)N=C(N)N
DB00332,CC(C)[N+]1(C2CCC1CC(C2)OC(=O)C(CO)C3=CC=CC=C3)C
DB00333,CCC(=O)C(CC(C)N(C)C)(C1=CC=CC=C1)C2=CC=CC=C2
DB00334,CC1=CC2=C(S1)NC3=CC=CC=C3N=C2N4CCN(CC4)C
DB00335,CC(C)NCC(COC1=CC=C(C=C1)CC(=O)N)O
DB00337,CCC1C=C(CC(CC(C2C(CC(C(O2)(C(=O)C(=O)N3CCCCC3C(=O)OC(C(C(CC1=O)O)C)C(=CC4CCC(C(C4)OC)Cl)C)O)C)OC)OC)C)C
DB00338,CC1=CN=C(C(=C1OC)C)CS(=O)C2=NC3=C(N2)C=C(C=C3)OC
DB00339,C1=CN=C(C=N1)C(=O)N
DB00341,C1CN(CCN1CCOCC(=O)O)C(C2=CC=CC=C2)C3=CC=C(C=C3)Cl
DB00342,CC(C)(C)C1=CC=C(C=C1)C(CCCN2CCC(CC2)C(C3=CC=CC=C3)(C4=CC=CC=C4)O)O
DB00343,CC(=O)OC1C(SC2=CC=CC=C2N(C1=O)CCN(C)C)C3=CC=C(C=C3)OC
DB00344,CNCCCC1C2=CC=CC=C2C=CC3=CC=CC=C13
DB00346,CN(CCCNC(=O)C1CCCO1)C2=NC3=CC(=C(C=C3C(=N2)N)OC)OC
DB00347,CC1(C(=O)N(C(=O)O1)C)C
DB00348,C1CC(=O)C(C(=O)C1)C(=O)C2=C(C=C(C=C2)C(F)(F)F)[N+](=O)[O-]
DB00349,CN1C(=O)CC(=O)N(C2=C1C=CC(=C2)Cl)C3=CC=CC=C3
DB00350,C1CCN(CC1)C2=NC(=N)N(C(=C2)N)O
DB00351,CC1=C[C@@H]2[C@H](CC[C@]3([C@H]2CC[C@@]3(C(=O)C)OC(=O)C)C)[C@@]4(C1=CC(=O)CC4)C
DB00352,C1=NC2=C(N1)C(=S)N=C(N2)N
DB00353,CCC(CO)NC(=O)C1CN(C2CC3=CNC4=CC=CC(=C34)C2=C1)C
DB00355,CC1C(C(=O)N1S(=O)(=O)O)NC(=O)C(=NOC(C)(C)C(=O)O)C2=CSC(=N2)N
DB00356,C1=CC2=C(C=C1Cl)NC(=O)O2
DB00357,CCC1(CCC(=O)NC1=O)C2=CC=C(C=C2)N
DB00358,C1CCNC(C1)C(C2=CC(=NC3=C2C=CC=C3C(F)(F)F)C(F)(F)F)O
DB00359,C1=CN=C(N=C1)NS(=O)(=O)C2=CC=C(C=C2)N
DB00360,CC(C(C1CNC2=C(N1)C(=O)NC(=N2)N)O)O
DB00361,CCC1=CC2CC(C3=C(CN(C2)C1)C4=CC=CC=C4N3)(C5=C(C=C6C(=C5)C78CCN9C7C(C=CC9)(C(C(C8N6C)(C(=O)OC)O)OC(=O)C)CC)OC)C(=O)OC
DB00362,CCCCCOC1=CC=C(C=C1)C2=CC=C(C=C2)C3=CC=C(C=C3)C(=O)NC4CC(C(NC(=O)C5C(C(CN5C(=O)C(NC(=O)C(NC(=O)C6CC(CN6C(=O)C(NC4=O)C(C)O)O)C(C(C7=CC=C(C=C7)O)O)O)C(C)O)C)O)O)O
DB00363,CN1CCN(CC1)C2=NC3=C(C=CC(=C3)Cl)NC4=CC=CC=C42
DB00364,C(C1C(C(C(C(O1)OC2(C(C(C(O2)COS(=O)(=O)O[Al])OS(=O)(=O)O[Al])OS(=O)(=O)O[Al])COS(=O)(=O)O[Al])OS(=O)(=O)O[Al])OS(=O)(=O)O[Al])OS(=O)(=O)O[Al])OS(=O)(=O)O[Al].O.O.O.O.O.O.O.O.O.O.O.O.O.O.O.O.O.O.O.O.[Al]
DB00365,CC1CN(CCN1)C2=C(C(=C3C(=C2)N(C=C(C3=O)C(=O)O)C4CC4)C)F
DB00366,CC(C1=CC=CC=C1)(C2=CC=CC=N2)OCCN(C)C
DB00367,CCC12CCC3C(C1CCC2(C#C)O)CCC4=CC(=O)CCC34
DB00368,C1=CC(=C(C=C1C(CN)O)O)O
DB00369,C1=CN(C(=O)N=C1N)CC(CO)OCP(=O)(O)O
DB00370,CN1CCN2C(C1)C3=CC=CC=C3CC4=C2N=CC=C4
DB00371,CCCC(C)(COC(=O)N)COC(=O)N
DB00372,CCSC1=CC2=C(C=C1)SC3=CC=CC=C3N2CCCN4CCN(CC4)C
DB00373,CC(C)(C)NCC(COC1=NSN=C1N2CCOCC2)O
DB00374,CCCCCC(CCC1C(CC2C1CC3=C(C2)C(=CC=C3)OCC(=O)O)O)O
DB00375,C1C(O1)CCl.C(CNCCNCCNCCN)N
DB00376,C1CCC(CC1)C(CCN2CCCCC2)(C3=CC=CC=C3)O
DB00377,C1CC2CN(C(=O)C3=CC=CC(=C23)C1)C4CN5CCC4CC5
DB00379,CC1=C(C(=CC=C1)C)OCC(C)N
DB00380,CC(CN1CC(=O)NC(=O)C1)N2CC(=O)NC(=O)C2
DB00381,CCOC(=O)C1=C(NC(=C(C1C2=CC=CC=C2Cl)C(=O)OC)C)COCCN
DB00382,C1CCC2=NC3=CC=CC=C3C(=C2C1)N
DB00384,C1=CC=C(C=C1)C2=NC3=C(N=C(N=C3N=C2N)N)N
DB00385,CCCCC(=O)OCC(=O)C1(CC(C2=C(C1)C(=C3C(=C2O)C(=O)C4=C(C3=O)C=CC=C4OC)O)OC5CC(C(C(O5)C)O)NC(=O)C(F)(F)F)O
DB00387,C1CCC(CC1)C(CCN2CCCC2)(C3=CC=CC=C3)O
DB00388,CNCC(C1=CC(=CC=C1)O)O
DB00390,CC1C(C(CC(O1)OC2C(OC(CC2O)OC3C(OC(CC3O)OC4CCC5(C(C4)CCC6C5CC(C7(C6(CCC7C8=CC(=O)OC8)O)C)O)C)C)C)O)O
DB00393,CC1=C(C(C(=C(N1)C)C(=O)OC(C)C)C2=CC(=CC=C2)[N+](=O)[O-])C(=O)OCCOC
DB00394,CCC(=O)OCC(=O)[C@]1([C@H](C[C@@H]2[C@@]1(C[C@@H]([C@]3([C@H]2CCC4=CC(=O)C=C[C@@]43C)Cl)O)C)C)OC(=O)CC
DB00395,CCCC(C)(COC(=O)N)COC(=O)NC(C)C
DB00396,CC(=O)C1CCC2C1(CCC3C2CCC4=CC(=O)CCC34C)C
DB00397,CC(C(C1=CC=CC=C1)O)N
DB00398,CNC(=O)C1=NC=CC(=C1)OC2=CC=C(C=C2)NC(=O)NC3=CC(=C(C=C3)Cl)C(F)(F)F
DB00399,C1=CN(C=N1)CC(O)(P(=O)(O)O)P(=O)(O)O
DB00400,CC1CC(=O)C=C(C12C(=O)C3=C(O2)C(=C(C=C3OC)OC)Cl)OC
DB00401,CC1=C(C(C(=C(N1)C)C(=O)OCC(C)C)C2=CC=CC=C2[N+](=O)[O-])C(=O)OC
DB00402,CN1CCN(CC1)C(=O)OC2C3=NC=CN=C3C(=O)N2C4=NC=C(C=C4)Cl
DB00404,CC1=NN=C2N1C3=C(C=C(C=C3)Cl)C(=NC2)C4=CC=CC=C4
DB00405,CN(C)CCC(C1=CC=C(C=C1)Br)C2=CC=CC=N2
DB00407,CC(=O)NC1C(C(C(OC1O)COS(=O)(=O)O)OC2C(C(C(C(O2)C(=O)O)OC3C(C(C(C(O3)CO)OC4C(C(C(C(O4)C(=O)O)O)O)OS(=O)(=O)O)OS(=O)(=O)O)NS(=O)(=O)O)O)OS(=O)(=O)O)O
DB00408,CN1CCN(CC1)C2=NC3=CC=CC=C3OC4=C2C=C(C=C4)Cl
DB00411,C[N+](C)(C)CCOC(=O)N
DB00412,CN(CCOC1=CC=C(C=C1)CC2C(=O)NC(=O)S2)C3=CC=CC=N3
DB00413,CCCNC1CCC2=C(C1)SC(=N2)N
DB00414,CC(=O)C1=CC=C(C=C1)S(=O)(=O)NC(=O)NC2CCCCC2
DB00415,CC1(C(N2C(S1)C(C2=O)NC(=O)C(C3=CC=CC=C3)N)C(=O)O)C
DB00417,CC1(C(N2C(S1)C(C2=O)NC(=O)COC3=CC=CC=C3)C(=O)O)C
DB00418,CCCC(C)C1(C(=O)NC(=O)NC1=O)CC=C
DB00420,CN(C)CCCN1C2=CC=CC=C2SC3=CC=CC=C31
DB00421,CC(=O)SC1CC2=CC(=O)CCC2(C3C1C4CCC5(C4(CC3)C)CCC(=O)O5)C
DB00422,COC(=O)C(C1CCCCN1)C2=CC=CC=C2
DB00423,COC1=CC=CC=C1OCC(COC(=O)N)O
DB00424,CN1C2CCC1CC(C2)OC(=O)C(CO)C3=CC=CC=C3
DB00425,CC1=CC=C(C=C1)C2=C(N3C=C(C=CC3=N2)C)CC(=O)N(C)C
DB00426,CC(=O)OCC(CCN1C=NC2=CN=C(N=C21)N)COC(=O)C
DB00427,CC1=CC=C(C=C1)C(=CCN2CCCC2)C3=CC=CC=N3
DB00428,CN(C(=O)NC1C(C(C(OC1O)CO)O)O)N=O
DB00431,C1(C(C(C(C(C1Cl)Cl)Cl)Cl)Cl)Cl
DB00432,C1C(C(OC1N2C=C(C(=O)NC2=O)C(F)(F)F)CO)O
DB00433,CN1CCN(CC1)CCCN2C3=CC=CC=C3SC4=C2C=C(C=C4)Cl
DB00434,CN1CCC(=C2C3=CC=CC=C3C=CC4=CC=CC=C42)CC1
DB00435,[N]=O
DB00436,C1=CC=C(C=C1)CC2NC3=C(C=C(C(=C3)C(F)(F)F)S(=O)(=O)N)S(=O)(=O)N2
DB00437,C1=NNC2=C1C(=O)NC=N2
DB00438,CC(C)(C(=O)O)ON=C(C1=CSC(=N1)N)C(=O)NC2C3N(C2=O)C(=C(CS3)C[N+]4=CC=CC=C4)C(=O)[O-]
DB00439,CC(C)C1=C(C(=C(C(=N1)C(C)C)COC)C2=CC=C(C=C2)F)C=CC(CC(CC(=O)O)O)O
DB00440,COC1=CC(=CC(=C1OC)OC)CC2=CN=C(N=C2N)N
DB00441,C1=CN(C(=O)N=C1N)C2C(C(C(O2)CO)O)(F)F
DB00442,C=C1C(CC(C1CO)O)N2C=NC3=C2N=C(NC3=O)N
DB00443,CC1CC2C3CCC4=CC(=O)C=CC4(C3(C(CC2(C1(C(=O)CO)O)C)O)F)C
DB00444,COC1=CC(=CC(=C1O)OC)C2C3C(COC3=O)C(C4=CC5=C(C=C24)OCO5)OC6C(C(C7C(O6)COC(O7)C8=CC=CS8)O)O
DB00445,CC1C(C(CC(O1)OC2CC(CC3=C2C(=C4C(=C3O)C(=O)C5=C(C4=O)C(=CC=C5)OC)O)(C(=O)CO)O)N)O
DB00446,C1=CC(=CC=C1C(C(CO)NC(=O)C(Cl)Cl)O)[N+](=O)[O-]
DB00447,C1CC(=C(N2C1C(C2=O)NC(=O)C(C3=CC=CC=C3)N)C(=O)O)Cl
DB00448,CC1=C(C=CN=C1CS(=O)C2=NC3=CC=CC=C3N2)OCC(F)(F)F
DB00449,CC(C)(C)C(=O)OC1=C(C=C(C=C1)C(CNC)O)OC(=O)C(C)(C)C
DB00450,C1CN(CC=C1N2C3=CC=CC=C3NC2=O)CCCC(=O)C4=CC=C(C=C4)F
DB00451,C1=C(C=C(C(=C1I)OC2=CC(=C(C(=C2)I)O)I)I)CC(C(=O)O)N
DB00454,CCOC(=O)C1(CCN(CC1)C)C2=CC=CC=C2
DB00455,CCOC(=O)N1CCC(=C2C3=C(CCC4=C2N=CC=C4)C=C(C=C3)Cl)CC1
DB00456,CC(=O)OCC1=C(N2C(C(C2=O)NC(=O)CC3=CC=CS3)SC1)C(=O)O
DB00457,COC1=C(C=C2C(=C1)C(=NC(=N2)N3CCN(CC3)C(=O)C4=CC=CO4)N)OC
DB00458,CN(C)CCCN1C2=CC=CC=C2CCC3=CC=CC=C31
DB00459,CC1=CC(=C(C(=C1C=CC(=CC=CC(=CC(=O)O)C)C)C)C)OC
DB00460,CC1=C(C2=CC3=NC(=CC4=C(C(=C(N4)C=C5C6(C(C(=CC=C6C(=N5)C=C1N2)C(=O)OC)C(=O)OC)C)C)CCC(=O)OC)C(=C3C)CCC(=O)O)C=C.CC1=C(C2=CC3=NC(=CC4=C(C(=C(N4)C=C5C6(C(C(=CC=C6C(=N5)C=C1N2)C(=O)OC)C(=O)OC)C)C)CCC(=O)O)C(=C3C)CCC(=O)OC)C=C
DB00461,CC(=O)CCC1=CC2=C(C=C1)C=C(C=C2)OC
DB00465,C1CN2C(=CC=C2C(=O)C3=CC=CC=C3)C1C(=O)O
DB00467,CCN1C=C(C(=O)C2=CC(=C(N=C21)N3CCNCC3)F)C(=O)O
DB00468,COC1=CC2=C(C=CN=C2C=C1)C(C3CC4CCN3CC4C=C)O
DB00470,CCCCCC1=CC(=C2C3C=C(CCC3C(OC2=C1)(C)C)C)O
DB00471,CC(C)(C1=CC=CC=C1CCC(C2=CC=CC(=C2)C=CC3=NC4=C(C=CC(=C4)Cl)C=C3)SCC5(CC5)CC(=O)O)O
DB00472,CNCCC(C1=CC=CC=C1)OC2=CC=C(C=C2)C(F)(F)F
DB00474,CCC#CC(C)C1(C(=O)NC(=O)N(C1=O)C)CC=C
DB00475,CN=C1CN(C(=C2C=C(C=CC2=N1)Cl)C3=CC=CC=C3)O
DB00476,CNCCC(C1=CC=CS1)OC2=CC=CC3=CC=CC=C32
DB00477,CN(C)CCCN1C2=CC=CC=C2SC3=C1C=C(C=C3)Cl
DB00478,CC(C12CC3CC(C1)CC(C3)C2)N
DB00479,C1C(C(C(C(C1NC(=O)C(CCN)O)OC2C(C(C(C(O2)CO)O)N)O)O)OC3C(C(C(C(O3)CN)O)O)O)N
DB00480,C1CC(=O)NC(=O)C1N2CC3=C(C2=O)C=CC=C3N
DB00481,C1CCN(CC1)CCOC2=CC=C(C=C2)C(=O)C3=C(SC4=C3C=CC(=C4)O)C5=CC=C(C=C5)O
DB00482,CC1=CC=C(C=C1)C2=CC(=NN2C3=CC=C(C=C3)S(=O)(=O)N)C(F)(F)F
DB00484,C1CN=C(N1)NC2=C(C3=NC=CN=C3C=C2)Br
DB00485,CC1=C(C(=NO1)C2=C(C=CC=C2Cl)Cl)C(=O)NC3C4N(C3=O)C(C(S4)(C)C)C(=O)O
DB00486,CCCCCCC(C)(C)C1=CC(=C2C3CC(=O)CCC3C(OC2=C1)(C)C)O
DB00488,CN(C)C1=NC(=NC(=N1)N(C)C)N(C)C
DB00489,CC(C)NCC(C1=CC=C(C=C1)NS(=O)(=O)C)O
DB00490,C1CCC2(C1)CC(=O)N(C(=O)C2)CCCCN3CCN(CC3)C4=NC=CC=N4
DB00491,C1C(C(C(C(N1CCO)CO)O)O)O
DB00492,CCC(=O)OC(C(C)C)OP(=O)(CCCCC1=CC=CC=C1)CC(=O)N2CC(CC2C(=O)O)C3CCCCC3
DB00493,CC(=O)OCC1=C(N2C(C(C2=O)NC(=O)C(=NOC)C3=CSC(=N3)N)SC1)C(=O)O
DB00494,CCN(CC)C(=O)C(=CC1=CC(=C(C(=C1)O)O)[N+](=O)[O-])C#N
DB00495,CC1=CN(C(=O)NC1=O)C2CC(C(O2)CO)N=[N+]=[N-]
DB00496,C1CN(CC1C(C2=CC=CC=C2)(C3=CC=CC=C3)C(=O)N)CCC4=CC5=C(C=C4)OCC5
DB00497,CN1CCC23C4C(=O)CCC2(C1CC5=C3C(=C(C=C5)OC)O4)O
DB00499,CC(C)C(=O)NC1=CC(=C(C=C1)[N+](=O)[O-])C(F)(F)F
DB00500,CC1=CC=C(C=C1)C(=O)C2=CC=C(N2C)CC(=O)O
DB00501,CC1=C(N=CN1)CSCCNC(=NC)NC#N
DB00502,C1CN(CCC1(C2=CC=C(C=C2)Cl)O)CCCC(=O)C3=CC=C(C=C3)F
DB00503,CC(C)C1=NC(=CS1)CN(C)C(=O)NC(C(C)C)C(=O)NC(CC2=CC=CC=C2)CC(C(CC3=CC=CC=C3)NC(=O)OCC4=CN=CS4)O
DB00507,CC(=O)OC1=CC=CC=C1C(=O)NC2=NC=C(S2)[N+](=O)[O-]
DB00508,CN(C)CCCN1C2=CC=CC=C2SC3=C1C=C(C=C3)C(F)(F)F
DB00509,C1=C(C=C(C(=C1I)OC2=CC(=C(C(=C2)I)O)I)I)C[C@H](C(=O)O)N
DB00512,CC1C(C(CC(O1)OC2C(C(C(OC2OC3=C4C=C5C=C3OC6=C(C=C(C=C6)C(C(C(=O)NC(C(=O)NC5C(=O)NC7C8=CC(=C(C=C8)O)C9=C(C=C(C=C9O)O)C(NC(=O)C(C(C1=CC(=C(O4)C=C1)Cl)O)NC7=O)C(=O)O)CC(=O)N)NC(=O)C(CC(C)C)NC)O)Cl)CO)O)O)(C)N)O
DB00513,C(CCC(=O)O)CCN
DB00514,CN1CCC23CCCCC2C1CC4=C3C=C(C=C4)OC
DB00515,N.N.Cl[Pt]Cl
DB00518,CCCSC1=CC2=C(C=C1)N=C(N2)NC(=O)OC
DB00519,CCOC(=O)C(CCC1=CC=CC=C1)NC(C)C(=O)N2C3CCCCC3CC2C(=O)O
DB00520,CCC(C)CC(C)CCCCCCCCC(=O)NC1CC(C(NC(=O)C2C(CCN2C(=O)C(NC(=O)C(NC(=O)C3CC(CN3C(=O)C(NC1=O)C(C)O)O)C(C(C4=CC=C(C=C4)O)O)O)C(CCN)O)O)NCCN)O
DB00521,CC(C)(C)NCC(COC1=CC=CC2=C1CCC(=O)N2)O
DB00523,CC1=C(C(CCC1)(C)C)C=CC(=CC=CC(=CC(=O)O)C)C
DB00524,CC1NC2=CC(=C(C=C2C(=O)N1C3=CC=CC=C3C)S(=O)(=O)N)Cl
DB00526,C1CCC(C(C1)[NH-])[NH-].C(=O)(C(=O)O)O.[Pt+2]
DB00527,CCCCOC1=NC2=CC=CC=C2C(=C1)C(=O)NCCN(CC)CC
DB00529,C(=O)(O)P(=O)(O)O
DB00530,COCCOC1=C(C=C2C(=C1)C(=NC=N2)NC3=CC=CC(=C3)C#C)OCCOC
DB00531,C1CNP(=O)(OC1)N(CCCl)CCCl
DB00532,CCC1(C(=O)N(C(=O)N1)C)C2=CC=CC=C2
DB00533,CS(=O)(=O)C1=CC=C(C=C1)C2=C(C(=O)OC2)C3=CC=CC=C3
DB00535,C=CC1=C(N2C(C(C2=O)NC(=O)C(=NO)C3=CSC(=N3)N)SC1)C(=O)O
DB00536,C(=N)(N)N
DB00537,C1CC1N2C=C(C(=O)C3=CC(=C(C=C32)N4CCNCC4)F)C(=O)O
DB00538,COCCNC(=O)CN(CCN(CCN(CC(=O)NCCOC)CC(=O)[O-])CC(=O)[O-])CC(=O)[O-].[Gd+3]
DB00539,CN(C)CCOC1=CC=C(C=C1)C(=C(CCCl)C2=CC=CC=C2)C3=CC=CC=C3
DB00540,CNCCC=C1C2=CC=CC=C2CCC3=CC=CC=C31
DB00541,CCC1(CC2CC(C3=C(CCN(C2)C1)C4=CC=CC=C4N3)(C5=C(C=C6C(=C5)C78CCN9C7C(C=CC9)(C(C(C8N6C=O)(C(=O)OC)O)OC(=O)C)CC)OC)C(=O)OC)O
DB00542,CCOC(=O)C(CCC1=CC=CC=C1)NC2CCC3=CC=CC=C3N(C2=O)CC(=O)O
DB00543,C1CN(CCN1)C2=NC3=CC=CC=C3OC4=C2C=C(C=C4)Cl
DB00544,C1=C(C(=O)NC(=O)N1)F
DB00545,C[N+]1=CC=CC(=C1)OC(=O)N(C)C
DB00547,CC1CC2C3CCC4=CC(=O)C=CC4(C3(C(CC2(C1C(=O)CO)C)O)F)C
DB00548,C(CCCC(=O)O)CCCC(=O)O
DB00549,CC1=CC=CC=C1S(=O)(=O)NC(=O)C2=CC(=C(C=C2)CC3=CN(C4=C3C=C(C=C4)NC(=O)OC5CCCC5)C)OC
DB00550,CCCC1=CC(=O)NC(=S)N1
DB00551,CC(=O)NO
DB00552,C1C(C(OC1N2C=NC3=C2NC=NCC3O)CO)O
DB00553,COC1=C2C(=CC3=C1OC=C3)C=CC(=O)O2
DB00554,CN1C(=C(C2=CC=CC=C2S1(=O)=O)O)C(=O)NC3=CC=CC=N3
DB00555,C1=CC(=C(C(=C1)Cl)Cl)C2=C(N=C(N=N2)N)N
DB00556,C(C(F)(F)F)(C(F)(F)F)(F)F
DB00557,C1CN(CCN1CCOCCO)C(C2=CC=CC=C2)C3=CC=C(C=C3)Cl
DB00558,CC(=O)NC1C(C=C(OC1C(C(CO)O)O)C(=O)O)N=C(N)N
DB00559,CC(C)(C)C1=CC=C(C=C1)S(=O)(=O)NC2=C(C(=NC(=N2)C3=NC=CC=N3)OCCO)OC4=CC=CC=C4OC
DB00560,CC(C)(C)NCC(=O)NC1=CC(=C2CC3CC4C(C(=O)C(=C(C4(C(=O)C3=C(C2=C1O)O)O)O)C(=O)N)N(C)C)N(C)C
DB00561,CCN1CC(C(C1=O)(C2=CC=CC=C2)C3=CC=CC=C3)CCN4CCOCC4
DB00562,C1=CC=C(C=C1)CSCC2=NS(=O)(=O)C3=CC(=C(C=C3N2)Cl)S(=O)(=O)N
DB00563,CN(CC1=CN=C2C(=N1)C(=NC(=N2)N)N)C3=CC=C(C=C3)C(=O)NC(CCC(=O)O)C(=O)O
DB00564,C1=CC=C2C(=C1)C=CC3=CC=CC=C3N2C(=O)N
DB00565,C[N+]1(CCC2=CC(=C(C=C2C1CC3=CC(=C(C=C3)OC)OC)OC)OC)CCC(=O)OCCCCCOC(=O)CC[N+]4(CCC5=CC(=C(C=C5C4CC6=CC(=C(C=C6)OC)OC)OC)OC)C
DB00567,CC1=C(N2C(C(C2=O)NC(=O)C(C3=CC=CC=C3)N)SC1)C(=O)O
DB00569,CO[C@@H]1[C@@H]([C@H]([C@@H]([C@H](O1)COS(=O)(=O)O)O[C@H]2[C@@H]([C@H]([C@@H]([C@@H](O2)C(=O)O)O[C@@H]3[C@@H]([C@H]([C@@H]([C@H](O3)COS(=O)(=O)O)O[C@H]4[C@@H]([C@H]([C@@H]([C@H](O4)C(=O)O)O[C@@H]5[C@@H]([C@H]([C@@H]([C@H](O5)COS(=O)(=O)O)O)O)NS(=O)(=O)O)O)O)OS(=O)(=O)O)NS(=O)(=O)O)O)OS(=O)(=O)O)O)NS(=O)(=O)O
DB00570,CCC1(CC2CC(C3=C(CCN(C2)C1)C4=CC=CC=C4N3)(C5=C(C=C6C(=C5)C78CCN9C7C(C=CC9)(C(C(C8N6C)(C(=O)OC)O)OC(=O)C)CC)OC)C(=O)OC)O
DB00571,CC(C)NCC(COC1=CC=CC2=CC=CC=C21)O
DB00572,CN1C2CCC1CC(C2)OC(=O)C(CO)C3=CC=CC=C3
DB00573,CC(C1=CC(=CC=C1)OC2=CC=CC=C2)C(=O)O
DB00574,CCNC(C)CC1=CC(=CC=C1)C(F)(F)F
DB00575,C1CN=C(N1)NC2=C(C=CC=C2Cl)Cl
DB00576,CC1=NN=C(S1)NS(=O)(=O)C2=CC=C(C=C2)N
DB00577,CC(C)C(C(=O)OCCOCN1C=NC2=C1N=C(NC2=O)N)N
DB00578,CC1(C(N2C(S1)C(C2=O)NC(=O)C(C3=CC=CC=C3)C(=O)O)C(=O)O)C
DB00579,C1CN2C(=N1)C3=CC=CC=C3C2(C4=CC=C(C=C4)Cl)O
DB00580,CC1=C(C(=NO1)C2=CC=CC=C2)C3=CC=C(C=C3)S(=O)(=O)N
DB00581,C(C1C(C(C(C(O1)OC2C(OC(C2O)(CO)O)CO)O)O)O)O
DB00582,CC(C1=NC=NC=C1F)C(CN2C=NC=N2)(C3=C(C=C(C=C3)F)F)O
DB00583,C[N+](C)(C)CC(CC(=O)[O-])O
DB00584,CCOC(=O)C(CCC1=CC=CC=C1)NC(C)C(=O)N2CCCC2C(=O)O
DB00585,CNC(=C[N+](=O)[O-])NCCSCC1=CSC(=N1)CN(C)C
DB00586,C1=CC=C(C(=C1)CC(=O)O)NC2=C(C=CC=C2Cl)Cl
DB00590,COC1=C(C=C2C(=C1)C(=NC(=N2)N3CCN(CC3)C(=O)C4COC5=CC=CC=C5O4)N)OC
DB00592,C1CNCCN1
DB00593,CCC1(CC(=O)NC1=O)C
DB00594,C1(=C(N=C(C(=N1)Cl)N)N)C(=O)N=C(N)N
DB00595,CC1(C2C(C3C(C(=O)C(=C(C3(C(=O)C2=C(C4=C1C=CC=C4O)O)O)O)C(=O)N)N(C)C)O)O
DB00596,C[C@H]1C[C@H]2[C@@H]3C[C@@H](C4=CC(=O)C=C[C@@]4([C@]3([C@H](C[C@@]2([C@]1(C(=O)CCl)O)C)O)F)C)F
DB00597,CC(CN1CCN(CCN(CCN(CC1)CC(=O)[O-])CC(=O)[O-])CC(=O)[O-])O.[Gd+3]
DB00598,CC(CCC1=CC=CC=C1)NCC(C2=CC(=C(C=C2)O)C(=O)N)O
DB00599,CCCC(C)C1(C(=O)NC(=S)NC1=O)CC
DB00601,CC(=O)NCC1CN(C(=O)O1)C2=CC(=C(C=C2)N3CCOCC3)F
DB00602,CCC(C)C1C(CCC2(O1)CC3CC(O2)CC=C(C(C(C=CC=C4COC5C4(C(C=C(C5O)C)C(=O)O3)O)C)OC6CC(C(C(O6)C)OC7CC(C(C(O7)C)O)OC)OC)C)C
DB00603,C[C@H]1C[C@@H]2[C@H](CC[C@]3([C@H]2CC[C@@]3(C(=O)C)OC(=O)C)C)[C@@]4(C1=CC(=O)CC4)C
DB00604,COC1CN(CCC1NC(=O)C2=CC(=C(C=C2OC)N)Cl)CCCOC3=CC=C(C=C3)F
DB00605,CC1=C(C2=C(C1=CC3=CC=C(C=C3)S(=O)C)C=CC(=C2)F)CC(=O)O
DB00607,CCOC1=C(C2=CC=CC=C2C=C1)C(=O)NC3C4N(C3=O)C(C(S4)(C)C)C(=O)O
DB00608,CCN(CC)CCCC(C)NC1=C2C=CC(=CC2=NC=C1)Cl
DB00609,CCC1=NC=CC(=C1)C(=S)N
DB00610,CC(C(C1=CC(=CC=C1)O)O)N
DB00611,C1CCC2(C3CC4=C(C2(C1)CCN3CC5CCC5)C=C(C=C4)O)O
DB00612,CC(C)NCC(COC1=CC=C(C=C1)COCCOC(C)C)O
DB00615,CC1C=CC=C(C(=O)N=C2C(=C3C(=C4C2=NC5(N4)CCN(CC5)CC(C)C)C6=C(C(=C3O)C)OC(C6=O)(OC=CC(C(C(C(C(C(C1O)C)O)C)OC(=O)C)C)OC)C)O)C
DB00617,CCC1(C(=O)N(C(=O)O1)C)C
DB00618,CN(C)C1C2CC3C(C4=C(C=CC(=C4C(=C3C(=O)C2(C(=C(C1=O)C(=O)N)O)O)O)O)Cl)O
DB00619,CC1=C(C=C(C=C1)NC(=O)C2=CC=C(C=C2)CN3CCN(CC3)C)NC4=NC=CC(=N4)C5=CN=CC=C5
DB00620,CC12CC(C3(C(C1CC(C2(C(=O)CO)O)O)CCC4=CC(=O)C=CC43C)F)O
DB00621,CC12CCC3C(C1CCC2(C)O)CCC4C3(COC(=O)C4)C
DB00622,CC1=C(C(C(=C(N1)C)C(=O)OCCN(C)CC2=CC=CC=C2)C3=CC(=CC=C3)[N+](=O)[O-])C(=O)OC
DB00623,C1CN(CCN1CCCN2C3=CC=CC=C3SC4=C2C=C(C=C4)C(F)(F)F)CCO
DB00624,CC12CCC3C(C1CCC2O)CCC4=CC(=O)CCC34C
DB00625,C1CC1C#CC2(C3=C(C=CC(=C3)Cl)NC(=O)O2)C(F)(F)F
DB00626,CCC(C)C1C(=O)NC(C(=O)NC(C(=O)NC(C(=O)NC(C(=O)NCCCCC(C(=O)NC(C(=O)N1)CCCN)NC(=O)C(C(C)CC)NC(=O)C(CCC(=O)O)NC(=O)C(CC(C)C)NC(=O)C2CSC(=N2)C(C(C)CC)N)CC(=O)N)CC(=O)O)CC3=CN=CN3)CC4=CC=CC=C4
DB00627,C1=CC(=CN=C1)C(=O)O
DB00628,C1=CC=C(C=C1)C2=NC(C(=O)NC3=C2C=C(C=C3)Cl)C(=O)O
DB00629,C1=CC(=C(C(=C1)Cl)C=NN=C(N)N)Cl
DB00630,C(CC(O)(P(=O)(O)O)P(=O)(O)O)CN
DB00631,C1=NC2=C(N=C(N=C2N1C3C(C(C(O3)CO)O)F)Cl)N
DB00633,CC1=C(C(=CC=C1)C(C)C2=CN=CN2)C
DB00634,CC(=O)NS(=O)(=O)C1=CC=C(C=C1)N
DB00635,CC12CC(=O)C3C(C1CCC2(C(=O)CO)O)CCC4=CC(=O)C=CC34C
DB00636,CCOC(=O)C(C)(C)OC1=CC=C(C=C1)Cl
DB00637,COC1=CC=C(C=C1)CCN2CCC(CC2)NC3=NC4=CC=CC=C4N3CC5=CC=C(C=C5)F
DB00638,C(C1C(C(C(C(O1)OC2(C(C(C(O2)CO)O)O)COC3(C(C(C(O3)CO)O)O)COC4(C(C(C(O4)CO)O)O)COC5(C(C(C(O5)CO)O)O)COC6(C(C(C(O6)CO)O)O)COC7(C(C(C(O7)CO)O)O)COC8(C(C(C(O8)CO)O)O)COC9(C(C(C(O9)CO)O)O)COC1(C(C(C(O1)CO)O)O)COC1(C(C(C(O1)CO)O)O)COC1(C(C(C(O1)CO)O)O)COC1(C(C(C(O1)CO)O)O)COC1(C(C(C(O1)CO)O)O)COC1(C(C(C(O1)CO)O)O)COC1(C(C(C(O1)CO)O)O)COC1(C(C(C(O1)CO)O)O)COC1(C(C(C(O1)CO)O)O)COC1(C(C(C(O1)CO)O)O)COC1(C(C(C(O1)CO)O)O)COC1(C(C(C(O1)CO)O)O)COC1(C(C(C(O1)CO)O)O)COC1(C(C(C(O1)CO)O)O)COC1(C(C(C(O1)CO)O)O)COC1(C(C(C(O1)CO)O)O)COC1(C(C(C(O1)CO)O)O)COC1(C(C(C(O1)CO)O)O)COC1(C(C(C(O1)CO)O)O)COC1(C(C(C(O1)CO)O)O)COC1(C(C(C(O1)CO)O)O)COC1(C(C(C(O1)CO)O)O)COC1(C(C(C(O1)CO)O)O)COC1(C(C(C(O1)CO)O)O)COC1(C(C(C(O1)CO)O)O)COC1(C(C(C(O1)CO)O)O)COC1(C(C(C(O1)CO)O)O)COC1(C(C(C(O1)CO)O)O)COC1(C(C(C(O1)CO)O)O)CO)O)O)O)O
DB00640,C1=NC(=C2C(=N1)N(C=N2)C3C(C(C(O3)CO)O)O)N
DB00641,CCC(C)(C)C(=O)OC1CC(C=C2C1C(C(C=C2)C)CCC3CC(CC(=O)O3)O)C
DB00642,C1=CC(=CC=C1CCC2=CNC3=C2C(=O)NC(=N3)N)C(=O)NC(CCC(=O)O)C(=O)O
DB00643,COC(=O)NC1=NC2=C(N1)C=C(C=C2)C(=O)C3=CC=CC=C3
DB00644,CC(C)CC(C(=O)NC(CCCN=C(N)N)C(=O)N1CCCC1C(=O)NCC(=O)N)NC(=O)CNC(=O)C(CC2=CC=C(C=C2)O)NC(=O)C(CO)NC(=O)C(CC3=CNC4=CC=CC=C43)NC(=O)C(CC5=CN=CN5)NC(=O)C6CCC(=O)N6
DB00647,CCC(=O)OC(CC1=CC=CC=C1)(C2=CC=CC=C2)C(C)CN(C)C
DB00648,C1=CC=C(C(=C1)C(C2=CC=C(C=C2)Cl)C(Cl)Cl)Cl
DB00649,CC1=CN(C(=O)NC1=O)C2C=CC(O2)CO
DB00650,C1C(N(C2=C(N1)N=C(NC2=O)N)C=O)CNC3=CC=C(C=C3)C(=O)NC(CCC(=O)O)C(=O)O
DB00651,CN1C2=C(C(=O)N(C1=O)C)N(C=N2)CC(CO)O
DB00652,CC1C2CC3=C(C1(CCN2CC=C(C)C)C)C=C(C=C3)O
DB00653,[O-]S(=O)(=O)[O-].[Mg+2]
DB00654,CC(C)OC(=O)CCCC=CCC1C(CC(C1CCC(CCC2=CC=CC=C2)O)O)O
DB00655,CC12CCC3C(C1CCC2=O)CCC4=C3C=CC(=C4)O
DB00656,C1CN(CCN1CCCN2C(=O)N3C=CC=CC3=N2)C4=CC(=CC=C4)Cl
DB00657,CC1(C2CCC(C2)C1(C)NC)C
DB00658,C=CCN.C1C(O1)CCl
DB00660,CC1=CC(=CC(=C1)OCC2CNC(=O)O2)C
DB00661,CC(C)C(CCCN(C)CCC1=CC(=C(C=C1)OC)OC)(C#N)C2=CC(=C(C=C2)OC)OC
DB00662,CN(C)CCOC1=CC=C(C=C1)CNC(=O)C2=CC(=C(C(=C2)OC)OC)OC
DB00665,CC1(C(=O)N(C(=O)N1)C2=CC(=C(C=C2)[N+](=O)[O-])C(F)(F)F)C
DB00668,CNCC(C1=CC(=C(C=C1)O)O)O
DB00669,CNS(=O)(=O)CC1=CC2=C(C=C1)NC=C2CCN(C)C
DB00671,C=CC1=C(N2C(C(C2=O)NC(=O)C(=NOCC(=O)O)C3=CSC(=N3)N)SC1)C(=O)O
DB00672,CCCNC(=O)NS(=O)(=O)C1=CC=C(C=C1)Cl
DB00673,CC(C1=CC(=CC(=C1)C(F)(F)F)C(F)(F)F)OC2C(N(CCO2)CC3=NNC(=O)N3)C4=CC=C(C=C4)F
DB00674,CN1CCC23C=CC(CC2OC4=C(C=CC(=C34)C1)OC)O
DB00675,CCC(=C(C1=CC=CC=C1)C2=CC=C(C=C2)OCCN(C)C)C3=CC=CC=C3
DB00677,CC(C)OP(=O)(OC(C)C)F
DB00678,CCCCC1=NC(=C(N1CC2=CC=C(C=C2)C3=CC=CC=C3C4=NNN=N4)CO)Cl
DB00679,CN1CCCCC1CCN2C3=CC=CC=C3SC4=C2C=C(C=C4)SC
DB00680,CCOC(=O)NC1=CC2=C(C=C1)SC3=CC=CC=C3N2C(=O)CCN4CCOCC4
DB00681,CC1C=CC=CC=CC=CC=CC=CC=CC(CC2C(C(CC(O2)(CC(CC(C(CCC(CC(CC(=O)OC(C(C1O)C)C)O)O)O)O)O)O)O)C(=O)O)OC3C(C(C(C(O3)C)O)N)O
DB00682,CC(=O)CC(C1=CC=CC=C1)C2=C(C3=CC=CC=C3OC2=O)O
DB00683,CC1=NC=C2N1C3=C(C=C(C=C3)Cl)C(=NC2)C4=CC=CC=C4F
DB00684,C1C(C(C(C(C1N)OC2C(C(C(C(O2)CO)O)N)O)O)OC3C(CC(C(O3)CN)O)N)N
DB00685,C1C2C(C2N)CN1C3=C(C=C4C(=O)C(=CN(C4=N3)C5=C(C=C(C=C5)F)F)C(=O)O)F
DB00686,C1C(C(C(C(O1)OC2COC(C(C2OS(=O)(=O)O)OS(=O)(=O)O)O)OS(=O)(=O)O)OS(=O)(=O)O)O
DB00687,CC12CCC(=O)C=C1CCC3C2(C(CC4(C3CCC4(C(=O)CO)O)C)O)F
DB00688,CC1=C2COC(=O)C2=C(C(=C1OC)CC=C(C)CCC(=O)OCCN3CCOCC3)O
DB00690,CCN(CC)CCN1C(=O)CN=C(C2=C1C=CC(=C2)Cl)C3=CC=CC=C3F
DB00691,CCOC(=O)C(CCC1=CC=CC=C1)NC(C)C(=O)N2CC3=CC(=C(C=C3CC2C(=O)O)OC)OC
DB00692,CC1=CC=C(C=C1)N(CC2=NCCN2)C3=CC(=CC=C3)O
DB00693,C1=CC=C2C(=C1)C(=O)OC23C4=C(C=C(C=C4)O)OC5=C3C=CC(=C5)O
DB00694,CC1C(C(CC(O1)OC2CC(CC3=C2C(=C4C(=C3O)C(=O)C5=C(C4=O)C(=CC=C5)OC)O)(C(=O)C)O)N)O
DB00695,C1=COC(=C1)CNC2=CC(=C(C=C2C(=O)O)S(=O)(=O)N)Cl
DB00696,CC1(C(=O)N2C(C(=O)N3CCCC3C2(O1)O)CC4=CC=CC=C4)NC(=O)C5CN(C6CC7=CNC8=CC=CC(=C78)C6=C5)C
DB00697,C1CN=C(N1)NC2=C(C=CC3=NSN=C32)Cl
DB00698,C1C(=O)NC(=O)N1N=CC2=CC=C(O2)[N+](=O)[O-]
DB00700,CC12CCC(=O)C=C1CC(C3C24C(O4)CC5(C3CCC56CCC(=O)O6)C)C(=O)OC
DB00701,CC(C)CN(CC(C(CC1=CC=CC=C1)NC(=O)OC2CCOC2)O)S(=O)(=O)C3=CC=C(C=C3)N
DB00703,CC(=O)N=C1N(N=C(S1)S(=O)(=O)N)C
DB00704,C1CC1CN2CCC34C5C(=O)CCC3(C2CC6=C4C(=C(C=C6)O)O5)O
DB00705,CC(C)NC1=C(N=CC=C1)N2CCN(CC2)C(=O)C3=CC4=C(N3)C=CC(=C4)NS(=O)(=O)C
DB00706,CCOC1=CC=CC=C1OCCNC(C)CC2=CC(=C(C=C2)OC)S(=O)(=O)N
DB00707,CC1=C(C2=CC3=NC(=CC4=NC(=CC5=C(C(=C(N5)C=C1N2)C(C)O)C)C(=C4C)C(C)OC(C)C6=C(C7=CC8=C(C(=C(N8)C=C9C(=C(C(=N9)C=C1C(=C(C(=N1)C=C6N7)C)CCC(=O)O)CCC(=O)O)C)C)C(C)O)C)C(=C3CCC(=O)O)C)CCC(=O)O
DB00708,CCC(=O)N(C1=CC=CC=C1)C2(CCN(CC2)CCC3=CC=CS3)COC
DB00709,C1C(OC(S1)CO)N2C=CC(=NC2=O)N
DB00710,CCCCCN(C)CCC(O)(P(=O)(O)O)P(=O)(O)O
DB00712,CC(C1=CC(=C(C=C1)C2=CC=CC=C2)F)C(=O)O
DB00713,CC1=C(C(=NO1)C2=CC=CC=C2)C(=O)NC3C4N(C3=O)C(C(S4)(C)C)C(=O)O
DB00714,CN1CCC2=C3C1CC4=C(C3=CC=C2)C(=C(C=C4)O)O
DB00715,C1CNCC(C1C2=CC=C(C=C2)F)COC3=CC4=C(C=C3)OCO4
DB00716,CCCC1=C2C(=CC3=C1OC(=CC3=O)C(=O)O)C(=O)C=C(N2CC)C(=O)O
DB00717,CC12CCC3C(C1CCC2(C#C)O)CCC4=CC(=O)CCC34
DB00719,CN1CCC(=C2C3=CC=CC=C3CCC4=C2N=CC=C4)CC1
DB00721,CCN(CC)CCOC(=O)C1=CC=C(C=C1)N
DB00722,C1CC(N(C1)C(=O)C(CCCCN)NC(CCC2=CC=CC=C2)C(=O)O)C(=O)O
DB00723,CC(C(C1=C(C=CC(=C1)OC)OC)O)N
DB00724,CC(C)CN1C=NC2=C1C3=CC=CC=C3N=C2N
DB00726,CC(CN1C2=CC=CC=C2CCC3=CC=CC=C31)CN(C)C
DB00727,C(C(CO[N+](=O)[O-])O[N+](=O)[O-])O[N+](=O)[O-]
DB00728,CC(=O)OC1C(CC2C1(CCC3C2CCC4C3(CC(C(C4)O)N5CCOCC5)C)C)[N+]6(CCCC6)CC=C
DB00730,C1=CC=C2C(=C1)NC(=N2)C3=CSC=N3
DB00731,CC(C)C1CCC(CC1)C(=O)NC(CC2=CC=CC=C2)C(=O)O
DB00733,C[N+]1=CC=CC=C1/C=N/O
DB00734,CC1=C(C(=O)N2CCCCC2=N1)CCN3CCC(CC3)C4=NOC5=C4C=CC(=C5)F
DB00736,CC1=CN=C(C(=C1OC)C)CS(=O)C2=NC3=C(N2)C=C(C=C3)OC
DB00737,CC1=CC(=CC=C1)CN2CCN(CC2)C(C3=CC=CC=C3)C4=CC=C(C=C4)Cl
DB00738,C1=CC(=CC=C1C(=N)N)OCCCCCOC2=CC=C(C=C2)C(=N)N
DB00740,C1=CC2=C(C=C1OC(F)(F)F)SC(=N2)N
DB00741,CC12CCC(=O)C=C1CCC3C2C(CC4(C3CCC4(C(=O)CO)O)C)O
DB00742,C(C(C(C(C(CO)O)O)O)O)O
DB00743,C1=CC=C(C=C1)COCC(C(=O)[O-])N(CCN(CCN(CC(=O)[O-])CC(=O)[O-])CC(=O)O)CC(=O)O.[Gd+3]
DB00744,CC(C1=CC2=CC=CC=C2S1)N(C(=O)N)O
DB00745,C1=CC=C(C=C1)C(C2=CC=CC=C2)S(=O)CC(=O)N
DB00746,CC(=O)N(CCCCCNC(=O)CCC(=O)N(CCCCCNC(=O)CCC(=O)N(CCCCCN)O)O)O
DB00747,CN1C2CC(CC1C3C2O3)OC(=O)C(CO)C4=CC=CC=C4
DB00748,CN(C)CCOC(C1=CC=C(C=C1)Cl)C2=CC=CC=N2
DB00749,CCC1=C2C(=CC=C1)C3=C(N2)C(OCC3)(CC)CC(=O)O
DB00750,CCCNC(C)C(=O)NC1=CC=CC=C1C
DB00752,C1C(C1N)C2=CC=CC=C2
DB00753,C(C(F)(F)F)(OC(F)F)Cl
DB00754,CCN1C(=O)C(NC1=O)C2=CC=CC=C2
DB00755,CC1=C(C(CCC1)(C)C)C=CC(=CC=CC(=CC(=O)O)C)C
DB00756,C1=C(C(=C(C(=C1Cl)Cl)CC2=C(C(=CC(=C2Cl)Cl)Cl)O)O)Cl
DB00757,C1C2CC3CC(CC1N3CC2=O)OC(=O)C4=CNC5=CC=CC=C54
DB00758,COC(=O)C(C1=CC=CC=C1Cl)N2CCC3=C(C2)C=CS3
DB00759,CC1(C2CC3C(C(=O)C(=C(C3(C(=O)C2=C(C4=C1C=CC=C4O)O)O)O)C(=O)N)N(C)C)O
DB00760,CC1C2C(C(=O)N2C(=C1SC3CC(NC3)C(=O)N(C)C)C(=O)O)C(C)O
DB00761,[Cl-].[K+]
DB00762,CCC1=C2CN3C(=CC4=C(C3=O)COC(=O)C4(CC)O)C2=NC5=C1C=C(C=C5)OC(=O)N6CCC(CC6)N7CCCCC7
DB00763,CN1C=CNC1=S
DB00765,CC(CC1=CC=C(C=C1)O)(C(=O)O)N
DB00766,C1C2N(C1=O)C(C(=CCO)O2)C(=O)O
DB00768,CN(C)CCC=C1C2=CC=CC=C2COC3=C1C=C(C=C3)CC(=O)O
DB00770,CCCCCC(C=CC1C(CC(=O)C1CCCCCCC(=O)O)O)O
DB00771,C[N+]12CCC(CC1)C(C2)OC(=O)C(C3=CC=CC=C3)(C4=CC=CC=C4)O
DB00773,CC1OCC2C(O1)C(C(C(O2)OC3C4COC(=O)C4C(C5=CC6=C(C=C35)OCO6)C7=CC(=C(C(=C7)OC)O)OC)O)O
DB00774,C1NC2=C(C=C(C(=C2)C(F)(F)F)S(=O)(=O)N)S(=O)(=O)N1
DB00775,CCCCS(=O)(=O)NC(CC1=CC=C(C=C1)OCCCCC2CCNCC2)C(=O)O
DB00776,C1C2=CC=CC=C2N(C3=CC=CC=C3C1=O)C(=O)N
DB00777,CCC(=O)C1=CC2=C(C=C1)SC3=CC=CC=C3N2CC(C)N(C)C
DB00779,CCN1C=C(C(=O)C2=C1N=C(C=C2)C)C(=O)O
DB00780,C1=CC=C(C=C1)CCNN
DB00781,CCC(C)CCCCC(=O)N[C@@H](CCN)C(=O)N[C@@H]([C@@H](C)O)C(=O)N[C@@H](CCN)C(=O)N[C@H]1CCNC(=O)[C@@H](NC(=O)[C@@H](NC(=O)[C@@H](NC(=O)[C@@H](NC(=O)[C@H](NC(=O)[C@H](NC1=O)CCN)CC2=CC=CC=C2)CC(C)C)CCN)CCN)[C@@H](C)O
DB00782,CC(C)[N+](C)(CCOC(=O)C1C2=CC=CC=C2OC3=CC=CC=C13)C(C)C
DB00783,CC12CCC3C(C1CCC2O)CCC4=C3C=CC(=C4)O
DB00784,CC1=C(C(=CC=C1)NC2=CC=CC=C2C(=O)O)C
DB00787,C1=NC2=C(N1COCCO)N=C(NC2=O)N
DB00788,CC(C1=CC2=C(C=C1)C=C(C=C2)OC)C(=O)O
DB00789,C(CN(CC(=O)O)CC(=O)[O-])N(CCN(CC(=O)O)CC(=O)[O-])CC(=O)[O-].[Gd+3]
DB00790,CCCC(C(=O)OCC)NC(C)C(=O)N1C2CCCCC2CC1C(=O)O
DB00791,C1=C(C(=O)NC(=O)N1)N(CCCl)CCCl
DB00792,CN(C)CCN(CC1=CC=CC=C1)C2=CC=CC=N2
DB00794,CCC1(C(=O)NCNC1=O)C2=CC=CC=C2
DB00795,C1=CC=NC(=C1)NS(=O)(=O)C2=CC=C(C=C2)N=NC3=CC(=C(C=C3)O)C(=O)O
DB00797,C1CN=C(N1)CC2=CC=CC=C2
DB00798,CC(C1CCC(C(O1)OC2C(CC(C(C2O)OC3C(C(C(CO3)(C)O)NC)O)N)N)N)NC
DB00799,CCOC(=O)C1=CN=C(C=C1)C#CC2=CC3=C(C=C2)SCCC3(C)C
DB00800,C1CNCC(C2=CC(=C(C(=C21)Cl)O)O)C3=CC=C(C=C3)O
DB00801,C1C(=O)N(C2=C(C=C(C=C2)Cl)C(=N1)C3=CC=CC=C3)CC(F)(F)F
DB00802,CCC(=O)N(C1=CC=CC=C1)C2(CCN(CC2)CCN3C(=O)N(N=N3)CC)COC
DB00804,CCN(CC)CCOC(=O)C1(CCCCC1)C2CCCCC2
DB00806,CC(=O)CCCCN1C(=O)C2=C(N=CN2C)N(C1=O)C
DB00807,CCCOC1=C(C=C(C=C1)C(=O)OCCN(CC)CC)N
DB00808,CC1CC2=CC=CC=C2N1NC(=O)C3=CC(=C(C=C3)Cl)S(=O)(=O)N
DB00809,CCN(CC1=CC=NC=C1)C(=O)C(CO)C2=CC=CC=C2
DB00810,C1CCN(CC1)CCC(C2CC3CC2C=C3)(C4=CC=CC=C4)O
DB00811,C1=NC(=NN1C2C(C(C(O2)CO)O)O)C(=O)N
DB00812,CCCCC1C(=O)N(N(C1=O)C2=CC=CC=C2)C3=CC=CC=C3
DB00813,CCC(=O)N(C1CCN(CC1)CCC2=CC=CC=C2)C3=CC=CC=C3
DB00814,CC1=CN=C(S1)NC(=O)C2=C(C3=CC=CC=C3S(=O)(=O)N2C)O
DB00816,CC(C)NCC(C1=CC(=CC(=C1)O)O)O
DB00818,CC(C)C1=C(C(=CC=C1)C(C)C)O
DB00819,CC(=O)NC1=NN=C(S1)S(=O)(=O)N
DB00820,CN1CC(=O)N2C(C1=O)CC3=C(C2C4=CC5=C(C=C4)OCO5)NC6=CC=CC=C36
DB00822,CCN(CC)C(=S)SSC(=S)N(CC)CC
DB00827,CCN1C2=CC3=C(C=C2C(=O)C(=N1)C(=O)O)OCO3
DB00829,CN1C(=O)CN=C(C2=C1C=CC(=C2)Cl)C3=CC=CC=C3
DB00831,CN1CCN(CC1)CCCN2C3=CC=CC=C3SC4=C2C=C(C=C4)C(F)(F)F
DB00832,CN1C(=O)CC(C1=O)C2=CC=CC=C2
DB00833,C1C(=C(N2C(S1)C(C2=O)NC(=O)C(C3=CC=CC=C3)N)C(=O)O)Cl
DB00834,CC#CC1(CCC2C1(CC(C3=C4CCC(=O)C=C4CCC23)C5=CC=C(C=C5)N(C)C)C)O
DB00835,CN(C)CCC(C1=CC=C(C=C1)Br)C2=CC=CC=N2
DB00836,CN(C)C(=O)C(CCN1CCC(CC1)(C2=CC=C(C=C2)Cl)O)(C3=CC=CC=C3)C4=CC=CC=C4
DB00838,CC1CC2C3CC(C4=CC(=O)C=CC4(C3(C(CC2(C1C(=O)CO)C)O)Cl)C)F
DB00839,CC1=CC=C(C=C1)S(=O)(=O)NC(=O)NN2CCCCCC2
DB00841,CC(CCC1=CC=C(C=C1)O)NCCC2=CC(=C(C=C2)O)O
DB00842,C1=CC=C(C=C1)C2=NC(C(=O)NC3=C2C=C(C=C3)Cl)O
DB00843,COC1=C(C=C2C(=C1)CC(C2=O)CC3CCN(CC3)CC4=CC=CC=C4)OC
DB00844,C1CC(C1)CN2CCC34C5C(CCC3(C2CC6=C4C(=C(C=C6)O)O5)O)O
DB00845,CC(C)N=C1C=C2C(=NC3=CC=CC=C3N2C4=CC=C(C=C4)Cl)C=C1NC5=CC=C(C=C5)Cl
DB00846,CC1(OC2CC3C4CC(C5=CC(=O)CCC5(C4C(CC3(C2(O1)C(=O)CO)C)O)C)F)C
DB00848,C1CSC2=NC(CN21)C3=CC=CC=C3
DB00849,CCC1(C(=O)NC(=O)N(C1=O)C)C2=CC=CC=C2
DB00850,C1CN(CCN1CCCN2C3=CC=CC=C3SC4=C2C=C(C=C4)Cl)CCO
DB00851,CN(C)N=NC1=C(NC=N1)C(=O)N
DB00852,CC(C(C1=CC=CC=C1)O)NC
DB00853,CN1C(=O)N2C=NC(=C2N=N1)C(=O)N
DB00854,CN1CCC23CCCCC2C1CC4=C3C=C(C=C4)O
DB00855,C(CC(=O)O)C(=O)CN
DB00856,C1=CC(=CC=C1OCC(CO)O)Cl
DB00857,CC(C)(C)C#CC=CCN(C)CC1=CC=CC2=CC=CC=C21
DB00859,CC(C)(C(C(=O)O)N)S
DB00860,CC12CC(C3C(C1CCC2(C(=O)CO)O)CCC4=CC(=O)C=CC34C)O
DB00861,C1=CC(=C(C=C1C2=C(C=C(C=C2)F)F)C(=O)O)O
DB00862,CCCC1=NC(=C2N1N=C(NC2=O)C3=C(C=CC(=C3)S(=O)(=O)N4CCN(CC4)CC)OCC)C
DB00863,CNC(=C[N+](=O)[O-])NCCSCC1=CC=C(O1)CN(C)C
DB00864,CC1CC(C2C(CC(C(O2)(C(=O)C(=O)N3CCCCC3C(=O)OC(C(C(CC(=O)C(C=C(C1)C)CC=C)O)C)C(=CC4CCC(C(C4)OC)O)C)O)C)OC)OC
DB00865,CC(CC1=CC=CC=C1)N(C)CC2=CC=CC=C2
DB00867,CC(C(C1=CC=C(C=C1)O)O)NCCC2=CC=C(C=C2)O
DB00868,CCCCNC1=CC=C(C=C1)C(=O)OCCOCCOCCOCCOCCOCCOCCOCCOCCOC
DB00869,CCNC1CC(S(=O)(=O)C2=C1C=C(S2)S(=O)(=O)N)C
DB00870,CC(C1=CC=C(C=C1)C(=O)C2=CC=CS2)C(=O)O
DB00871,CC(C)(C)NCC(C1=CC(=CC(=C1)O)O)O
DB00872,CC1=NC2=C(N1)CCN(C3=CC=CC=C32)C(=O)C4=CC=C(C=C4)NC(=O)C5=CC=CC=C5C6=CC=CC=C6
DB00873,C[C@]12C[C@@H]([C@H]3[C@H]([C@@H]1CC[C@@]2(C(=O)OCCl)O)CCC4=CC(=O)C=C[C@]34C)O
DB00876,CCCCC1=NC=C(N1CC2=CC=C(C=C2)C(=O)O)C=C(CC3=CC=CS3)C(=O)O
DB00877,CC1CCC2CC(C(=CC=CC=CC(CC(C(=O)C(C(C(=CC(C(=O)CC(OC(=O)C3CCCCN3C(=O)C(=O)C1(O2)O)C(C)CC4CCC(C(C4)OC)O)C)C)O)OC)C)C)C)OC
DB00879,C1C(OC(S1)CO)N2C=C(C(=NC2=O)N)F
DB00880,C1=C2C(=CC(=C1Cl)S(=O)(=O)N)S(=O)(=O)N=CN2
DB00881,CCOC(=O)C(CCC1=CC=CC=C1)NC(C)C(=O)N2CC3=CC=CC=C3CC2C(=O)O
DB00882,CCN(CC)CCOC1=CC=C(C=C1)C(=C(C2=CC=CC=C2)Cl)C3=CC=CC=C3
DB00883,C1C(C2C(O1)C(CO2)O[N+](=O)[O-])O[N+](=O)[O-]
DB00884,C1=CC(=CN=C1)CC(O)(P(=O)(O)O)P(=O)(O)O
DB00887,CCCCNC1=C(C(=CC(=C1)C(=O)O)S(=O)(=O)N)OC2=CC=CC=C2
DB00888,CN(CCCl)CCCl
DB00889,CN1C2CCCC1CC(C2)NC(=O)C3=NN(C4=CC=CC=C43)C
DB00890,CC=C(C1=CC=C(C=C1)O)C(=CC)C2=CC=C(C=C2)O
DB00892,CCCCOC1=C(C=CC(=C1)C(=O)OCCN(CC)CC)N
DB00893,OS(=O)(=O)O.[Fe]
DB00894,CC12CCC3C(C1CCC(=O)O2)CCC4=CC(=O)C=CC34C
DB00897,CC1=NN=C2N1C3=C(C=C(C=C3)Cl)C(=NC2)C4=CC=CC=C4Cl
DB00898,CCO
DB00899,CCC(=O)N(C1=CC=CC=C1)C2(CCN(CC2)CCC(=O)OC)C(=O)OC
DB00900,C1CC(OC1CO)N2C=NC3=C2N=CNC3=O
DB00902,CN1CCC(C1)CN2C3=CC=CC=C3SC4=CC=CC=C42
DB00903,CCC(=C)C(=O)C1=C(C(=C(C=C1)OCC(=O)O)Cl)Cl
DB00904,CC1=NC=CN1CC2CCC3=C(C2=O)C4=CC=CC=C4N3C
DB00905,CCNC(=O)CCCC=CCC1C(CC(C1C=CC(CCC2=CC=CC=C2)O)O)O
DB00906,CC1=C(SC=C1)C(=CCCN2CCCC(C2)C(=O)O)C3=C(C=CS3)C
DB00907,CN1C2CCC1C(C(C2)OC(=O)C3=CC=CC=C3)C(=O)OC
DB00908,COC1=CC2=C(C=CN=C2C=C1)[C@@H]([C@H]3C[C@@H]4CCN3C[C@@H]4C=C)O
DB00909,C1=CC=C2C(=C1)C(=NO2)CS(=O)(=O)N
DB00910,CC(C=CC(C)C(C)(C)O)C1CCC2C1(CCCC2=CC=C3CC(CC(C3)O)O)C
DB00911,CCS(=O)(=O)CCN1C(=NC=C1[N+](=O)[O-])C
DB00912,CCOC1=C(C=CC(=C1)CC(=O)NC(CC(C)C)C2=CC=CC=C2N3CCCCC3)C(=O)O
DB00915,C1C2CC3CC1CC(C2)(C3)N
DB00916,CC1=NC=C(N1CCO)[N+](=O)[O-]
DB00917,CCCCCC(C=CC1C(CC(=O)C1CC=CCCCC(=O)O)O)O
DB00918,CN(C)CCC1=CNC2=C1C=C(C=C2)CS(=O)(=O)N3CCCC3
DB00919,CC1CC(=O)C2(C(O1)OC3C(C(C(C(C3O2)NC)O)NC)O)O
DB00921,CC(C)(C)C(C)(C1CC23CCC1(C4C25CCN(C3CC6=C5C(=C(C=C6)O)O4)CC7CC7)OC)O
DB00924,CN(C)CCC=C1C2=CC=CC=C2C=CC3=CC=CC=C31
DB00925,CC(COC1=CC=CC=C1)N(CCCl)CC2=CC=CC=C2
DB00927,C1=C(N=C(S1)N=C(N)N)CSCCC(=NS(=O)(=O)N)N
DB00928,C1=NC(=NC(=O)N1C2C(C(C(O2)CO)O)O)N
DB00929,CCCCC(C)(CC=CC1C(CC(=O)C1CCCCCCC(=O)OC)O)O
DB00930,CCCCCCCCCCNCC=C.C[N+](C)(C)CCCCCCNCC=C.C=CCN.C1C(O1)CCl.Cl.[Cl-]
DB00932,CCCC1(CC(=C(C(=O)O1)C(CC)C2=CC(=CC=C2)NS(=O)(=O)C3=NC=C(C=C3)C(F)(F)F)O)CCC4=CC=CC=C4
DB00933,CN1CCCCC1CCN2C3=CC=CC=C3SC4=C2C=C(C=C4)S(=O)C
DB00934,CNCCCC12CCC(C3=CC=CC=C31)C4=CC=CC=C24
DB00935,CC1=CC(=C(C(=C1CC2=NCCN2)C)O)C(C)(C)C
DB00936,C1=CC=C(C(=C1)C(=O)O)O
DB00937,CCN(CC)C(C)C(=O)C1=CC=CC=C1
DB00938,C1=CC=C(C=C1)CCCCOCCCCCCNCC(C2=CC(=C(C=C2)O)CO)O
DB00939,CC1=C(C(=C(C=C1)Cl)NC2=CC=CC=C2C(=O)O)Cl
DB00943,C1CC(OC1CO)N2C=CC(=NC2=O)N
DB00944,CN(CCCCCCCCCCN(C)C(=O)OC1=CC=CC(=C1)[N+](C)(C)C)C(=O)OC2=CC=CC(=C2)[N+](C)(C)C
DB00945,CC(=O)OC1=CC=CC=C1C(=O)O
DB00947,CC12CCC3C(C1CCC2O)C(CC4=C3C=CC(=C4)O)CCCCCCCCCS(=O)CCCC(C(F)(F)F)(F)F
DB00948,CC1(C(N2C(S1)C(C2=O)NC(=O)C(C3=CC=CC=C3)NC(=O)N4CCN(C4=O)S(=O)(=O)C)C(=O)O)C
DB00949,C1=CC=C(C=C1)C(COC(=O)N)COC(=O)N
DB00950,CC(C)(C1=CC=C(C=C1)C(CCCN2CCC(CC2)C(C3=CC=CC=C3)(C4=CC=CC=C4)O)O)C(=O)O
DB00951,C1=CN=CC=C1C(=O)NN
DB00952,CNS(=O)(=O)CCC1=CC2=C(C=C1)NC=C2C3CCN(CC3)C
DB00953,CN(C)CCC1=CNC2=C1C=C(C=C2)CN3C=NC=N3
DB00955,CCNC1CC(C(C(C1OC2C(C(C(CO2)(C)O)NC)O)O)OC3C(CC=C(O3)CN)N)N
DB00956,CN1CCC23C4C1CC5=C2C(=C(C=C5)OC)OC3C(=O)CC4
DB00957,CCC12CCC3C(C1CCC2(C#C)OC(=O)C)CCC4=CC(=NO)CCC34
DB00958,C1CC(C1)(C(=O)O)C(=O)O.[NH2-].[NH2-].[Pt+2]
DB00959,CC1CC2C3CCC(C3(CC(C2C4(C1=CC(=O)C=C4)C)O)C)(C(=O)CO)O
DB00960,CC(C)NCC(COC1=CC=CC2=C1C=CN2)O
DB00961,CC1=C(C(=CC=C1)C)NC(=O)C2CCCCN2C
DB00962,CCN(C1=CC=CC(=C1)C2=CC=NC3=C(C=NN23)C#N)C(=O)C
DB00963,C1=CC(=C(C(=C1)C(=O)C2=CC=C(C=C2)Br)N)CC(=O)O
DB00964,C1CN=C(N1)NC2=C(C=C(C=C2Cl)N)Cl
DB00966,CCCC1=NC2=C(N1CC3=CC=C(C=C3)C4=CC=CC=C4C(=O)O)C=C(C=C2C)C5=NC6=CC=CC=C6N5C
DB00967,C1CC2=C(C=CC(=C2)Cl)C(=C3CCNCC3)C4=C1C=CC=N4
DB00968,CC(CC1=CC(=C(C=C1)O)O)(C(=O)O)N
DB00969,CC1=C(N=CN1)CN2CCC3=C(C2=O)C4=CC=CC=C4N3C
DB00970,CC1C(C(=O)NC(C(=O)N2CCCC2C(=O)N(CC(=O)N(C(C(=O)O1)C(C)C)C)C)C(C)C)NC(=O)C3=C4C(=C(C=C3)C)OC5=C(C(=O)C(=C(C5=N4)C(=O)NC6C(OC(=O)C(N(C(=O)CN(C(=O)C7CCCN7C(=O)C(NC6=O)C(C)C)C)C)C(C)C)C)N)C
DB00972,CN1CCCC(CC1)N2C(=O)C3=CC=CC=C3C(=N2)CC4=CC=C(C=C4)Cl
DB00973,C1=CC(=CC=C1C2C(C(=O)N2C3=CC=C(C=C3)F)CCC(C4=CC=C(C=C4)F)O)O
DB00975,C1CCN(CC1)C2=NC(=NC3=C2N=C(N=C3N4CCCCC4)N(CCO)CCO)N(CCO)CCO
DB00976,CCC1C2(C(C(C(=O)C(CC(C(C(C(=O)C(C(=O)O1)C)C)OC3C(C(CC(O3)C)N(C)C)O)(C)OC)C)C)N(C(=O)O2)CCCCN4C=C(N=C4)C5=CN=CC=C5)C
DB00977,CC12CCC3C(C1CCC2(C#C)O)CCC4=C3C=CC(=C4)O
DB00978,CCN1C=C(C(=O)C2=CC(=C(C(=C21)F)N3CCNC(C3)C)F)C(=O)O
DB00979,CN(C)CCOC(=O)C(C1=CC=CC=C1)C2(CCCC2)O
DB00980,CCC(=O)NCCC1CCC2=C1C3=C(C=C2)OCC3
DB00981,CC12CCN(C1N(C3=C2C=C(C=C3)OC(=O)NC)C)C
DB00982,CC1=C(C(CCC1)(C)C)C=CC(=CC=CC(=CC(=O)O)C)C
DB00983,CC(CC1=CC=C(C=C1)OC)NCC(C2=CC(=C(C=C2)O)NC=O)O
DB00985,CN1C2=C(C(=O)N(C1=O)C)NC(=N2)Cl.CN(C)CCOC(C1=CC=CC=C1)C2=CC=CC=C2
DB00986,C[N+]1(CCC(C1)OC(=O)C(C2CCCC2)(C3=CC=CC=C3)O)C
DB00987,C1=CN(C(=O)N=C1N)C2C(C(C(O2)CO)O)O
DB00988,C1=CC(=C(C=C1CCN)O)O
DB00989,CCN(C)C(=O)OC1=CC=CC(=C1)C(C)N(C)C
DB00990,CC12CCC3C(C1CCC2=O)CC(=C)C4=CC(=O)C=CC34C
DB00991,C1=CC=C(C=C1)C2=C(OC(=N2)CCC(=O)O)C3=CC=CC=C3
DB00992,COC(=O)CCC(=O)CN
DB00993,CN1C=NC(=C1SC2=NC=NC3=C2NC=N3)[N+](=O)[O-]
DB00994,C1C(C(C(C(C1N)OC2C(C(C(C(O2)CN)O)O)N)OC3C(C(C(O3)CO)OC4C(C(C(C(O4)CN)O)O)N)O)O)N
DB00995,CCP(CC)CC.CC(=O)OCC1C(C(C(C(O1)[S-])OC(=O)C)OC(=O)C)OC(=O)C.[Au+]
DB00996,C1CCC(CC1)(CC(=O)O)CN
DB00997,CC1C(C(CC(O1)OC2CC(CC3=C2C(=C4C(=C3O)C(=O)C5=C(C4=O)C(=CC=C5)OC)O)(C(=O)CO)O)N)O
DB00998,CNC1CCC2=C(C1)C3=C(N2)C=CC(=C3)C(=O)N
DB00999,C1NC2=CC(=C(C=C2S(=O)(=O)N1)S(=O)(=O)N)Cl
DB01001,CC(C)(C)NCC(C1=CC(=C(C=C1)O)CO)O
DB01002,CCCCN1CCCCC1C(=O)NC2=C(C=CC=C2C)C
DB01003,C1=CC2=C(C(=C1)OCC(COC3=CC=CC4=C3C(=O)C=C(O4)C(=O)O)O)C(=O)C=C(O2)C(=O)O
DB01004,C1=NC2=C(N1COC(CO)CO)N=C(NC2=O)N
DB01005,C(=O)(N)NO
DB01006,C1=CC(=CC=C1C#N)C(C2=CC=C(C=C2)C#N)N3C=NC=N3
DB01008,CS(=O)(=O)OCCCCOS(=O)(=O)C
DB01009,CC(C1=CC(=CC=C1)C(=O)C2=CC=CC=C2)C(=O)O
DB01010,CC[N+](C)(C)C1=CC(=CC=C1)O
DB01011,CC(C)(C1=CN=CC=C1)C(=O)C2=CN=CC=C2
DB01012,CC(C1=CC=CC2=CC=CC=C21)NCCCC3=CC(=CC=C3)C(F)(F)F
DB01014,C1=CC(=CC=C1C(=O)NCCC(=O)O)N=NC2=CC(=C(C=C2)O)C(=O)O
DB01015,CC1=CC(=NO1)NS(=O)(=O)C2=CC=C(C=C2)N
DB01016,COC1=C(C=C(C=C1)Cl)C(=O)NCCC2=CC=C(C=C2)S(=O)(=O)NC(=O)NC3CCCCC3
DB01017,CN(C)C1C2CC3CC4=C(C=CC(=C4C(=C3C(=O)C2(C(=C(C1=O)C(=O)N)O)O)O)O)N(C)C
DB01018,C1=CC(=C(C(=C1)Cl)CC(=O)N=C(N)N)Cl
DB01019,CC(C[N+](C)(C)C)OC(=O)N
DB01020,C1C(C2C(O1)C(CO2)O[N+](=O)[O-])O
DB01021,C1=C2C(=CC(=C1Cl)S(=O)(=O)N)S(=O)(=O)NC(N2)C(Cl)Cl
DB01022,CC1=C(C(=O)C2=CC=CC=C2C1=O)CC=C(C)CCCC(C)CCCC(C)CCCC(C)C
DB01023,CCOC(=O)C1=C(NC(=C(C1C2=C(C(=CC=C2)Cl)Cl)C(=O)OC)C)C
DB01024,CC1=C2COC(=O)C2=C(C(=C1OC)CC=C(C)CCC(=O)O)O
DB01026,CC(=O)N1CCN(CC1)C2=CC=C(C=C2)OCC3COC(O3)(CN4C=CN=C4)C5=C(C=C(C=C5)Cl)Cl
DB01028,COC(C(Cl)Cl)(F)F
DB01029,CCCCC1=NC2(CCCC2)C(=O)N1CC3=CC=C(C=C3)C4=CC=CC=C4C5=NNN=N5
DB01030,CCC1(C2=C(COC1=O)C(=O)N3CC4=CC5=C(C=CC(=C5CN(C)C)O)N=C4C3=C2)O
DB01032,CCCN(CCC)S(=O)(=O)C1=CC=C(C=C1)C(=O)O
DB01033,C1=NC2=C(N1)C(=S)N=CN2
DB01035,CCN(CC)CCNC(=O)C1=CC=C(C=C1)N
DB01036,CC1=CC(=C(C=C1)O)C(CCN(C(C)C)C(C)C)C2=CC=CC=C2
DB01037,CC(CC1=CC=CC=C1)N(C)CC#C
DB01039,CC(C)OC(=O)C(C)(C)OC1=CC=C(C=C1)C(=O)C2=CC=C(C=C2)Cl
DB01041,C1CC(=O)NC(=O)C1N2C(=O)C3=CC=CC=C3C2=O
DB01042,C1=CC(=CC=C1CC(C(=O)O)N)N(CCCl)CCCl
DB01043,CC12CC3CC(C1)(CC(C3)(C2)N)C
DB01044,CC1CN(CCN1)C2=C(C=C3C(=C2OC)N(C=C(C3=O)C(=O)O)C4CC4)F
DB01045,CC1C=CC=C(C(=O)NC2=C(C(=C3C(=C2O)C(=C(C4=C3C(=O)C(O4)(OC=CC(C(C(C(C(C(C1O)C)O)C)OC(=O)C)C)OC)C)C)O)O)C=NN5CCN(CC5)C)C
DB01046,CCCCC(C1(CCC2C(O1)CC(=O)C2CCCCCCC(=O)O)O)(F)F
DB01047,CC(=O)OCC(=O)C12C(CC3C1(CC(C4(C3CC(C5=CC(=O)C=CC54C)F)F)O)C)OC(O2)(C)C
DB01048,C1CC1NC2=C3C(=NC(=N2)N)N(C=N3)C4CC(C=C4)CO
DB01049,CCC(C)(C)C1C(=O)N2CCCC2C3(N1C(=O)C(O3)(C(C)C)NC(=O)C4CC5C(CC6=CNC7=CC=CC5=C67)N(C4)C)O
DB01050,CC(C)CC1=CC=C(C=C1)C(C)C(=O)O
DB01051,CC1=C(C=CC2=C1OC(=O)C(=C2O)NC(=O)C3=CC(=C(C=C3)O)CC=C(C)C)OC4C(C(C(C(O4)(C)C)OC)OC(=O)N)O
DB01053,CC1(C(N2C(S1)C(C2=O)NC(=O)CC3=CC=CC=C3)C(=O)O)C
DB01056,CC1=C(C(=CC=C1)C)NC(=O)C(C)N
DB01057,CCOP(=O)(OCC)SCC[N+](C)(C)C
DB01058,C1CCC(CC1)C(=O)N2CC3C4=CC=CC=C4CCN3C(=O)C2
DB01059,CCN1C=C(C(=O)C2=CC(=C(C=C21)N3CCNCC3)F)C(=O)O
DB01060,CC1(C(N2C(S1)C(C2=O)NC(=O)C(C3=CC=C(C=C3)O)N)C(=O)O)C
DB01062,CCN(CC)CC#CCOC(=O)C(C1CCCCC1)(C2=CC=CC=C2)O
DB01064,CC(C)NCC(C1=CC(=C(C=C1)O)O)O
DB01065,CC(=O)NCCC1=CNC2=C1C=C(C=C2)OC
DB01066,CC1=C(SC=N1)C=CC2=C(N3C(C(C3=O)NC(=O)C(=NOC)C4=CSC(=N4)N)SC2)C(=O)O
DB01067,CC1=CN=C(C=N1)C(=O)NCCC2=CC=C(C=C2)S(=O)(=O)NC(=O)NC3CCCCC3
DB01068,C1C(=O)NC2=C(C=C(C=C2)[N+](=O)[O-])C(=N1)C3=CC=CC=C3Cl
DB01069,CC(CN1C2=CC=CC=C2SC3=CC=CC=C31)N(C)C
DB01070,CC1CCC(CC1=CC=C2CCCC3(C2CCC3C(C)C=CC(C)C(C)C)C)O
DB01072,CC(C)(C)C(C(=O)NC(CC1=CC=CC=C1)C(CN(CC2=CC=C(C=C2)C3=CC=CC=N3)NC(=O)C(C(C)(C)C)NC(=O)OC)O)NC(=O)OC
DB01073,C1=NC2=C(N=C(N=C2N1C3C(C(C(O3)CO)O)O)F)N
DB01075,CN(C)CCOC(C1=CC=CC=C1)C2=CC=CC=C2
DB01076,CC(C)C1=C(C(=C(N1CCC(CC(CC(=O)O)O)O)C2=CC=C(C=C2)F)C3=CC=CC=C3)C(=O)NC4=CC=CC=C4
DB01077,CC(O)(P(=O)(O)O)P(=O)(O)O
DB01079,CCCCCN=C(N)NN=CC1=CNC2=C1C=C(C=C2)OC
DB01080,C=CC(CCC(=O)O)N
DB01081,CCOC(=O)C1(CCN(CC1)CCC(C#N)(C2=CC=CC=C2)C3=CC=CC=C3)C4=CC=CC=C4
DB01082,CC1C(C(C(O1)OC2C(C(C(C(C2O)O)N=C(N)N)O)N=C(N)N)OC3C(C(C(C(O3)CO)O)O)NC)(C=O)O
DB01083,CCCCCCCCCCCC(CC1C(C(=O)O1)CCCCCC)OC(=O)C(CC(C)C)NC=O
DB01085,CCC1C(COC1=O)CC2=CN=CN2C
DB01086,CCOC(=O)C1=CC=C(C=C1)N
DB01087,CC(CCCN)NC1=C2C(=CC(=C1)OC)C=CC=N2
DB01088,CC#CCC(C)C(C=CC1C(CC2C1CC(=CCCCC(=O)O)C2)O)O
DB01089,COC1C(CC2CN3CCC4=C(C3CC2C1C(=O)OC)NC5=CC=CC=C45)OC(=O)C6=CC(=C(C(=C6)OC)OC)OC
DB01093,CS(=O)C
DB01095,CC(C)N1C2=CC=CC=C2C(=C1C=CC(CC(CC(=O)O)O)O)C3=CC=C(C=C3)F
DB01096,CC(C)NCC1CCC2=CC(=C(C=C2N1)[N+](=O)[O-])CO
DB01097,CC1=C(C=NO1)C(=O)NC2=CC=C(C=C2)C(F)(F)F
DB01098,CC(C)C1=NC(=NC(=C1C=CC(CC(CC(=O)O)O)O)C2=CC=C(C=C2)F)N(C)S(=O)(=O)C
DB01099,C1=NC(=O)NC(=C1F)N
DB01100,C1CN(CCC1N2C3=CC=CC=C3NC2=O)CCCC(C4=CC=C(C=C4)F)C5=CC=C(C=C5)F
DB01101,CCCCCOC(=O)NC1=NC(=O)N(C=C1F)C2C(C(C(O2)C)O)O
DB01102,C1=CC(=CC=C1CCCCNCC(C2=CC(=C(C=C2)O)O)O)O
DB01104,CNC1CCC(C2=CC=CC=C12)C3=CC(=C(C=C3)Cl)Cl
DB01105,CC(C)CC(C1(CCC1)C2=CC=C(C=C2)Cl)N(C)C
DB01109,CC(=O)NC1C(C(C(OC1O)COS(=O)(=O)O)OC2C(C(C(C(O2)C(=O)O)OC3C(C(C(C(O3)CO)OC4C(C(C(C(O4)C(=O)O)O)O)OS(=O)(=O)O)OS(=O)(=O)O)NS(=O)(=O)O)O)OS(=O)(=O)O)O
DB01110,C1=CC(=C(C=C1Cl)Cl)COC(CN2C=CN=C2)C3=C(C=C(C=C3)Cl)Cl
DB01111,CCC(C)CCCCC(=O)NC(CCNCS(=O)(=O)[O-])C(=O)NC(C(C)O)C(=O)NC(CCNCS(=O)(=O)[O-])C(=O)NC1CCNC(=O)C(NC(=O)C(NC(=O)C(NC(=O)C(NC(=O)C(NC(=O)C(NC1=O)CCNCS(=O)(=O)[O-])CC(C)C)CC(C)C)CCNCS(=O)(=O)[O-])CCNCS(=O)(=O)[O-])C(C)O
DB01112,CON=C(C1=CC=CO1)C(=O)NC2C3N(C2=O)C(=C(CS3)COC(=O)N)C(=O)O
DB01113,COC1=C(C=C(C=C1)CC2=NC=CC3=CC(=C(C=C32)OC)OC)OC
DB01114,CN(C)CCC(C1=CC=C(C=C1)Cl)C2=CC=CC=N2
DB01115,CC1=C(C(C(=C(N1)C)C(=O)OC)C2=CC=CC=C2[N+](=O)[O-])C(=O)OC
DB01116,C1CC2C3C(C[S+]2C1)N(C(=O)N3CC4=CC=CC=C4)CC5=CC=CC=C5
DB01117,C1CC(CCC1C2=CC=C(C=C2)Cl)C3=C(C4=CC=CC=C4C(=O)C3=O)O
DB01118,CCCCC1=C(C2=CC=CC=C2O1)C(=O)C3=CC(=C(C(=C3)I)OCCN(CC)CC)I
DB01119,CC1=NS(=O)(=O)C2=C(N1)C=CC(=C2)Cl
DB01121,C1=CC=C(C=C1)CC(=O)NC(=O)N
DB01122,CC[N+](CC)(CCNC(=O)C(=O)NCC[N+](CC)(CC)CC1=CC=CC=C1Cl)CC2=CC=CC=C2Cl
DB01124,CCCCNC(=O)NS(=O)(=O)C1=CC=C(C=C1)C
DB01125,COC1=CC=C(C=C1)C2C(=O)C3=CC=CC=C3C2=O
DB01126,CC12CCC3C(C1CCC2C(=O)NC4=C(C=CC(=C4)C(F)(F)F)C(F)(F)F)CCC5C3(C=CC(=O)N5)C
DB01127,C1=CC(=CC=C1COC(CN2C=CN=C2)C3=C(C=C(C=C3)Cl)Cl)Cl
DB01128,CC(CS(=O)(=O)C1=CC=C(C=C1)F)(C(=O)NC2=CC(=C(C=C2)C#N)C(F)(F)F)O
DB01129,CC1=C(C=CN=C1CS(=O)C2=NC3=CC=CC=C3N2)OCCCOC
DB01130,CCC(=O)OCC(=O)C1(CCC2C1(CC(C3C2CCC4=CC(=O)C=CC34C)O)C)OC(=O)OCC
DB01131,CC(C)N=C(N)N=C(N)NC1=CC=C(C=C1)Cl
DB01132,CCC1=CN=C(C=C1)CCOC2=CC=C(C=C2)CC3C(=O)NC(=O)S3
DB01133,C1=CC(=CC=C1SC(P(=O)(O)O)P(=O)(O)O)Cl
DB01135,C[N+]1(CCC2=CC(=C(C(=C2C1CC3=CC(=C(C(=C3)OC)OC)OC)OC)OC)OC)CCCOC(=O)CCC(=O)OCCC[N+]4(CCC5=CC(=C(C(=C5C4CC6=CC(=C(C(=C6)OC)OC)OC)OC)OC)OC)C
DB01136,COC1=CC=CC=C1OCCNCC(COC2=CC=CC3=C2C4=CC=CC=C4N3)O
DB01137,CC1COC2=C3N1C=C(C(=O)C3=CC(=C2N4CCN(CC4)C)F)C(=O)O
DB01138,C1=CC=C(C=C1)N2C(=O)C(C(=O)N2C3=CC=CC=C3)CCS(=O)C4=CC=CC=C4
DB01139,CC(=O)OCC1=C(N2C(C(C2=O)NC(=O)CSC3=CC=NC=C3)SC1)C(=O)O
DB01140,CC1=C(N2C(C(C2=O)NC(=O)C(C3=CC=C(C=C3)O)N)SC1)C(=O)O
DB01141,CCCCCOC1=CC=C(C=C1)C2=CC(=NO2)C3=CC=C(C=C3)C(=O)NC4CC(C(NC(=O)C5C(C(CN5C(=O)C(NC(=O)C(NC(=O)C6CC(CN6C(=O)C(NC4=O)C(C)O)O)C(C(C7=CC(=C(C=C7)O)OS(=O)(=O)O)O)O)C(CC(=O)N)O)C)O)O)O
DB01142,CN(C)CCC=C1C2=CC=CC=C2COC3=CC=CC=C31
DB01143,C(CN)CNCCSP(=O)(O)O
DB01144,C1=C(C=C(C(=C1S(=O)(=O)N)Cl)Cl)S(=O)(=O)N
DB01147,CC1=C(C(=NO1)C2=CC=CC=C2Cl)C(=O)NC3C4N(C3=O)C(C(S4)(C)C)C(=O)O
DB01148,CC1=C(OC2=C(C1=O)C=CC=C2C(=O)OCCN3CCCCC3)C4=CC=CC=C4
DB01149,CCC1=NN(C(=O)N1CCOC2=CC=CC=C2)CCCN3CCN(CC3)C4=CC(=CC=C4)Cl
DB01150,CC=CC1=C(N2C(C(C2=O)NC(=O)C(C3=CC=C(C=C3)O)N)SC1)C(=O)O
DB01151,CNCCCN1C2=CC=CC=C2CCC3=CC=CC=C31
DB01155,CON=C1CN(CC1CN)C2=C(C=C3C(=O)C(=CN(C3=N2)C4CC4)C(=O)O)F
DB01156,CC(C(=O)C1=CC(=CC=C1)Cl)NC(C)(C)C
DB01157,CC1=C(C=CC2=C1C(=NC(=N2)N)N)CNC3=CC(=C(C(=C3)OC)OC)OC
DB01158,CC[N+](C)(C)CC1=CC=CC=C1Br
DB01159,C(C(F)(F)F)(Cl)Br
DB01161,CCN(CC)CCOC(=O)C1=C(C=C(C=C1)N)Cl
DB01162,COC1=C(C=C2C(=C1)C(=NC(=N2)N3CCN(CC3)C(=O)C4CCCO4)N)OC
DB01164,O.O.[Cl-].[Cl-].[Ca+2]
DB01165,CC1COC2=C3N1C=C(C(=O)C3=CC(=C2N4CCN(CC4)C)F)C(=O)O
DB01166,C1CCC(CC1)N2C(=NN=N2)CCCCOC3=CC4=C(C=C3)NC(=O)CC4
DB01167,CCC(C)N1C(=O)N(C=N1)C2=CC=C(C=C2)N3CCN(CC3)C4=CC=C(C=C4)OCC5COC(O5)(CN6C=NC=N6)C7=C(C=C(C=C7)Cl)Cl
DB01168,CC(C)NC(=O)C1=CC=C(C=C1)CNNC
DB01169,[O-2].[O-2].[O-2].[As+3].[As+3]
DB01170,C1CCCN(CCC1)CCN=C(N)N
DB01172,C1C(C(C(C(C1N)OC2C(C(C(C(O2)CN)O)O)O)O)OC3C(C(C(C(O3)CO)O)N)O)N
DB01173,CC1=CC=CC=C1C(C2=CC=CC=C2)OCCN(C)C
DB01174,CCC1(C(=O)NC(=O)NC1=O)C2=CC=CC=C2
DB01175,CN(C)CCCC1(C2=C(CO1)C=C(C=C2)C#N)C3=CC=C(C=C3)F
DB01176,CN1CCN(CC1)C(C2=CC=CC=C2)C3=CC=CC=C3
DB01177,CC1C(C(CC(O1)OC2CC(CC3=C2C(=C4C(=C3O)C(=O)C5=CC=CC=C5C4=O)O)(C(=O)C)O)N)O
DB01178,CN1C(S(=O)(=O)CCC1=O)C2=CC=C(C=C2)Cl
DB01181,C1CN(P(=O)(OC1)NCCCl)CCCl
DB01182,CCCNCC(COC1=CC=CC=C1C(=O)CCC2=CC=CC=C2)O
DB01183,C=CCN1CCC23C4C(=O)CCC2(C1CC5=C3C(=C(C=C5)O)O4)O
DB01185,CC12CCC(=O)C=C1CCC3C2(C(CC4(C3CCC4(C)O)C)O)F
DB01186,CCCN1CC(CC2C1CC3=CNC4=CC=CC2=C34)CSC
DB01189,C(C(F)(F)F)(OC(F)F)F
DB01190,CCCC1CC(N(C1)C)C(=O)NC(C2C(C(C(C(O2)SC)O)O)O)C(C)Cl
DB01191,CCNC(C)CC1=CC(=CC=C1)C(F)(F)F
DB01192,CN1CCC23C4C(=O)CCC2(C1CC5=C3C(=C(C=C5)O)O4)O
DB01193,CCCC(=O)NC1=CC(=C(C=C1)OCC(CNC(C)C)O)C(=O)C
DB01194,CCNC1CN(S(=O)(=O)C2=C1C=C(S2)S(=O)(=O)N)CCCOC
DB01195,C1CCNC(C1)CNC(=O)C2=C(C=CC(=C2)OCC(F)(F)F)OCC(F)(F)F
DB01196,CC12CCC3C(C1CCC2O)CCC4=C3C=CC(=C4)OC(=O)N(CCCl)CCCl
DB01197,CC(CS)C(=O)N1CCCC1C(=O)O
DB01199,CN1CCC2=CC(=C3C=C2C1CC4=CC=C(C=C4)OC5=C6C(CC7=CC(=C(C=C7)O)O3)[N+](CCC6=CC(=C5O)OC)(C)C)OC
DB01200,CC(C)CC1C(=O)N2CCCC2C3(N1C(=O)C(O3)(C(C)C)NC(=O)C4CN(C5CC6=C(NC7=CC=CC(=C67)C5=C4)Br)C)O
DB01201,CC1C=CC=C(C(=O)NC2=C(C(=C3C(=C2O)C(=C(C4=C3C(=O)C(O4)(OC=CC(C(C(C(C(C(C1O)C)O)C)OC(=O)C)C)OC)C)C)O)O)C=NN5CCN(CC5)C6CCCC6)C
DB01202,CCC(C(=O)N)N1CCCC1=O
DB01203,CC(C)(C)NCC(COC1=CC=CC2=C1CC(C(C2)O)O)O
DB01204,C1=CC(=C2C(=C1NCCNCCO)C(=O)C3=C(C=CC(=C3C2=O)O)O)NCCNCCO
DB01205,CCOC(=O)C1=C2CN(C(=O)C3=C(N2C=N1)C=CC(=C3)F)C
DB01206,C1CCC(CC1)NC(=O)N(CCCl)N=O
DB01208,CC1CN(CC(N1)C)C2=C(C(=C3C(=C2F)N(C=C(C3=O)C(=O)O)C4CC4)N)F
DB01209,CC12CCCCCC(C1N)CC3=C2C=C(C=C3)O
DB01210,CC(C)(C)NCC(COC1=CC=CC2=C1CCCC2=O)O
DB01211,CCC1C(C(C(C(=O)C(CC(C(C(C(C(C(=O)O1)C)OC2CC(C(C(O2)C)O)(C)OC)C)OC3C(C(CC(O3)C)N(C)C)O)(C)OC)C)C)O)(C)O
DB01212,CN1C(=NC(=O)C(=O)N1)SCC2=C(N3C(C(C3=O)NC(=O)C(=NOC)C4=CSC(=N4)N)SC2)C(=O)O
DB01213,CC1=CNN=C1
DB01214,CC1=CC(=C(C(=C1OC(=O)C)C)C)OCC(CNC(C)C)O
DB01215,C1C2=NN=CN2C3=C(C=C(C=C3)Cl)C(=N1)C4=CC=CC=C4
DB01216,CC12CCC3C(C1CCC2C(=O)NC(C)(C)C)CCC4C3(C=CC(=O)N4)C
DB01217,CC(C)(C#N)C1=CC(=CC(=C1)CN2C=NC=N2)C(C)(C)C#N
DB01218,CCCCN(CCCC)CCC(C1=C2C=CC(=CC2=C3C=C(C=C(C3=C1)Cl)Cl)C(F)(F)F)O
DB01219,C1C(=O)NC(=O)N1N=CC2=CC=C(O2)C3=CC=C(C=C3)[N+](=O)[O-]
DB01220,CC1C=CC=C(C(=O)NC2=C(C3=C(C4=C(C(=C3O)C)OC(C4=O)(OC=CC(C(C(C(C(C(C1O)C)O)C)OC(=O)C)C)OC)C)C5=C2N6C=CC(=CC6=N5)C)O)C
DB01221,CNC1(CCCCC1=O)C2=CC=CC=C2Cl
DB01222,CCCC1OC2CC3C4CCC5=CC(=O)C=CC5(C4C(CC3(C2(O1)C(=O)CO)C)O)C
DB01223,CN1C2=C(C(=O)N(C1=O)C)NC=N2.CN1C2=C(C(=O)N(C1=O)C)NC=N2.C(CN)N
DB01224,C1CN(CCN1CCOCCO)C2=NC3=CC=CC=C3SC4=CC=CC=C42
DB01225,CC(=O)NC1C(C(C(OC1O)COS(=O)(=O)O)OC2C(C(C(C(O2)C(=O)O)OC3C(C(C(C(O3)CO)OC4C(C(C(C(O4)C(=O)O)O)O)OS(=O)(=O)O)OS(=O)(=O)O)NS(=O)(=O)O)O)OS(=O)(=O)O)O
DB01226,C[N+]1(CCC2=CC(=C(C=C2C1CC3=CC(=C(C(=C3)OC)OC)OC)OC)OC)CCCOC(=O)CCC=CCCC(=O)OCCC[N+]4(CCC5=CC(=C(C=C5C4CC6=CC(=C(C(=C6)OC)OC)OC)OC)OC)C
DB01227,CCC(C(CC(C)N(C)C)(C1=CC=CC=C1)C2=CC=CC=C2)OC(=O)C
DB01229,CC1=C2C(C(=O)C3(C(CC4C(C3C(C(C2(C)C)(CC1OC(=O)C(C(C5=CC=CC=C5)NC(=O)C6=CC=CC=C6)O)O)OC(=O)C7=CC=CC=C7)(CO4)OC(=O)C)O)C)OC(=O)C
DB01230,C1=CC=C(C=C1)C2C(=O)N=C(O2)N
DB01232,CC(C)(C)NC(=O)C1CC2CCCCC2CN1CC(C(CC3=CC=CC=C3)NC(=O)C(CC(=O)N)NC(=O)C4=NC5=CC=CC=C5C=C4)O
DB01233,CCN(CC)CCNC(=O)C1=CC(=C(C=C1OC)N)Cl
DB01234,CC1CC2C3CCC4=CC(=O)C=CC4(C3(C(CC2(C1(C(=O)CO)O)C)O)F)C
DB01235,C1=CC(=C(C=C1CC(C(=O)O)N)O)O
DB01236,C(OC(C(F)(F)F)C(F)(F)F)F
DB01238,C1CC(=O)NC2=C1C=CC(=C2)OCCCCN3CCN(CC3)C4=C(C(=CC=C4)Cl)Cl
DB01240,CCCCCC(C=CC1C(CC2C1CC(=CCCCC(=O)O)O2)O)O
DB01241,CC1=CC(=C(C=C1)C)OCCCC(C)(C)C(=O)O
DB01242,CN(C)CCCN1C2=CC=CC=C2CCC3=C1C=C(C=C3)Cl
DB01244,CC(C)COCC(CN(CC1=CC=CC=C1)C2=CC=CC=C2)N3CCCC3
DB01246,CC(CN1C2=CC=CC=C2SC3=CC=CC=C31)CN(C)C
DB01247,CC1=CC(=NO1)C(=O)NNCC2=CC=CC=C2
DB01248,CC1=C2C(C(=O)C3(C(CC4C(C3C(C(C2(C)C)(CC1OC(=O)C(C(C5=CC=CC=C5)NC(=O)OC(C)(C)C)O)O)OC(=O)C6=CC=CC=C6)(CO4)OC(=O)C)O)C)O
DB01249,CC(=O)N(CC(CN(C1=C(C(=C(C(=C1I)C(=O)NCC(CO)O)I)C(=O)NCC(CO)O)I)C(=O)C)O)C2=C(C(=C(C(=C2I)C(=O)NCC(CO)O)I)C(=O)NCC(CO)O)I
DB01250,C1=CC(=C(C=C1N=NC2=CC(=C(C=C2)O)C(=O)O)C(=O)O)O
DB01253,CC(CO)NC(=O)C1CN(C2CC3=CNC4=CC=CC(=C34)C2=C1)C
DB01254,CC1=C(C(=CC=C1)Cl)NC(=O)C2=CN=C(S2)NC3=CC(=NC(=N3)C)N4CCN(CC4)CCO
DB01255,CC(CC1=CC=CC=C1)NC(=O)C(CCCCN)N
DB01256,CC1CCC23CCC(=O)C2C1(C(CC(C(C3C)O)(C)C=C)OC(=O)CSC4CC5CCC(C4)N5C)C
DB01259,CS(=O)(=O)CCNCC1=CC=C(O1)C2=CC3=C(C=C2)N=CN=C3NC4=CC(=C(C=C4)OCC5=CC(=CC=C5)F)Cl
DB01260,CC1(OC2CC3C4CCC5=CC(=O)C=CC5(C4C(CC3(C2(O1)C(=O)CO)C)O)C)C
DB01261,C1CN2C(=NN=C2C(F)(F)F)CN1C(=O)CC(CC3=CC(=C(C=C3F)F)F)N
DB01262,C1C(C(OC1N2C=NC(=NC2=O)N)CO)O
DB01263,CCC(C(C)O)N1C(=O)N(C=N1)C2=CC=C(C=C2)N3CCN(CC3)C4=CC=C(C=C4)OCC5CC(OC5)(CN6C=NC=N6)C7=C(C=C(C=C7)F)F
DB01264,CC(C)CN(CC(C(CC1=CC=CC=C1)NC(=O)OC2COC3C2CCO3)O)S(=O)(=O)C4=CC=C(C=C4)N
DB01265,CC1=CN(C(=O)NC1=O)C2CC(C(O2)CO)O
DB01267,CC1=C(C(=O)N2CCCC(C2=N1)O)CCN3CCC(CC3)C4=NOC5=C4C=CC(=C5)F
DB01268,CCN(CC)CCNC(=O)C1=C(NC(=C1C)C=C2C3=C(C=CC(=C3)F)NC2=O)C
DB01273,C1C2CNCC1C3=CC4=NC=CN=C4C=C23
DB01274,CC(CC1=CC=C(C=C1)OC)NCC(C2=CC(=C(C=C2)O)NC=O)O
DB01275,C1=CC=C2C(=C1)C=NN=C2NN
DB01276,CCC(C)C(C(=O)NC(CCC(=O)O)C(=O)NC(CC1=CNC2=CC=CC=C21)C(=O)NC(CC(C)C)C(=O)NC(CCCCN)C(=O)NC(CC(=O)N)C(=O)NCC(=O)NCC(=O)N3CCCC3C(=O)NC(CO)C(=O)NC(CO)C(=O)NCC(=O)NC(C)C(=O)N4CCCC4C(=O)N5CCCC5C(=O)N6CCCC6C(=O)NC(CO)C(=O)N)NC(=O)C(CC7=CC=CC=C7)NC(=O)C(CC(C)C)NC(=O)C(CCCNC(=N)N)NC(=O)C(C(C)C)NC(=O)C(C)NC(=O)C(CCC(=O)O)NC(=O)C(CCC(=O)O)NC(=O)C(CCC(=O)O)NC(=O)C(CCSC)NC(=O)C(CCC(=O)N)NC(=O)C(CCCCN)NC(=O)C(CO)NC(=O)C(CC(C)C)NC(=O)C(CC(=O)O)NC(=O)C(CO)NC(=O)C(C(C)O)NC(=O)C(CC8=CC=CC=C8)NC(=O)C(C(C)O)NC(=O)CNC(=O)C(CCC(=O)O)NC(=O)CNC(=O)C(CC9=CNC=N9)N
DB01278,CCC(C)C(C(=O)NC(CC(C)C)C(=O)N1CCCC1C(=O)N2CCCC2C(=O)NC(C(C)O)C(=O)NC(CC(=O)N)C(=O)NC(C(C)C)C(=O)NCC(=O)NC(CO)C(=O)NC(CC(=O)N)C(=O)NC(C(C)O)C(=O)NC(CC3=CC=C(C=C3)O)C(=O)N)NC(=O)C4CCCN4C(=O)CNC(=O)C(CC5=CC=CC=C5)NC(=O)C(CC(=O)N)NC(=O)C(CC(=O)N)NC(=O)C(CO)NC(=O)C(CO)NC(=O)C(CC6=CNC=N6)NC(=O)C(C(C)C)NC(=O)C(CC(C)C)NC(=O)C(CC7=CC=CC=C7)NC(=O)C(CC(=O)N)NC(=O)C(C)NC(=O)C(CC(C)C)NC(=O)C(CCCNC(=N)N)NC(=O)C(CCC(=O)N)NC(=O)C(C(C)O)NC(=O)C(C)NC(=O)C8CSSCC(C(=O)NC(C(=O)NC(C(=O)NC(C(=O)NC(C(=O)N8)C(C)O)C)C(C)O)CC(=O)N)NC(=O)C(CCCCN)N
DB01280,COC1=NC(=NC2=C1N=CN2C3C(C(C(O3)CO)O)O)N
DB01284,CC(C)[C@@H](C(=O)NCC(=O)N[C@@H](CCCCN)C(=O)N[C@@H](CCCCN)C(=O)N[C@@H](CCCNC(=N)N)C(=O)N[C@@H](CCCNC(=N)N)C(=O)N1CCC[C@H]1C(=O)N[C@@H](C(C)C)C(=O)N[C@@H](CCCCN)C(=O)N[C@@H](C(C)C)C(=O)N[C@@H](CC2=CC=C(C=C2)O)C(=O)N3CCC[C@H]3C(=O)O)NC(=O)[C@@H]4CCCN4C(=O)[C@H](CCCCN)NC(=O)CNC(=O)[C@H](CC5=CNC6=CC=CC=C65)NC(=O)[C@H](CCCNC(=N)N)NC(=O)[C@H](CC7=CC=CC=C7)NC(=O)[C@H](CC8=CNC=N8)NC(=O)[C@H](CCC(=O)O)NC(=O)[C@H](CCSC)NC(=O)[C@H](CO)NC(=O)[C@H](CC9=CC=C(C=C9)O)NC(=O)[C@H](CO)N
DB01285,CC(C)CC(C(=O)NC(CCC(=O)O)C(=O)NC(CC1=CC=CC=C1)C(=O)O)NC(=O)C2CCCN2C(=O)C(CC3=CC=CC=C3)NC(=O)C(C)NC(=O)C(CCC(=O)O)NC(=O)C(C)NC(=O)C(CO)NC(=O)C(CCC(=O)O)NC(=O)C(CC(=O)O)NC(=O)C(CCC(=O)O)NC(=O)C(C)NC(=O)CNC(=O)C(CC(=O)N)NC(=O)C4CCCN4C(=O)C(CC5=CC=C(C=C5)O)NC(=O)C(C(C)C)NC(=O)C(CCCCN)NC(=O)C(C(C)C)NC(=O)C6CCCN6C(=O)C(CCCNC(=N)N)NC(=O)C(CCCNC(=N)N)NC(=O)C(CCCCN)NC(=O)C(CCCCN)NC(=O)CNC(=O)C(C(C)C)NC(=O)C7CCCN7C(=O)C(CCCCN)NC(=O)CNC(=O)C(CC8=CNC9=CC=CC=C98)NC(=O)C(CCCNC(=N)N)NC(=O)C(CC1=CC=CC=C1)NC(=O)C(CC1=CN=CN1)NC(=O)C(CCC(=O)O)NC(=O)C(CCSC)NC(=O)C(CO)NC(=O)C(CC1=CC=C(C=C1)O)NC(=O)C(CO)N
DB01291,CC(C)(C)NCC(C1=NC(=C(C=C1)O)CO)O
DB01294,C1=CC=C2C(=C1)C(=O)O[Bi]O2.O
DB01299,COC1=C(N=CN=C1OC)NS(=O)(=O)C2=CC=C(C=C2)N
DB01303,CN1C(=C2C(=NC=N2)N(C1=O)C)[O-].C[N+](C)(C)CCO
DB01306,CCC(C)C1C(=O)NC2CSSCC(C(=O)NC(CSSCC(C(=O)NCC(=O)NC(C(=O)NC(C(=O)NC(C(=O)NC(C(=O)NC(C(=O)NC(C(=O)NC(C(=O)NC(C(=O)NC(C(=O)NC(C(=O)NC(CSSCC(NC(=O)C(NC(=O)C(NC(=O)C(NC(=O)C(NC(=O)C(NC(=O)C(NC(=O)C(NC(=O)C(NC2=O)CO)CC(C)C)CC3=CC=C(C=C3)O)CCC(=O)N)CC(C)C)CCC(=O)O)CC(=O)N)CC4=CC=C(C=C4)O)C(=O)NC(CC(=O)N)C(=O)O)C(=O)NCC(=O)NC(CCC(=O)O)C(=O)NC(CCCNC(=N)N)C(=O)NCC(=O)NC(CC5=CC=CC=C5)C(=O)NC(CC6=CC=CC=C6)C(=O)NC(CC7=CC=C(C=C7)O)C(=O)NC(C(C)O)C(=O)NC(CC(=O)O)C(=O)NC(CCCCN)C(=O)NC(C(C)O)C(=O)O)C(C)C)CC(C)C)CC8=CC=C(C=C8)O)CC(C)C)C)CCC(=O)O)C(C)C)CC(C)C)CC9=CNC=N9)CO)NC(=O)C(CC(C)C)NC(=O)C(CC2=CNC=N2)NC(=O)C(CCC(=O)N)NC(=O)C(CC(=O)N)NC(=O)C(C(C)C)NC(=O)C(CC2=CC=CC=C2)N)C(=O)NC(C(=O)NC(C(=O)N1)CO)C(C)O)NC(=O)C(CCC(=O)N)NC(=O)C(CCC(=O)O)NC(=O)C(C(C)C)NC(=O)C(C(C)CC)NC(=O)CN
DB01307,CCCCCCCCCCCCCC(=O)NCCCCC(C(=O)O)NC(=O)C1CCCN1C(=O)C(C(C)O)NC(=O)C(CC2=CC=C(C=C2)O)NC(=O)C(CC3=CC=CC=C3)NC(=O)C(CC4=CC=CC=C4)NC(=O)CNC(=O)C(CCCNC(=N)N)NC(=O)C(CCC(=O)O)NC(=O)CNC(=O)C5CSSCC(NC(=O)C(NC(=O)C(NC(=O)C(NC(=O)C(NC(=O)C(NC(=O)C(NC(=O)C(NC(=O)C(NC(=O)C6CSSCC(C(=O)NC(CSSCC(C(=O)NCC(=O)NC(C(=O)NC(C(=O)NC(C(=O)NC(C(=O)NC(C(=O)NC(C(=O)NC(C(=O)NC(C(=O)NC(C(=O)NC(C(=O)N5)C(C)C)CC(C)C)CC7=CC=C(C=C7)O)CC(C)C)C)CCC(=O)O)C(C)C)CC(C)C)CC8=CNC=N8)CO)NC(=O)C(CC(C)C)NC(=O)C(CC9=CNC=N9)NC(=O)C(CCC(=O)N)NC(=O)C(CC(=O)N)NC(=O)C(C(C)C)NC(=O)C(CC1=CC=CC=C1)N)C(=O)NC(C(=O)NC(C(=O)NC(C(=O)N6)C(C)CC)CO)C(C)O)NC(=O)C(CCC(=O)N)NC(=O)C(CCC(=O)O)NC(=O)C(C(C)C)NC(=O)C(C(C)CC)NC(=O)CN)CO)CC(C)C)CC1=CC=C(C=C1)O)CCC(=O)N)CC(C)C)CCC(=O)O)CC(=O)N)CC1=CC=C(C=C1)O)C(=O)NC(CC(=O)N)C(=O)O
DB01309,CCC(C)C1C(=O)NC2CSSCC(C(=O)NC(CSSCC(C(=O)NCC(=O)NC(C(=O)NC(C(=O)NC(C(=O)NC(C(=O)NC(C(=O)NC(C(=O)NC(C(=O)NC(C(=O)NC(C(=O)NC(C(=O)NC(CSSCC(NC(=O)C(NC(=O)C(NC(=O)C(NC(=O)C(NC(=O)C(NC(=O)C(NC(=O)C(NC(=O)C(NC2=O)CO)CC(C)C)CC3=CC=C(C=C3)O)CCC(=O)N)CC(C)C)CCC(=O)O)CC(=O)N)CC4=CC=C(C=C4)O)C(=O)NC(CC(=O)N)C(=O)O)C(=O)NCC(=O)NC(CCC(=O)O)C(=O)NC(CCCNC(=N)N)C(=O)NCC(=O)NC(CC5=CC=CC=C5)C(=O)NC(CC6=CC=CC=C6)C(=O)NC(CC7=CC=C(C=C7)O)C(=O)NC(C(C)O)C(=O)N8CCCC8C(=O)NC(CCC(=O)O)C(=O)NC(C(C)O)C(=O)O)C(C)C)CC(C)C)CC9=CC=C(C=C9)O)CC(C)C)C)CCC(=O)O)C(C)C)CC(C)C)CC2=CNC=N2)CO)NC(=O)C(CC(C)C)NC(=O)C(CC2=CNC=N2)NC(=O)C(CCC(=O)N)NC(=O)C(CCCCN)NC(=O)C(C(C)C)NC(=O)C(CC2=CC=CC=C2)N)C(=O)NC(C(=O)NC(C(=O)N1)CO)C(C)O)NC(=O)C(CCC(=O)N)NC(=O)C(CCC(=O)O)NC(=O)C(C(C)C)NC(=O)C(C(C)CC)NC(=O)CN
DB01319,CC(C)CN(CC(C(CC1=CC=CC=C1)NC(=O)OC2CCOC2)OP(=O)(O)O)S(=O)(=O)C3=CC=C(C=C3)N
DB01320,C1=CC=C(C=C1)C2(C(=O)N(C(=O)N2)COP(=O)(O)O)C3=CC=CC=C3
DB01322,COC1=CC(=O)OC(C1)/C=C/C2=CCCC=C2
DB01324,CN1C(NC2=CC(=C(C=C2S1(=O)=O)S(=O)(=O)N)Cl)CSCC(F)(F)F
DB01326,CN1C(=NN=N1)SCC2=C(N3C(C(C3=O)NC(=O)C(C4=CC=CC=C4)O)SC2)C(=O)O
DB01327,CC1=NN=C(S1)SCC2=C(N3C(C(C3=O)NC(=O)CN4C=NN=N4)SC2)C(=O)O
DB01328,C1C(=C(N2C(S1)C(C2=O)NC(=O)C(C3=CC=CC=C3)O)C(=O)O)CSC4=NN=NN4CS(=O)(=O)O
DB01329,CCN1CCN(C(=O)C1=O)C(=O)NC(C2=CC=C(C=C2)O)C(=O)NC3C4N(C3=O)C(=C(CS4)CSC5=NN=NN5C)C(=O)O
DB01330,CN1C(=NN=N1)SCC2=C(N3C(C(C3=O)(NC(=O)C4SC(=C(C(=O)N)C(=O)O)S4)OC)SC2)C(=O)O
DB01331,COC1(C2N(C1=O)C(=C(CS2)COC(=O)N)C(=O)O)NC(=O)CC3=CC=CS3
DB01332,CON=C(C1=CSC(=N1)N)C(=O)NC2C3N(C2=O)C(=CCS3)C(=O)O
DB01333,CC1=C(N2C(C(C2=O)NC(=O)C(C3=CCC=CC3)N)SC1)C(=O)O
DB01336,C[N+]1(CCC2=CC(=C3C=C2[C@@H]1CC4=CC=C(C=C4)OC5=C6[C@@H](CC7=CC(=C(C=C7)OC)O3)[N+](CCC6=CC(=C5OC)OC)(C)C)OC)C
DB01337,CC(=O)OC1CC2CCC3C(C2(CC1[N+]4(CCCCC4)C)C)CCC5(C3CC(C5OC(=O)C)[N+]6(CCCCC6)C)C
DB01338,CC(=O)OC1CC2CCC3C(C2(CC1N4CC[N+](CC4)(C)C)C)CCC5(C3CC(C5OC(=O)C)N6CC[N+](CC6)(C)C)C
DB01339,CC(=O)OC1CC2CCC3C(C2(CC1N4CCCCC4)C)CCC5(C3CC(C5OC(=O)C)[N+]6(CCCCC6)C)C
DB01344,CCC(CC)C1=CC=C(C=C1)S(=O)(=O)O
DB01351,CCC1(C(=O)NC(=O)NC1=O)CCC(C)C
DB01357,CC12CCC3C(C1CCC2(C#C)O)CCC4=C3C=CC(=C4)OC
DB01359,CC(C)(C)NCC(COC1=CC=CC=C1C2CCCC2)O
DB01362,CC(=O)N(CC(CO)O)C1=C(C(=C(C(=C1I)C(=O)NCC(CO)O)I)C(=O)NCC(CO)O)I
DB01364,CC(C(C1=CC=CC=C1)O)NC
DB01365,CC(C)(CC1=CC=CC=C1)NC
DB01367,C#CCNC1CCC2=CC=CC=C12
DB01377,O=[Mg]
DB01390,C(=O)(O)[O-].[Na+]
DB01392,COC(=O)C1C(CCC2C1CC3C4=C(CCN3C2)C5=CC=CC=C5N4)O
DB01394,CC(=O)NC1CCC2=CC(=C(C(=C2C3=CC=C(C(=O)C=C13)OC)OC)OC)OC
DB01395,CC12CCC(=O)C=C1C3CC3C4C2CCC5(C4C6CC6C57CCC(=O)O7)C
DB01396,CC1C(C(CC(O1)OC2C(OC(CC2O)OC3C(OC(CC3O)OC4CCC5(C(C4)CCC6C5CCC7(C6(CCC7C8=CC(=O)OC8)O)C)C)C)C)O)O
DB01399,C1=CC=C(C(=C1)C(=O)OC2=CC=CC=C2C(=O)O)O
DB01400,CN(C)C(=O)OC1=CC=CC(=C1)[N+](C)(C)C
DB01403,CC(CN1C2=CC=CC=C2SC3=C1C=C(C=C3)OC)CN(C)C
DB01404,CC1(CCC2(CCC3(C(=CCC4C3(CCC5C4(CC(C(C5(C)C(=O)OC6C(C(C(C(O6)CO)O)O)O)O)O)C)C)C2C1)CO)C(=O)OC7C(C(C(C(O7)CO)O)O)O)C
DB01406,CC12CCC3C(C1CCC2(C#C)O)CCC4=CC5=C(CC34C)C=NO5
DB01409,C[N+]1(C2CC(CC1C3C2O3)OC(=O)C(C4=CC=CS4)(C5=CC=CS5)O)C
DB01410,CC(C)C(=O)OCC(=O)C12C(CC3C1(CC(C4C3CCC5=CC(=O)C=CC45C)O)C)OC(O2)C6CCCCC6
DB01413,C[N+]1(CCCC1)CC2=C(N3C(C(C3=O)NC(=O)C(=NOC)C4=CSC(=N4)N)SC2)C(=O)[O-]
DB01415,C1C=C(N2C(S1)C(C2=O)NC(=O)C(=CCC(=O)O)C3=CSC(=N3)N)C(=O)O
DB01416,COCC1=C(N2C(C(C2=O)NC(=O)C(=NOC)C3=CSC(=N3)N)SC1)C(=O)O
DB01421,C1C(C(C(C(C1N)OC2C(C(C(C(O2)CO)O)O)N)OC3C(C(C(O3)CO)OC4C(C(C(C(O4)CN)O)O)N)O)O)N
DB01427,C1=CN=CC=C1C2=CNC(=O)C(=C2)N
DB01432,CCC(C)C.CCC(CC(C)C1=CC=CC=C1)C2=CC=C(C=C2)C[N+](C)(C)C.N.[Cl-]
DB01438,C1=CC=C(C=C1)N=NC2=C(N=C(C=C2)N)N
DB01452,CC(=O)OC1C=CC2C3CC4=C5C2(C1OC5=C(C=C4)OC(=O)C)CCN3C
DB01495,CC1=CC(=O)N(N1C)C2=CC=CC=C2.C(C(Cl)(Cl)Cl)(O)O.C(C(Cl)(Cl)Cl)(O)O
DB01501,C1CN(CCC1(C2=CC=CC=C2)C(=O)O)CCC(C#N)(C3=CC=CC=C3)C4=CC=CC=C4
DB01551,CN1CCC23C4C1CC5=C2C(=C(C=C5)OC)OC3C(CC4)O
DB01563,C(C(Cl)(Cl)Cl)(O)O
DB01574,O.O.O.O.O.O.O.O.O.O.O.O.O.O.[OH-].[Mg].[Mg].[Al].[Al].[Si].[Si].[Si].[Si]
DB01575,O.O.O=[Al]O[Si](=O)O[Si](=O)O[Al]=O
DB01576,CC(CC1=CC=CC=C1)N
DB01577,CC(CC1=CC=CC=C1)NC
DB01579,CC1C(OCCN1C)C2=CC=CC=C2
DB01583,C1=CC(=C(C=C1OC2=C(C=C(C=C2I)C[C@@H](C(=O)[O-])N)I)I)O.C1=C(C=C(C(=C1I)OC2=CC(=C(C(=C2)I)O)I)I)C[C@@H](C(=O)[O-])N.[Na+].[Na+]
DB01586,CC(CCC(=O)O)C1CCC2C1(CCC3C2C(CC4C3(CCC(C4)O)C)O)C
DB01589,C1C(=S)N(C2=C(C=C(C=C2)Cl)C(=N1)C3=CC=CC=C3F)CC(F)(F)F
DB01590,CC1CCC2CC(C(=CC=CC=CC(CC(C(=O)C(C(C(=CC(C(=O)CC(OC(=O)C3CCCCN3C(=O)C(=O)C1(O2)O)C(C)CC4CCC(C(C4)OC)OCCO)C)C)O)OC)C)C)C)OC
DB01591,C1CN2CCC1C(C2)OC(=O)N3CCC4=CC=CC=C4C3C5=CC=CC=C5
DB01592,[Fe]
DB01598,CC(C1C2CC(=C(N2C1=O)C(=O)O)SCCN=CN)O
DB01599,CC(C)(C)C1=CC(=CC(=C1O)C(C)(C)C)SC(C)(C)SC2=CC(=C(C(=C2)C(C)(C)C)O)C(C)(C)C
DB01601,CC1=C(C(=CC=C1)C)OCC(=O)NC(CC2=CC=CC=C2)C(CC(CC3=CC=CC=C3)NC(=O)C(C(C)C)N4CCCNC4=O)O
DB01602,CCOC(=O)OC(C)OC(=O)C1C(SC2N1C(=O)C2NC(=O)C(C3=CC=CC=C3)N)(C)C
DB01603,CC1(C(N2C(S1)C(C2=O)NC(=O)C3=C(C=CC=C3OC)OC)C(=O)O)C
DB01606,CC1(C(N2C(S1(=O)=O)CC2=O)C(=O)O)CN3C=CN=N3
DB01607,CC1(C(N2C(S1)C(C2=O)NC(=O)C(C3=CSC=C3)C(=O)O)C(=O)O)C
DB01609,C1=CC=C(C(=C1)C2=NN(C(=N2)C3=CC=CC=C3O)C4=CC=C(C=C4)C(=O)O)O
DB01610,CC(C)C(C(=O)OCC(CO)OCN1C=NC2=C1N=C(NC2=O)N)N
DB01611,CCN(CCCC(C)NC1=C2C=CC(=CC2=NC=C1)Cl)CCO
DB01612,CCCCCON=O
DB01618,CCC1=C(NC2=C1C(=O)C(CC2)CN3CCOCC3)C
DB01619,CN1CCC2=C(C1)C(C3=CC=CC=C23)C4=CC=CC=C4
DB01623,CN1CCN(CC1)CCC=C2C3=CC=CC=C3SC4=C2C=C(C=C4)S(=O)(=O)N(C)C
DB01627,CCCC1CC(N(C1)C)C(=O)NC(C2C(C(C(C(O2)SC)O)O)O)C(C)O
DB01638,C(C(C(C(C(CO)O)O)O)O)O
DB01656,C1CC1COC2=C(C=CC(=C2)C(=O)NC3=C(C=NC=C3Cl)Cl)OC(F)F
DB01764,CCN(CC)CCS(=O)(=O)C1CCN2C1C(=O)OC(C(C=CC(=O)NCC=CC(=CC(CC(=O)CC3=NC(=CO3)C2=O)O)C)C)C(C)C
DB02300,CC(C=CC(C1CC1)O)C2CCC3C2(CCCC3=CC=C4CC(CC(C4=C)O)O)C
DB02362,C1=CC(=CC=C1C(=O)O)N
DB02546,C1=CC=C(C=C1)NC(=O)CCCCCCC(=O)NO
DB02659,CC(CCC(=O)O)C1CCC2C1(C(CC3C2C(CC4C3(CCC(C4)O)C)O)O)C
DB02701,C1=CC(=CN=C1)C(=O)N
DB02959,C1=CC2=C(C=C1O)C(=CN2)CC(C(=O)O)N
DB03128,CC(=O)OCC[N+](C)(C)C
DB03404,CC1=C(C2=CC3=C(C(=C([N-]3)C=C4C(=C(C(=N4)C=C5C(=C(C(=N5)C=C1[N-]2)C)C=C)C)C=C)C)CCC(=O)O)CCC(=O)O.[Fe+2]
DB03614,[CH3-].CC1=CC2=C(C=C1C)N(C=N2)C3C(C(C(O3)CO)OP(=O)([O-])OC(C)CNC(=O)CCC4(C(C5C6(C(C(C(=C(C7=NC(=CC8=NC(=C(C4=N5)C)C(C8(C)C)CCC(=O)N)C(C7(C)CC(=O)N)CCC(=O)N)C)[N-]6)CCC(=O)N)(C)CC(=O)N)C)CC(=O)N)C)O.[Co+3]
DB03619,CC(CCC(=O)O)C1CCC2C1(C(CC3C2CCC4C3(CCC(C4)O)C)O)C
DB03754,C(C(CO)(CO)N)O
DB03904,C(=O)(N)N
DB04160,OP(=O)(O)OP(=O)(O)O
DB04272,C(C(=O)O)C(CC(=O)O)(C(=O)O)O
DB04398,CC(C(=O)O)O
DB04571,CC1=CC(=O)OC2=C1C=C3C=C(OC3=C2C)C
DB04572,C1CN1P(=S)(N2CC2)N3CC3
DB04574,CC12CCC3C(C1CCC2=O)CCC4=C3C=CC(=C4)OS(=O)(=O)O
DB04575,CC12CCC3C(C1CCC2(C#C)O)CCC4=C3C=CC(=C4)OC5CCCC5
DB04711,C1=C(C(=C(C(=C1I)NC(=O)CCCCC(=O)NC2=C(C=C(C(=C2I)C(=O)O)I)I)I)C(=O)O)I
DB04815,C1=CC2=C(C(=C(C=C2Cl)I)O)N=C1
DB04824,C1=CC=C2C(=C1)C(=O)OC2(C3=CC=C(C=C3)O)C4=CC=C(C=C4)O
DB04834,CCC(=O)O[C@H]1[C@H](C[C@@H]2[C@@]1(CC[C@H]3[C@H]2CC[C@@H]4[C@@]3(C[C@@H]([C@H](C4)OC(=O)C)N5CCCCC5)C)C)[N+]6(CCCCC6)CC=C
DB04835,CC1=NN=C(N1C2CC3CCC(C2)N3CCC(C4=CC=CC=C4)NC(=O)C5CCC(CC5)(F)F)C(C)C
DB04837,CN(C)CCC(C1=CC=CC=C1)(C2=CC=CC=C2Cl)O
DB04838,CC1CC(CC(C1)(C)C)OC(=O)C(C2=CC=CC=C2)O
DB04843,C[N+]1(CCCC(C1)OC(=O)C(C2=CC=CC=C2)(C3=CC=CC=C3)O)C
DB04844,CC(C)CC1CN2CCC3=CC(=C(C=C3C2CC1=O)OC)OC
DB04845,CC1CCCC2(C(O2)CC(NC(=O)CC(C(C(=O)C(C1O)C)(C)C)O)C(=CC3=CSC(=N3)C)C)C
DB04854,CC1=C(SC(=N1)C2=CC(=C(C=C2)OCC(C)C)C#N)C(=O)O
DB04855,CCCCC1=C(C2=C(O1)C=CC(=C2)NS(=O)(=O)C)C(=O)C3=CC=C(C=C3)OCCCN(CCCC)CCCC
DB04861,C1CC2=C(C=CC(=C2)F)OC1C(CNCC(C3CCC4=C(O3)C=CC(=C4)F)O)O
DB04865,CC(C)(CCCC(CC(=O)OC)(C(=O)OC1C2C3=CC4=C(C=C3CCN5C2(CCC5)C=C1OC)OCO4)O)O
DB04868,CC1=C(C=C(C=C1)C(=O)NC2=CC(=CC(=C2)C(F)(F)F)N3C=C(N=C3)C)NC4=NC=CC(=N4)C5=CN=CC=C5
DB04871,CC1CNCCC2=C1C=C(C=C2)Cl
DB04895,COCCOC(=O)NCCCCC(C(=O)NCCCCCCCOP(=O)(C)O)NC(=O)OCCOC
DB04896,CCN(CC)C(=O)C1(CC1CN)C2=CC=CC=C2
DB04899,CC[C@H](C)[C@H]1C(=O)N[C@H](C(=O)N[C@H](C(=O)N[C@H](C(=O)N[C@H](C(=O)NCC(=O)N[C@H](C(=O)NCC(=O)N[C@@H](CSSC[C@@H](C(=O)N[C@H](C(=O)NCC(=O)N[C@H](C(=O)N[C@H](C(=O)N[C@H](C(=O)N[C@H](C(=O)N[C@H](C(=O)N1)CCCNC(=N)N)CC(=O)O)CCSC)CCCCN)CCCNC(=N)N)CC2=CC=CC=C2)NC(=O)CNC(=O)[C@H](CO)NC(=O)CNC(=O)[C@H](CCC(=O)N)NC(=O)[C@H](C(C)C)NC(=O)[C@H](CCSC)NC(=O)[C@H](CCCCN)NC(=O)[C@@H]3CCCN3C(=O)[C@H](CO)N)C(=O)N[C@@H](CCCCN)C(=O)N[C@@H](C(C)C)C(=O)N[C@@H](CC(C)C)C(=O)N[C@@H](CCCNC(=N)N)C(=O)N[C@@H](CCCNC(=N)N)C(=O)N[C@@H](CC4=CN=CN4)C(=O)O)CC(C)C)CO)CO)CO)CO
DB04908,C1CN(CCN1CCN2C3=CC=CC=C3NC2=O)C4=CC=CC(=C4)C(F)(F)F
DB04911,CC1C(C(CC(O1)OC2C3C(=O)NC(C4=C(C(=CC(=C4)O)O)C5=C(C=CC(=C5)C(C(=O)N3)NC(=O)C6C7=CC(=C(C(=C7)OC8=C(C=C2C=C8)Cl)OC9C(C(C(C(O9)CO)O)O)OC1CC(C(C(O1)C)O)(C)NCC1=CC=C(C=C1)C1=CC=C(C=C1)Cl)OC1=C(C=C(C=C1)C(C(C(=O)NC(C(=O)N6)CC(=O)N)NC(=O)C(CC(C)C)NC)O)Cl)O)C(=O)O)(C)N)O
DB04920,CCCC(=O)OCOC(=O)C1=C(NC(=C(C1C2=C(C(=CC=C2)Cl)Cl)C(=O)OC)C)C
DB04932,CC(C)C1=C(C=C(C(=C1)C2=NNC(=O)N2C3=CC4=C(C=C3)N(C=C4)C)O)OP(=O)(O)O
DB04938,C1=CC=C(C=C1)C(=C(C2=CC=CC=C2)C3=CC=C(C=C3)OCCO)CCCl
DB04946,CC(=O)C1=CC(=C(C=C1)OCCCN2CCC(CC2)C3=NOC4=C3C=CC(=C4)F)OC
DB04948,CC(C1=NCCN1)OC2=C(C=CC=C2Cl)Cl
DB04951,CC1=CN(C(=O)C=C1)C2=CC=CC=C2
DB04953,CCOC(=O)NC1=C(C=C(C=C1)NCC2=CC=C(C=C2)F)N
DB05015,C1=CC=C(C=C1)NS(=O)(=O)C2=CC=CC(=C2)C=CC(=O)NO
DB05018,C1C(C(C(C(N1)CO)O)O)O
DB05039,CCC1=C(C=C2CC(CC2=C1)NCC(C3=C4C=CC(=O)NC4=C(C=C3)O)O)CC
DB05084,CCC(C)C(C(=O)NC(CCC(=O)N)C(=O)NC(CC(=O)O)C(=O)NC(CC(C)C)C(=O)NC(CCCNC(=N)N)C(=O)NC(CCCNC(=N)N)C(=O)NC(CCCNC(=N)N)C(=O)NC(CCC(=O)O)C(=O)NC(CC(C)C)C(=O)NC(CC(C)C)C(=O)NC(CCC(=O)O)C(=O)NC(CCCCN)C(=O)NC(CC(C)C)C(=O)NC(CC(C)C)C(=O)NC(C)(C)C(=O)NC(CCCCN)C(=O)NC(CC(C)C)C(=O)NC(CC1=CN=CN1)C(=O)NC(C(C)O)C(=O)NC(C)C(=O)N)NC(=O)C(CO)NC(=O)C(CCCCN)NC(=O)CNC(=O)C(CCCCN)NC(=O)C(CC(=O)O)NC(=O)C(CC2=CN=CN2)NC(=O)C(CC(C)C)NC(=O)C(CC(C)C)NC(=O)C(CCC(=O)N)NC(=O)C(CC3=CN=CN3)NC(=O)C(CCC(=O)O)NC(=O)C(CO)NC(=O)C(C(C)C)NC(=O)C(C)N
DB05109,CC1=CC2=C(C3C4C5C6=C(C(=C7C(=C6C(N4C(C(C2)N3C)O)COC(=O)C8(CS5)C9=CC(=C(C=C9CCN8)O)OC)OCO7)C)OC(=O)C)C(=C1OC)O
DB05154,C1C(COC2=NC(=CN21)[N+](=O)[O-])OCC3=CC=C(C=C3)OC(F)(F)F
DB05239,C1CCNC(C1)C2(CN(C2)C(=O)C3=C(C(=C(C=C3)F)F)NC4=C(C=C(C=C4)I)F)O
DB05245,C1=CN=C(N=C1)[N-]S(=O)(=O)C2=CC=C(C=C2)N.[Ag+]
DB05246,CC1(CC(=O)N(C1=O)C)C2=CC=CC=C2
DB05260,[N+](=O)([O-])[O-].[N+](=O)([O-])[O-].[N+](=O)([O-])[O-].[Ga+3]
DB05271,CCCN(CCC1=CC=CS1)C2CCC3=C(C2)C=CC=C3O
DB05273,[Sm]
DB05294,CN1CCC(CC1)COC2=C(C=C3C(=C2)N=CN=C3NC4=C(C=C(C=C4)Br)F)OC
DB05316,CC(C)COC1=CC=C(C=C1)CNC(=O)N(CC2=CC=C(C=C2)F)C3CCN(CC3)C
DB05332,CC1=CC(=C(N1)C=C2C3=CC=CC=C3NC2=O)C
DB05351,CC1=C(C=CN=C1CS(=O)C2=NC3=CC=CC=C3N2)OCC(F)(F)F
DB05381,C1=C(NC=N1)CCN
DB05382,II
DB05521,CCCC(C(=O)C(=O)NC1CC1)NC(=O)C2C3CCCC3CN2C(=O)C(C(C)(C)C)NC(=O)C(C4CCCCC4)NC(=O)C5=NC=CN=C5
DB05528,CC1=CN(C(=O)NC1=O)[C@H]2C[C@@H]([C@H](O2)COP(=S)(O)O[C@H]3C[C@@H](O[C@@H]3COP(=S)(O)O[C@H]4C[C@@H](O[C@@H]4COP(=S)(O)O[C@H]5C[C@@H](O[C@@H]5COP(=S)(O)O[C@H]6C[C@@H](O[C@@H]6COP(=S)(O)O[C@H]7C[C@@H](O[C@@H]7COP(=S)(O)O[C@H]8C[C@@H](O[C@@H]8COP(=S)(O)O[C@H]9C[C@@H](O[C@@H]9COP(=S)(O)O[C@H]1C[C@@H](O[C@@H]1COP(=S)(O)O[C@@H]1[C@H](O[C@H]([C@@H]1OCCOC)N1C=C(C(=NC1=O)N)C)COP(=S)(O)O[C@@H]1[C@H](O[C@H]([C@@H]1OCCOC)N1C=C(C(=O)NC1=O)C)COP(=S)(O)O[C@@H]1[C@H](O[C@H]([C@@H]1OCCOC)N1C=C(C(=NC1=O)N)C)COP(=S)(O)O[C@@H]1[C@H](O[C@H]([C@@H]1OCCOC)N1C=C(C(=NC1=O)N)C)COP(=S)(O)O[C@@H]1[C@H](O[C@H]([C@@H]1OCCOC)N1C=NC2=C1N=C(NC2=O)N)CO)N1C=NC2=C(N=CN=C21)N)N1C=NC2=C1N=C(NC2=O)N)N1C=C(C(=O)NC1=O)C)N1C=C(C(=NC1=O)N)C)N1C=C(C(=O)NC1=O)C)N1C=NC2=C1N=C(NC2=O)N)N1C=C(C(=NC1=O)N)C)N1C=C(C(=O)NC1=O)C)OP(=S)(O)OC[C@@H]1[C@H](C[C@@H](O1)N1C=C(C(=NC1=O)N)C)OP(=S)(O)OC[C@@H]1[C@H]([C@H]([C@@H](O1)N1C=NC2=C1N=C(NC2=O)N)OCCOC)OP(=S)(O)OC[C@@H]1[C@H]([C@H]([C@@H](O1)N1C=C(C(=NC1=O)N)C)OCCOC)OP(=S)(O)OC[C@@H]1[C@H]([C@H]([C@@H](O1)N1C=NC2=C(N=CN=C21)N)OCCOC)OP(=O)(OC[C@@H]1[C@H]([C@H]([C@@H](O1)N1C=C(C(=NC1=O)N)C)OCCOC)OP(=S)(O)OC[C@@H]1[C@H]([C@H]([C@@H](O1)N1C=C(C(=NC1=O)N)C)OCCOC)O)S
DB05541,CCCC1CC(=O)N(C1)C(CC)C(=O)N
DB05676,CCOC1=C(C=CC(=C1)C(CS(=O)(=O)C)N2C(=O)C3=C(C2=O)C(=CC=C3)NC(=O)C)OC
DB05812,CC12CCC(CC1=CCC3C2CCC4(C3CC=C4C5=CN=CC=C5)C)O
DB05990,CCC1C2CC(CCC2(C3CCC4(C(C3C1O)CCC4C(C)CCC(=O)O)C)C)O
DB06016,CN(C)C(=O)NC1CCC(CC1)CCN2CCN(CC2)C3=C(C(=CC=C3)Cl)Cl
DB06077,CN1CCN2C3CCN(CC3C4=C2C1=CC=C4)CCCC(=O)C5=CC=C(C=C5)F
DB06119,C1=CC=C(C(=C1)C(CN2N=CN=N2)OC(=O)N)Cl
DB06151,CC(=O)NC(CS)C(=O)O
DB06176,CC=C1C(=O)NC(C(=O)OC2CC(=O)NC(C(=O)NC(CSSCCC=C2)C(=O)N1)C(C)C)C(C)C
DB06196,C1CCC2C(C1)CC(N2C(=O)C3CC4=CC=CC=C4CN3C(=O)C(CO)NC(=O)C(CC5=CC=CS5)NC(=O)CNC(=O)C6CC(CN6C(=O)C7CCCN7C(=O)C(CCCN=C(N)N)NC(=O)C(CCCN=C(N)N)N)O)C(=O)NC(CCCN=C(N)N)C(=O)O
DB06201,C1=CC(=C(C(=C1)F)CN2C=C(N=N2)C(=O)N)F
DB06203,CN1C(=O)C=C(N(C1=O)CC2=CC=CC=C2C#N)N3CCCC(C3)N
DB06204,CC[C@@H](C1=CC(=CC=C1)O)[C@@H](C)CN(C)C
DB06206,C(CSC[C@@H]1[C@@H]2[C@@H]([C@H]([C@H](O1)O[C@@H]3[C@H](O[C@@H]([C@@H]([C@H]3O)O)O[C@@H]4[C@H](O[C@@H]([C@@H]([C@H]4O)O)O[C@@H]5[C@H](O[C@@H]([C@@H]([C@H]5O)O)O[C@@H]6[C@H](O[C@@H]([C@@H]([C@H]6O)O)O[C@@H]7[C@H](O[C@@H]([C@@H]([C@H]7O)O)O[C@@H]8[C@H](O[C@@H]([C@@H]([C@H]8O)O)O[C@@H]9[C@H](O[C@H](O2)[C@@H]([C@H]9O)O)CSCCC(=O)O)CSCCC(=O)O)CSCCC(=O)O)CSCCC(=O)O)CSCCC(=O)O)CSCCC(=O)O)CSCCC(=O)O)O)O)C(=O)O
DB06207,CC(CC1=CC2=C(C(=C1)C(=O)N)N(CC2)CCCO)NCCOC3=CC=CC=C3OCC(F)(F)F
DB06209,CC(=O)OC1=CC2=C(S1)CCN(C2)C(C3=CC=CC=C3F)C(=O)C4CC4
DB06210,CC1=C(C=C(C=C1)N2C(=O)C(=C(N2)C)N=NC3=CC=CC(=C3O)C4=CC(=CC=C4)C(=O)O)C
DB06211,CC1C2C(C(=O)N2C(=C1SC3CC(NC3)CNS(=O)(=O)N)C(=O)O)C(C)O
DB06212,CC1=CC=CC=C1C(=O)NC2=CC(=C(C=C2)C(=O)N3CCCC(C4=C3C=CC(=C4)Cl)O)C
DB06213,CNC(=O)C1=CN(N=C1)C2=NC(=C3C(=N2)N(C=N3)C4C(C(C(O4)CO)O)O)N
DB06215,O[Fe]=O.O[Fe]=O.[Fe]
DB06216,CN1CC2C(C1)C3=C(C=CC(=C3)Cl)OC4=CC=CC=C24
DB06218,CC(=O)NC(COC)C(=O)NCC1=CC=CC=C1
DB06219,CC(C)CCCCCCCCC(=O)NC1C(C(C(OC1OC2=C3C=C4C=C2OC5=C(C=C(C=C5)C(C6C(=O)NC(C7=C(C(=CC(=C7)O)OC8C(C(C(C(O8)CO)O)O)O)C9=C(C=CC(=C9)C(C(=O)N6)NC(=O)C4NC(=O)C1C2=C(C(=CC(=C2)OC2=C(C=CC(=C2)C(C(=O)NC(CC2=CC=C(O3)C=C2)C(=O)N1)NC)O)O)Cl)O)C(=O)NCCCN(C)C)O)Cl)C(=O)O)O)O
DB06228,C1COCC(=O)N1C2=CC=C(C=C2)N3CC(OC3=O)CNC(=O)C4=CC=C(S4)Cl
DB06230,C=C1CCC2(C3CC4=C5C2(C1OC5=C(C=C4)O)CCN3CC6CC6)O
DB06237,COC1=C(C=C(C=C1)CNC2=NC(=NC=C2C(=O)NCC3=NC=CC=N3)N4CCCC4CO)Cl
DB06261,CCCCCCOC(=O)CCC(=O)CN
DB06262,C1=CC(=C(C=C1C(C(C(=O)O)N)O)O)O
DB06274,CC1CN(CCC1(C)C2=CC(=CC=C2)O)CC(CC3=CC=CC=C3)C(=O)NCC(=O)O
DB06282,C1CN(CCN1CCOCC(=O)O)[C@H](C2=CC=CC=C2)C3=CC=C(C=C3)Cl
DB06283,CC1C(=O)NC(C(=O)NC2CSSCC3C(=O)NC(C(=O)NC(C(=O)NCC(=O)NC(C(=O)NC(CSSCC(C(=O)NC(CSSCC(C(=O)NC(C(=O)NCC(=O)NC(C(=O)NCC(=O)N1)CCCCN)CCCCN)N)C(=O)NC(C(=O)NCC(=O)NC(C(=O)N3)CO)C(C)O)NC(=O)C(NC(=O)C(NC(=O)C(NC(=O)C(NC(=O)C(NC(=O)C(NC2=O)CO)CCCNC(=N)N)CC(C)C)CCSC)CC4=CC=C(C=C4)O)CC(=O)O)C(=O)N)CCCCN)CO)CCCNC(=N)N)CCCCN
DB06285,CCC(C)C(C(=O)NC(CCC(=O)N)C(=O)NC(CC(C)C)C(=O)NC(CCSC)C(=O)NC(CC1=CNC=N1)C(=O)NC(CC(=O)N)C(=O)NC(CC(C)C)C(=O)NCC(=O)NC(CCCCN)C(=O)NC(CC2=CNC=N2)C(=O)NC(CC(C)C)C(=O)NC(CC(=O)N)C(=O)NC(CO)C(=O)NC(CCSC)C(=O)NC(CCC(=O)O)C(=O)NC(CCCNC(=N)N)C(=O)NC(C(C)C)C(=O)NC(CCC(=O)O)C(=O)NC(CC3=CNC4=CC=CC=C43)C(=O)NC(CC(C)C)C(=O)NC(CCCNC(=N)N)C(=O)NC(CCCCN)C(=O)NC(CCCCN)C(=O)NC(CC(C)C)C(=O)NC(CCC(=O)N)C(=O)NC(CC(=O)O)C(=O)NC(C(C)C)C(=O)NC(CC5=CNC=N5)C(=O)NC(CC(=O)N)C(=O)NC(CC6=CC=CC=C6)C(=O)O)NC(=O)C(CCC(=O)O)NC(=O)C(CO)NC(=O)C(C(C)C)NC(=O)C(CO)N
DB06287,CC1CCC2CC(C(=CC=CC=CC(CC(C(=O)C(C(C(=CC(C(=O)CC(OC(=O)C3CCCCN3C(=O)C(=O)C1(O2)O)C(C)CC4CCC(C(C4)OC)OC(=O)C(C)(CO)CO)C)C)O)OC)C)C)C)OC
DB06288,CCN1CCCC1CNC(=O)C2=CC(=C(C=C2OC)N)S(=O)(=O)CC
DB06290,CC1=C(C=CC2=C1N=C(C=C2OC3CC4C(C3)C(=O)N(CCCCC=CC5CC5(NC4=O)C(=O)NS(=O)(=O)C6CC6)C)C7=NC(=CS7)C(C)C)OC
DB06292,CCOC1=CC=C(C=C1)CC2=C(C=CC(=C2)C3C(C(C(C(O3)CO)O)O)O)Cl
DB06335,C1C2CC2N(C1C#N)C(=O)C(C34CC5CC(C3)CC(C5)(C4)O)N
DB06401,CC1=C(N(C2=C1C=C(C=C2)O)CC3=CC=C(C=C3)OCCN4CCCCCC4)C5=CC=C(C=C5)O
DB06402,CCCCCCCCCCNCCNC1(CC(OC(C1O)C)OC2C(C(C(OC2OC3=C4C=C5C=C3OC6=C(C=C(C=C6)C(C(C(=O)NC(C(=O)NC5C(=O)NC7C8=CC(=C(C=C8)O)C9=C(C(=C(C=C9C(NC(=O)C(C(C1=CC(=C(O4)C=C1)Cl)O)NC7=O)C(=O)O)O)CNCP(=O)(O)O)O)CC(=O)N)NC(=O)C(CC(C)C)NC)O)Cl)CO)O)O)C
DB06403,CC1=CC(=NC(=N1)OC(C(=O)O)C(C2=CC=CC=C2)(C3=CC=CC=C3)OC)C
DB06410,CC(C)C(C)C=CC(C)C1CCC2C1(CCCC2=CC=C3CC(CC(C3=C)O)O)C
DB06412,CC12CCC3C(C1CCC2(C)O)CCC4C3(CC(=CO)C(=O)C4)C
DB06413,C1=CC=C(C=C1)C(C2=CC=CC=C2)S(=O)CC(=O)N
DB06414,CC1=CC(=CC(=C1OC2=NC(=NC(=C2Br)N)NC3=CC=C(C=C3)C#N)C)C#N
DB06441,CSCCNC1=C2C(=NC(=N1)SCCC(F)(F)F)N(C=N2)C3C(C(C(O3)COP(=O)(O)OP(=O)(C(P(=O)(O)O)(Cl)Cl)O)O)O
DB06448,C1CN(CCC1CC(=O)N2CCC(CC2)C3C4=C(CCC5=C3N=CC(=C5)Br)C=C(C=C4Br)Cl)C(=O)N
DB06480,COCCCN1CCC(CC1)NC(=O)C2=CC(=C(C3=C2OCC3)N)Cl
DB06589,CC1=C(C=C(C=C1)NC2=NC=CC(=N2)N(C)C3=CC4=NN(C(=C4C=C3)C)C)S(=O)(=O)N
DB06590,CCO/N=C(/C1=NSC(=N1)NP(=O)(O)O)\\C(=O)N[C@H]2[C@@H]3N(C2=O)C(=C(CS3)SC4=NC(=CS4)C5=CC=[N+](C=C5)C)C(=O)[O-]
DB06595,CC12C(C(CC(O1)N3C4=CC=CC=C4C5=C6C(=C7C8=CC=CC=C8N2C7=C53)CNC6=O)N(C)C(=O)C9=CC=CC=C9)OC
DB06603,CC1=C(C2=CC=CC=C2N1)CCNCC3=CC=C(C=C3)C=CC(=O)NO
DB06605,COC1=CC=C(C=C1)N2C3=C(CCN(C3=O)C4=CC=C(C=C4)N5CCCCC5=O)C(=N2)C(=O)N
DB06608,CC1=CC(=NC2=C1C(=C(C=C2NC(C)CCCN)OC)OC3=CC=CC(=C3)C(F)(F)F)OC
DB06616,CN1CCN(CC1)CCCOC2=C(C=C3C(=C2)N=CC(=C3NC4=CC(=C(C=C4Cl)Cl)OC)C#N)OC
DB06626,CNC(=O)C1=CC=CC=C1SC2=CC3=C(C=C2)C(=NN3)C=CC4=CC=CC=N4
DB06636,CC(C1=NC(=CS1)C2=CC=C(C=C2)C#N)C(CN3C=[N+](C=N3)C(C)OC(=O)N(C)C4=C(C=CC=N4)COC(=O)CNC)(C5=C(C=CC(=C5)F)F)O
DB06637,C1=CN=CC=C1N
DB06654,CC(C(=O)N)NCC1=CC=C(C=C1)OCC2=CC(=CC=C2)F
DB06655,CCCCCCCCCCCCCCCC(=O)NC(CCC(=O)NCCCCC(C(=O)NC(CCC(=O)O)C(=O)NC(CC1=CC=CC=C1)C(=O)NC(C(C)CC)C(=O)NC(C)C(=O)NC(CC2=CNC3=CC=CC=C32)C(=O)NC(CC(C)C)C(=O)NC(C(C)C)C(=O)NC(CCCNC(=N)N)C(=O)NCC(=O)NC(CCCNC(=N)N)C(=O)NCC(=O)O)NC(=O)C(C)NC(=O)C(C)NC(=O)C(CCC(=O)N)NC(=O)CNC(=O)C(CCC(=O)O)NC(=O)C(CC(C)C)NC(=O)C(CC4=CC=C(C=C4)O)NC(=O)C(CO)NC(=O)C(CO)NC(=O)C(C(C)C)NC(=O)C(CC(=O)O)NC(=O)C(CO)NC(=O)C(C(C)O)NC(=O)C(CC5=CC=CC=C5)NC(=O)C(C(C)O)NC(=O)CNC(=O)C(CCC(=O)O)NC(=O)C(C)NC(=O)C(CC6=CN=CN6)N)C(=O)O
DB06663,C1C(CN2C1C(=O)NC(C(=O)NC(C(=O)NC(C(=O)NC(C(=O)NC(C2=O)CC3=CC=CC=C3)CC4=CC=C(C=C4)OCC5=CC=CC=C5)CCCCN)CC6=CNC7=CC=CC=C76)C8=CC=CC=C8)OC(=O)NCCN
DB06684,C1CN(CCN1CCCCC2=CNC3=C2C=C(C=C3)C#N)C4=CC5=C(C=C4)OC(=C5)C(=O)N
DB06690,[N-]=[N+]=O
DB06691,CN(C)CCN(CC1=CC=C(C=C1)OC)C2=CC=CC=N2
DB06692,CC[C@H](C)[C@H]1C(=O)N[C@H](C(=O)N[C@H](C(=O)N[C@H](C(=O)N[C@H](C(=O)N[C@H](C(=O)N[C@H](C(=O)N[C@H](C(=O)N[C@H](C(=O)N[C@H](C(=O)NCC(=O)N[C@H](C(=O)N[C@H]2CSSC[C@H]3C(=O)N[C@H](C(=O)N[C@H](C(=O)N[C@H](C(=O)N[C@@H](CSSC[C@@H](C(=O)N[C@H](C(=O)N[C@H](C(=O)N4CCC[C@H]4C(=O)N5CCC[C@H]5C(=O)N[C@H](C(=O)N[C@H](C(=O)NCC(=O)N6CCC[C@H]6C(=O)N[C@@H](CSSC[C@@H](C(=O)N[C@H](C(=O)N[C@H](C(=O)N[C@H](C(=O)N[C@H](C(=O)N[C@H](C(=O)N[C@H](C(=O)N[C@H](C(=O)N[C@H](C(=O)N[C@H](C(=O)N[C@H](C(=O)N[C@H](C(=O)N[C@H](C(=O)N3)CC(=O)O)CCC(=O)O)C)CO)CCCCN)CC7=CC=CC=C7)CC(=O)N)CC(=O)N)CCCNC(=N)N)CCCCN)C)CCCNC(=N)N)NC(=O)CNC(=O)CNC(=O)[C@@H](NC(=O)[C@@H](NC(=O)[C@@H](NC(=O)[C@@H](NC(=O)[C@@H](NC2=O)CCC(=O)N)[C@@H](C)O)CC8=CC=CC=C8)C(C)C)CC9=CC=C(C=C9)O)C(=O)N[C@H](C(=O)N[C@H](C(=O)N[C@H](C(=O)N1)CCCNC(=N)N)C)CCCCN)[C@@H](C)O)CC1=CC=C(C=C1)O)CCC(=O)O)CC(C)C)NC(=O)[C@H](CC1=CC=CC=C1)NC(=O)[C@H](CC(=O)O)NC(=O)[C@@H]1CCCN1C(=O)[C@H](CCCNC(=N)N)N)C(=O)NCC(=O)NCC(=O)N[C@@H](C)C(=O)O)[C@@H](C)O)CCCNC(=N)N)CCSC)CC(C)C)C)CCCCN)C)CC(=O)N)CC1=CC=C(C=C1)O)CC1=CC=CC=C1)CC1=CC=C(C=C1)O)CCCNC(=N)N)[C@@H](C)CC
DB06694,CC1=CC(=CC(=C1CC2=NCCN2)C)C(C)(C)C
DB06697,CC1CCC2C(C(OC3C24C1CCC(O3)(OO4)C)OC)C
DB06699,CC(C)CC(C(=O)NC(CCCCNC(C)C)C(=O)N1CCCC1C(=O)NC(C)C(=O)N)NC(=O)C(CC2=CC=C(C=C2)NC(=O)N)NC(=O)C(CC3=CC=C(C=C3)NC(=O)C4CC(=O)NC(=O)N4)NC(=O)C(CO)NC(=O)C(CC5=CN=CC=C5)NC(=O)C(CC6=CC=C(C=C6)Cl)NC(=O)C(CC7=CC8=CC=CC=C8C=C7)NC(=O)C
DB06700,CN(C)CC(C1=CC=C(C=C1)O)C2(CCCCC2)O
DB06701,COC(=O)[C@@H]([C@H]1CCCCN1)C2=CC=CC=C2
DB06702,CC(C)C(=O)OC1=C(C=C(C=C1)CO)[C@H](CCN(C(C)C)C(C)C)C2=CC=CC=C2
DB06703,C1CN(CCN(CCN(CCN1CC(=O)[O-])CC(=O)[O-])C(CO)C(CO)O)CC(=O)[O-].[Gd+3]
DB06704,C1=CC(=CC(=C1)I)CN=C(N)N
DB06705,C1CC(CCC1OP(=O)([O-])OCC(CN(CCN(CC(=O)[O-])CC(=O)[O-])CC(=O)[O-])N(CC(=O)[O-])CC(=O)[O-])(C2=CC=CC=C2)C3=CC=CC=C3.[Na+].[Na+].[Na+].[Gd+3]
DB06706,CC(CCC=C(C)C)NC
DB06707,CC(C(C1=CC(=C(C=C1)O)O)O)N
DB06708,CCCCN(CCCC)CC(C1=CC(=CC2=C1C3=C(C2=CC4=CC=C(C=C4)Cl)C=C(C=C3)Cl)Cl)O
DB06709,CC(C[N+](C)(C)C)OC(=O)C
DB06710,CC12CCC(=O)C=C1CCC3C2CCC4(C3CCC4(C)O)C
DB06711,C1CN=C(N1)CC2=CC=CC3=CC=CC=C32
DB06713,CC[C@]12CC[C@H]3[C@H]([C@@H]1CC[C@]2(C#C)O)CCC4=C/C(=N/O)/CC[C@H]34
DB06714,CC(CC1CCCCC1)NC
DB06715,[K+].[I-]
DB06716,CC(C)C1=C(C(=CC=C1)C(C)C)OCOP(=O)(O)O
DB06717,C[C@H](C1=CC(=CC(=C1)C(F)(F)F)C(F)(F)F)O[C@@H]2[C@@H](N(CCO2)CC3=NN(C(=O)N3)P(=O)(O)O)C4=CC=C(C=C4)F
DB06718,CC12CCC3C(C1CCC2(C)O)CCC4C3(CC5=C(C4)NN=C5)C
DB06723,[OH-].[OH-].[OH-].[Al+3]
DB06724,C(=O)([O-])[O-].[Ca+2]
DB06755,CC1=C(C(CCC1)(C)C)C=CC(=CC=CC(=CC=CC=C(C)C=CC=C(C)C=CC2=C(CCCC2(C)C)C)C)C
DB06757,[Mn]
DB06764,C1CC(C2=CC=CC=C2C1)C3=NCCN3
DB06767,[NH4+].[Cl-]
DB06769,CN1C2=C(C=C(C=C2)N(CCCl)CCCl)N=C1CCCC(=O)O
DB06772,CC1=C2C(C(=O)C3(C(CC4C(C3C(C(C2(C)C)(CC1OC(=O)C(C(C5=CC=CC=C5)NC(=O)OC(C)(C)C)O)O)OC(=O)C6=CC=CC=C6)(CO4)OC(=O)C)OC)C)OC
DB06774,CC(C)C=CCCCCC(=O)NCC1=CC(=C(C=C1)O)OC
DB06777,CC(CCC(=O)O)C1CCC2C1(CCC3C2C(CC4C3(CCC(C4)O)C)O)C
DB06779,CC(=O)NC1C(C(C(OC1O)COS(=O)(=O)O)OC2C(C(C(C(O2)C(=O)O)OC3C(C(C(C(O3)CO)OC4C(C(C(C(O4)C(=O)O)O)O)OS(=O)(=O)O)OS(=O)(=O)O)NS(=O)(=O)O)O)OS(=O)(=O)O)O
DB06782,C(C(CS)S)O
DB06785,CCNC(=NCCCCC(C(=O)NC(CC(C)C)C(=O)NC(CCCCN=C(NCC)NCC)C(=O)N1CCCC1C(=O)NC(C)C(=O)N)NC(=O)C(CC2=CC=C(C=C2)O)NC(=O)C(CO)NC(=O)C(CC3=CN=CC=C3)NC(=O)C(CC4=CC=C(C=C4)Cl)NC(=O)C(CC5=CC6=CC=CC=C6C=C5)NC(=O)C)NCC
DB06786,CC1(OC2CC3C4CCC5=CC(=O)CCC5(C4(C(CC3(C2(O1)C(=O)CCl)C)O)F)C)C
DB06788,CCNC(=O)C1CCCN1C(=O)C(CCCN=C(N)N)NC(=O)C(CC(C)C)NC(=O)C(CC2=CN(C=N2)CC3=CC=CC=C3)NC(=O)C(CC4=CC=C(C=C4)O)NC(=O)C(CO)NC(=O)C(CC5=CNC6=CC=CC=C65)NC(=O)C(CC7=CN=CN7)NC(=O)C8CCC(=O)N8
DB06791,CC(C)C1C(=O)NC(CSSCC(C(=O)NC(C(=O)NC(C(=O)NC(C(=O)N1)CCCCN)CC2=CNC3=CC=CC=C32)CC4=CC=C(C=C4)O)NC(=O)C(CC5=CC6=CC=CC=C6C=C5)N)C(=O)NC(C(C)O)C(=O)N
DB06792,C(=O)([O-])[O-].C(=O)([O-])[O-].C(=O)([O-])[O-].[La+3].[La+3]
DB06799,C1N2CN3CN1CN(C2)C3
DB06800,C[N+]1(CC[C@]23[C@@H]4C(=O)CC[C@]2([C@H]1CC5=C3C(=C(C=C5)O)O4)O)CC6CC6
DB06802,C1=CC=C(C=C1)C(=O)C2=CC=CC(=C2N)CC(=O)N
DB06803,C1=CC(=C(C=C1[N+](=O)[O-])Cl)NC(=O)C2=C(C=CC(=C2)Cl)O
DB06810,CC1C(C(CC(O1)OC2CC(OC(C2O)C)OC3=CC4=CC5=C(C(=O)C(C(C5)C(C(=O)C(C(C)O)O)OC)OC6CC(C(C(O6)C)O)OC7CC(C(C(O7)C)O)OC8CC(C(C(O8)C)O)(C)O)C(=C4C(=C3C)O)O)O)O
DB06813,C#CCC(CC1=CN=C2C(=N1)C(=NC(=N2)N)N)C3=CC=C(C=C3)C(=O)NC(CCC(=O)O)C(=O)O
DB06817,CC1=NN=C(O1)C(=O)NC(C)(C)C2=NC(=C(C(=O)N2C)O)C(=O)NCC3=CC=C(C=C3)F
DB06819,C1=CC=C(C=C1)CCCC(=O)O
DB06822,CC(=O)NC1C(C(C(OC1O)COS(=O)(=O)O)OC2C(C(C(C(O2)C(=O)O)OC3C(C(C(C(O3)CO)OC4C(C(C(C(O4)C(=O)O)O)O)OS(=O)(=O)O)OS(=O)(=O)O)NS(=O)(=O)O)O)OS(=O)(=O)O)O
DB06824,C(CNCCNCCN)N
DB06825,CC(C)CC(C(=O)NC(CCCN=C(N)N)C(=O)N1CCCC1C(=O)NCC(=O)N)NC(=O)C(CC2=CNC3=CC=CC=C32)NC(=O)C(CC4=CC=C(C=C4)O)NC(=O)C(CO)NC(=O)C(CC5=CNC6=CC=CC=C65)NC(=O)C(CC7=CN=CN7)NC(=O)C8CCC(=O)N8
DB06826,CCCCCCCC(=O)CCC1C(CC(C1CC=CCCCC(=O)O)O)O
DB08815,C1CC[C@H]([C@@H](C1)CN2CCN(CC2)C3=NSC4=CC=CC=C43)CN5C(=O)[C@H]6[C@@H]7CC[C@@H](C7)[C@H]6C5=O
DB08816,CCCSC1=NC(=C2C(=N1)N(N=N2)C3CC(C(C3O)O)OCCO)NC4CC4C5=CC(=C(C=C5)F)F
DB08819,CC(C)OC(=O)CCCC=CCC1C(CC(C1C=CC(COC2=CC=CC=C2)(F)F)O)O
DB08820,CC(C)(C)C1=CC(=C(C=C1NC(=O)C2=CNC3=CC=CC=C3C2=O)O)C(C)(C)C
DB08822,CCOC1=NC2=CC=CC(=C2N1CC3=CC=C(C=C3)C4=CC=CC=C4C5=NOC(=O)N5)C(=O)OCC6=C(OC(=O)O6)C
DB08824,COC(=O)C1C2CCC(N2CCCF)CC1C3=CC=C(C=C3)I
DB08826,CC1=C(C(=O)C=CN1C)O
DB08827,C1CN(CCC1NC(=O)C2=CC=CC=C2C3=CC=C(C=C3)C(F)(F)F)CCCCC4(C5=CC=CC=C5C6=CC=CC=C64)C(=O)NCC(F)(F)F
DB08828,CS(=O)(=O)C1=CC(=C(C=C1)C(=O)NC2=CC(=C(C=C2)Cl)C3=CC=CC=N3)Cl
DB08860,C1CC1C2=NC3=CC=CC=C3C(=C2/C=C/[C@H](C[C@H](CC(=O)O)O)O)C4=CC=C(C=C4)F
DB08864,CC1=CC(=CC(=C1NC2=NC(=NC=C2)NC3=CC=C(C=C3)C#N)C)C=CC#N
DB08865,CC(C1=C(C=CC(=C1Cl)F)Cl)OC2=C(N=CC(=C2)C3=CN(N=C3)C4CCNCC4)N
DB08867,CC(=O)C1(CCC2C1(CC(C3=C4CCC(=O)C=C4CCC23)C5=CC=C(C=C5)N(C)C)C)O
DB08868,CCCCCCCCC1=CC=C(C=C1)CCC(CO)(CO)N
DB08869,CCC=CCC(=O)NC(CC1=CC=C(C=C1)O)C(=O)NC(C)C(=O)NC(CC(=O)O)C(=O)NC(C)C(=O)NC(C(C)CC)C(=O)NC(CC2=CC=CC=C2)C(=O)NC(C(C)O)C(=O)NC(CC(=O)N)C(=O)NC(CO)C(=O)NC(CC3=CC=C(C=C3)O)C(=O)NC(CCCNC(=N)N)C(=O)NC(CCCCN)C(=O)NC(C(C)C)C(=O)NC(CC(C)C)C(=O)NCC(=O)NC(CCC(=O)N)C(=O)NC(CC(C)C)C(=O)NC(CO)C(=O)NC(C)C(=O)NC(CCCNC(=N)N)C(=O)NC(CCCCN)C(=O)NC(CC(C)C)C(=O)NC(CC(C)C)C(=O)NC(CCC(=O)N)C(=O)NC(CC(=O)O)C(=O)NC(C(C)CC)C(=O)NC(CCSC)C(=O)NC(CO)C(=O)NC(CCCNC(=N)N)C(=O)NC(CCC(=O)N)C(=O)NC(CCC(=O)N)C(=O)NCC(=O)NC(CCC(=O)O)C(=O)NC(CO)C(=O)NC(CC(=O)N)C(=O)NC(CCC(=O)N)C(=O)NC(CCC(=O)O)C(=O)NC(CCCNC(=N)N)C(=O)NCC(=O)NC(C)C(=O)NC(CCCNC(=N)N)C(=O)NC(C)C(=O)NC(CCCNC(=N)N)C(=O)NC(CC(C)C)C(=O)N
DB08871,CC1CC2CCC3C(=C)CC(O3)CCC45CC6C(O4)C7C(O6)C(O5)C8C(O7)CCC(O8)CC(=O)CC9C(CC(C1=C)O2)OC(C9OC)CC(CN)O
DB08873,CC1(C2C1C(N(C2)C(=O)C(C(C)(C)C)NC(=O)NC(C)(C)C)C(=O)NC(CC3CCC3)C(=O)C(=O)N)C
DB08874,CCC1C=C(C(CC=CC=C(C(=O)OC(CC=C(C=C(C1OC2C(C(C(C(O2)(C)C)OC(=O)C(C)C)O)O)C)C)C(C)O)COC3C(C(C(C(O3)C)OC(=O)C4=C(C(=C(C(=C4O)Cl)O)Cl)CC)O)OC)O)C
DB08875,COC1=CC2=C(C=CN=C2C=C1OC)OC3=CC=C(C=C3)NC(=O)C4(CC4)C(=O)NC5=CC=C(C=C5)F
DB08877,C1CCC(C1)C(CC#N)N2C=C(C=N2)C3=C4C=CNC4=NC=N3
DB08880,CC(=C(C#N)C(=O)NC1=CC=C(C=C1)C(F)(F)F)O
DB08881,CCCS(=O)(=O)NC1=C(C(=C(C=C1)F)C(=O)C2=CNC3=C2C=C(C=N3)C4=CC=C(C=C4)Cl)F
DB08882,CC#CCN1C2=C(N=C1N3CCCC(C3)N)N(C(=O)N(C2=O)CC4=NC5=CC=CC=C5C(=N4)C)C
DB08883,C1=CC=C(C=C1)N2C=C(C=C(C2=O)C3=CC=CC=C3C#N)C4=CC=CC=N4
DB08884,[H+].[H+].CCOC1=CC=C(C=C1)C[C@@H](CN(CCN(CC(=O)[O-])CC(=O)[O-])CC(=O)[O-])N(CC(=O)[O-])CC(=O)[O-].[Gd+3]
DB08889,CC(C)CC(C(=O)C1(CO1)C)NC(=O)C(CC2=CC=CC=C2)NC(=O)C(CC(C)C)NC(=O)C(CCC3=CC=CC=C3)NC(=O)CN4CCOCC4
DB08890,CC1C(=O)NC2CSSCC3C(=O)NC(C(=O)NC(C(=O)NC(CSSCC(NC(=O)CNC(=O)C(NC2=O)C(C)O)C(=O)NC(CC4=CC=C(C=C4)O)C(=O)O)C(=O)NC(CSSCC(C(=O)N3)N)C(=O)NC(C(=O)N5CCCC5C(=O)N1)CC(=O)N)CC6=CC=C(C=C6)O)CCC(=O)O
DB08893,C1=CC=C(C=C1)C(CNCCC2=CC=C(C=C2)NC(=O)CC3=CSC(=N3)N)O
DB08895,CC1CCN(CC1N(C)C2=NC=NC3=C2C=CN3)C(=O)CC#N
DB08896,CNC(=O)C1=NC=CC(=C1)OC2=CC(=C(C=C2)NC(=O)NC3=CC(=C(C=C3)Cl)C(F)(F)F)F
DB08897,C1C[N+]2(CCC1C(C2)OC(=O)C(C3=CC=CS3)(C4=CC=CS4)O)CCCOC5=CC=CC=C5
DB08898,[Zn+2].[Zn+2].[Zn+2].[Zn+2]
DB08899,CC1(C(=O)N(C(=S)N1C2=CC(=C(C=C2)C(=O)NC)F)C3=CC(=C(C=C3)C#N)C(F)(F)F)C
DB08900,CCC(C)C(C(=O)NC(C(C)O)C(=O)NC(CC(=O)O)C(=O)O)NC(=O)C(CCCCN)NC(=O)C(C(C)O)NC(=O)C(CCC(=O)N)NC(=O)C(C(C)CC)NC(=O)C(CC(C)C)NC(=O)C(CC1=CNC2=CC=CC=C21)NC(=O)C(CC(=O)N)NC(=O)C(C(C)CC)NC(=O)C(CC3=CC=CC=C3)NC(=O)C(CC(=O)O)NC(=O)C(CCCNC(=N)N)NC(=O)C(C)NC(=O)C(C)NC(=O)C(CC(C)C)NC(=O)C(CC(=O)N)NC(=O)C(CC(=O)O)NC(=O)C(CC(C)C)NC(=O)C(C(C)CC)NC(=O)C(C(C)O)NC(=O)C(CC(=O)N)NC(=O)C(CCSC)NC(=O)C(CCC(=O)O)NC(=O)C(CC(=O)O)NC(=O)C(CO)NC(=O)C(CC4=CC=CC=C4)NC(=O)C(CO)NC(=O)CNC(=O)C(CC(=O)O)NC(=O)CNC(=O)C(CC5=CN=CN5)N
DB08901,CC1=C(C=C(C=C1)C(=O)NC2=CC(=C(C=C2)CN3CCN(CC3)C)C(F)(F)F)C#CC4=CN=C5N4N=CC=C5
DB08903,CN(C)CCC(C1=CC=CC2=CC=CC=C21)(C(C3=CC=CC=C3)C4=C(N=C5C=CC(=CC5=C4)Br)OC)O
DB08907,CC1=C(C=C(C=C1)C2C(C(C(C(O2)CO)O)O)O)CC3=CC=C(S3)C4=CC=C(C=C4)F
DB08908,COC(=O)C=CC(=O)OC
DB08909,C1=CC=C(C=C1)CCCC(=O)OCC(COC(=O)CCCC2=CC=CC=C2)OC(=O)CCCC3=CC=CC=C3
DB08910,C1CC(=O)NC(=O)C1N2C(=O)C3=C(C2=O)C(=CC=C3)N
DB08911,CC1=C2C(=C(N(C1=O)C)NC3=C(C=C(C=C3)I)F)C(=O)N(C(=O)N2C4=CC=CC(=C4)NC(=O)C)C5CC5
DB08912,CC(C)(C)C1=NC(=C(S1)C2=NC(=NC=C2)N)C3=C(C(=CC=C3)NS(=O)(=O)C4=C(C=CC=C4F)F)F
DB08916,CN(C)CC=CC(=O)NC1=C(C=C2C(=C1)C(=NC=N2)NC3=CC(=C(C=C3)F)Cl)OC4CCOC4
DB08917,C(C1C(C(C(C(O1)OC2C(OC(C(C2O)O)OC3C(OC(C(C3O)O)OC(C(CO)O)C(C(C(=O)[O-])O)O)CO)CO)O)O)O)O.O.[OH-].[O-2].[Fe+3]
DB08918,CCN(CC)C(=O)C1(CC1CN)C2=CC=CC=C2
DB08930,CC1CCOC2N1C(=O)C3=C(C(=O)C(=CN3C2)C(=O)NCC4=C(C=C(C=C4)F)F)O
DB08931,CN(C1=C(N=C(N=C1N)C2=NN(C3=C2C=CC=N3)CC4=CC=CC=C4F)N)C(=O)OC
DB08932,CCCNS(=O)(=O)NC1=C(C(=NC=N1)OCCOC2=NC=C(C=N2)Br)C3=CC=C(C=C3)Br
DB08934,CC(C)OC(=O)C(C)NP(=O)(OCC1C(C(C(O1)N2C=CC(=O)NC2=O)(C)F)O)OC3=CC=CC=C3
DB08936,CN1CCN(CC1)C(C2=CC=CC=C2)C3=CC=C(C=C3)Cl
DB08938,[OH-].[O-]S(=O)(=O)[O-].[Mg+2].[Al+3]
DB08941,CC(COC1=CC=CC=C1)NC(C)C(C2=CC=C(C=C2)O)O
DB08946,CCC(CC1=C(C(=C(C=C1I)I)N)I)C(=O)O
DB08947,CC(C(=O)NC1=C(C(=C(C(=C1I)C(=O)NC(CO)CO)I)C(=O)NC(CO)CO)I)O
DB08987,CCCN(CC)C(CC)C(=O)NC1=C(C=CC=C1C)C
DB09009,CCCNC(C)C(=O)NC1=C(SC=C1C)C(=O)OC
DB09020,CC(=O)OC1=CC=C(C=C1)C(C2=CC=C(C=C2)OC(=O)C)C3=CC=CC=N3
DB09026,CC(C)C(CC1=CC(=C(C=C1)OC)OCCCOC)CC(C(CC(C(C)C)C(=O)NCC(C)(C)C(=O)N)O)N
DB09027,CC(C)C(C(=O)N1CC2(CC2)CC1C3=NC=C(N3)C4=CC5=C(C=C4)C6=C(C5(F)F)C=C(C=C6)C7=CC8=C(C=C7)N=C(N8)C9C1CCC(C1)N9C(=O)C(C(C)C)NC(=O)OC)NC(=O)OC
DB09030,CCOC(=O)NC1CCC2C(C1)CC3C(C2C=CC4=NC=C(C=C4)C5=CC(=CC=C5)F)C(OC3=O)C
DB09031,CCCCCCCCCCCCCCCCOP(=O)([O-])OCC[N+](C)(C)C
DB09034,CC1CCN(CCN1C(=O)C2=C(C=CC(=C2)C)N3N=CC=N3)C4=NC5=C(O4)C=CC(=C5)Cl
DB09038,C1COCC1OC2=CC=C(C=C2)CC3=C(C=CC(=C3)C4C(C(C(C(O4)CO)O)O)O)Cl
DB09039,CCCCCCCC(=O)N[C@H](CN1CCCC1)[C@@H](C2=CC3=C(C=C2)OCCO3)O
DB09043,CC[C@@H](C)[C@@H](C(=O)N[C@H](C)C(=O)N[C@@H](CC1=CNC2=CC=CC=C21)C(=O)N[C@@H](CC(C)C)C(=O)N[C@@H](C(C)C)C(=O)N[C@@H](CCCCN)C(=O)NCC(=O)N[C@@H](CCCNC(=N)N)C(=O)N)NC(=O)[C@H](CC3=CC=CC=C3)NC(=O)[C@H](CCC(=O)O)NC(=O)[C@H](CCCCN)NC(=O)[C@@H](C)NC(=O)[C@@H](C)NC(=O)[C@H](CCC(=O)N)NC(=O)CNC(=O)[C@H](CCC(=O)O)NC(=O)[C@H](CC(C)C)NC(=O)[C@H](CC4=CC=C(C=C4)O)NC(=O)[C@H](CO)NC(=O)[C@H](CO)NC(=O)[C@H](C(C)C)NC(=O)[C@H](CC(=O)O)NC(=O)[C@H](CO)NC(=O)[C@H]([C@H](C)O)NC(=O)[C@H](CC5=CC=CC=C5)NC(=O)[C@H]([C@H](C)O)NC(=O)CNC(=O)[C@H](CCC(=O)O)NC(=O)CNC(=O)[C@H](CC6=CN=CN6)N
DB09048,CC1=CC=CC=C1C2=CC(=NC=C2N(C)C(=O)C(C)(C)C3=CC(=CC(=C3)C(F)(F)F)C(F)(F)F)N4CCN(CC4)C
DB09049,COCCOCCOCCOCCOCCOCCOCCOC1CCC2(C3CC4=C5C2(C1OC5=C(C=C4)O)CCN3CC=C)O
DB09050,CC(C)(C(=O)O)O/N=C(/C1=NSC(=N1)N)\\C(=O)N[C@H]2[C@@H]3N(C2=O)C(=C(CS3)C[N+]4=CC(=C(N4C)N)NC(=O)NCCN)C(=O)[O-]
DB09053,C=CC(=O)N1CCCC(C1)N2C3=NC=NC(=C3C(=N2)C4=CC=C(C=C4)OC5=CC=CC=C5)N
DB09054,CCC(C1=NC2=C(C(=CC=C2)F)C(=O)N1C3=CC=CC=C3)NC4=NC=NC5=C4NC=N5
DB09060,C1C[C@H](N2C[C@@H]1N(C2=O)OS(=O)(=O)O)C(=O)N
DB09061,CCCCCC1=CC(=C(C(=C1)O)C2C=C(CCC2C(=C)C)C)O
DB09063,CC1=CC(=C(C=C1C2CCNCC2)OC(C)C)NC3=NC=C(C(=N3)NC4=CC=CC=C4S(=O)(=O)C(C)C)Cl
DB09065,CC(C)C1=NC(=CS1)CN(C)C(=O)NC(CCN2CCOCC2)C(=O)NC(CCC(CC3=CC=CC=C3)NC(=O)OCC4=CN=CS4)CC5=CC=CC=C5
DB09068,CC1=CC(=C(C=C1)SC2=CC=CC=C2N3CCNCC3)C
DB09071,CCC(=O)NCC1CC1C2=C3CCOC3=CC=C2
DB09072,C(CC(=O)[O-])CO.[Na+]
DB09073,CC1=C(C(=O)N(C2=NC(=NC=C12)NC3=NC=C(C=C3)N4CCNCC4)C5CCCC5)C(=O)C
DB09074,C1CC1C(=O)N2CCN(CC2)C(=O)C3=C(C=CC(=C3)CC4=NNC(=O)C5=CC=CC=C54)F
DB09075,CN1CCC2=C(C1)SC(=N2)C(=O)N[C@@H]3C[C@H](CC[C@@H]3NC(=O)C(=O)NC4=NC=C(C=C4)Cl)C(=O)N(C)C
DB09076,C1C[N+]2(CCC1(CC2)C(C3=CC=CC=C3)(C4=CC=CC=C4)O)CCOCC5=CC=CC=C5
DB09078,COC1=CC2=NC=CC(=C2C=C1C(=O)N)OC3=CC(=C(C=C3)NC(=O)NC4CC4)Cl
DB09079,CN1CCN(CC1)CC(=O)N(C)C2=CC=C(C=C2)N=C(C3=CC=CC=C3)C4=C(NC5=C4C=CC(=C5)C(=O)OC)O
DB09080,CC(C)(CC1=CC=C(C=C1)OC)NCC(C2=C3C(=CC(=C2)O)NC(=O)CO3)O
DB09082,C1=CC(=C(C(=C1)Cl)COCCOCCCCCCNCC(C2=CC(=C(C=C2)O)CO)O)Cl
DB09083,CN(CCCN1CCC2=CC(=C(C=C2CC1=O)OC)OC)CC3CC4=CC(=C(C=C34)OC)OC
DB09085,CCCCNC1=CC=C(C=C1)C(=O)OCCN(C)C
DB09096,C1=CC=C(C=C1)C(=O)OOC(=O)C2=CC=CC=C2
DB09098,CC(C)C(C(=O)NC(C)C(=O)NC(C(C)C)C(=O)NCC(=O)NC(CCC(=O)O)C(=O)NC(CCC(=O)O)C(=O)N1CCCC1C(=O)NCC(=O)N2CCCC2C(=O)NC(CCCN=C(N)N)C(=O)N)N
DB09101,CC(C)C(CO)N1C=C(C(=O)C2=C1C=C(C(=C2)CC3=C(C(=CC=C3)Cl)F)OC)C(=O)O
DB09102,CC(C)C(C(=O)N1CCCC1C2=NC=C(N2)C3=CC=C(C=C3)C4=CC=C(C=C4)C5=CN=C(N5)C6CCCN6C(=O)C(C(C)C)NC(=O)OC)NC(=O)OC
DB09104,[OH-].[OH-].[Mg+2]
DB09110,C(CS(=O)(=O)O)S
DB09112,N(=O)O
DB09115,C1=CC2=C(C(=C(C=C2I)I)O)N=C1
DB09117,CC1OC(OC(O1)C)C
DB09118,CC(C)(C)C(C=CC1=CC2=C(C=C1)OCO2)O
DB09121,C(C1C(C(C(C(O1)[S-])O)O)O)O.[Au+]
DB09123,CC12CCC3=C4CCC(=O)C=C4CCC3C1CCC2(CC#N)O
DB09125,C(C(=O)[O-])C(CC(=O)[O-])(C(=O)[O-])O.[K+].[K+].[K+]
DB09126,CCC(C)C(C(=O)NC(CC(C)C)C(=O)N1CCCC1C(=O)NC(CCC(=O)N)C(=O)O)NC(=O)C2CCCN2C(=O)C(C(C)O)NC(=O)C(CC(=O)O)NC(=O)C(CO)NC(=O)C3CCCN3C(=O)CNC(=O)C4CCCN4C(=O)C(CC(C)C)NC(=O)C(CCCNC(=N)N)NC(=O)C(CO)NC(=O)C5CCCN5C(=O)C(CO)NC(=O)C6CCCN6C(=O)C(CC(C)C)NC(=O)C(CO)NC(=O)C7CCCN7C(=O)C8CCCN8C(=O)C9CCCN9C(=O)C(C)N
DB09128,C1CN(CCN1CCCCOC2=CC3=C(C=C2)C=CC(=O)N3)C4=C5C=CSC5=CC=C4
DB09129,Cl[Cr](Cl)Cl
DB09132,C1CN(CCN(CCN(CCN1CC(=O)O)CC(=O)[O-])CC(=O)[O-])CC(=O)[O-].[Gd+3]
DB09133,CC(=O)NC1=C(C(=C(C(=C1I)C(=O)O)I)C(=O)NC)I
DB09134,C(CO)N(C1=C(C(=C(C(=C1I)C(=O)NCC(CO)O)I)C(=O)NCC(CO)O)I)C(=O)CO
DB09135,CC(=O)N(CC(CO)O)C1=C(C(=C(C(=C1I)C(=O)NCC(CO)O)I)C(=O)NCCO)I
DB09140,O=O
DB09143,CC1CN(CC(O1)C)C2=NC=C(C=C2)NC(=O)C3=CC=CC(=C3C)C4=CC=C(C=C4)OC(F)(F)F
DB09146,C([C@@H]1[C@H]([C@@H]([C@H]([C@H](O1)O[C@]2([C@H]([C@@H]([C@H](O2)CO)O)O)CO)O)O)O)O.O.O.O.[OH-].[O-2].[O-2].[O-2].[O-2].[O-2].[O-2].[O-2].[O-2].[Na+].[Na+].[Fe+3].[Fe+3].[Fe+3].[Fe+3].[Fe+3]
DB09153,[Na+].[Cl-]
DB09154,C(C(=O)[O-])C(CC(=O)[O-])(C(=O)[O-])O.[Na+].[Na+].[Na+]
DB09156,CN(CC(CO)O)C(=O)C1=C(C(=C(C(=C1I)C(=O)NCC(CO)O)I)NC(=O)COC)I
DB09183,CC(C)(C)C1=CC(=CC(=C1OC)C2=CC3=C(C=C2)C=C(C=C3)NS(=O)(=O)C)N4C=CC(=O)NC4=O
DB09237,CCOC(=O)C1=C(NC(=C(C1C2=CC=CC=C2Cl)C(=O)OC)C)COCCN
DB09241,CN(C)C1=CC2=C(C=C1)N=C3C=CC(=[N+](C)C)C=C3S2.[Cl-]
DB09255,C(C1C(C(C(C(O1)OCC2C(C(C(C(O2)OCC(C(C(C(C=O)O)O)O)O)O)O)O)O)O)O)O
DB09265,CCC(C)C(C(=O)NC(CCC(=O)O)C(=O)NC(CC1=CNC2=CC=CC=C21)C(=O)NC(CC(C)C)C(=O)NC(CCCCN)C(=O)NC(CC(=O)N)C(=O)NCC(=O)NCC(=O)N3CCCC3C(=O)NC(CO)C(=O)NC(CO)C(=O)NCC(=O)NC(C)C(=O)N4CCCC4C(=O)N5CCCC5C(=O)NC(CO)C(=O)NC(CCCCN)C(=O)NC(CCCCN)C(=O)NC(CCCCN)C(=O)NC(CCCCN)C(=O)NC(CCCCN)C(=O)NC(CCCCN)C(=O)N)NC(=O)C(CC6=CC=CC=C6)NC(=O)C(CC(C)C)NC(=O)C(CCCNC(=N)N)NC(=O)C(C(C)C)NC(=O)C(C)NC(=O)C(CCC(=O)O)NC(=O)C(CCC(=O)O)NC(=O)C(CCC(=O)O)NC(=O)C(CCSC)NC(=O)C(CCC(=O)N)NC(=O)C(CCCCN)NC(=O)C(CO)NC(=O)C(CC(C)C)NC(=O)C(CC(=O)O)NC(=O)C(CO)NC(=O)C(C(C)O)NC(=O)C(CC7=CC=CC=C7)NC(=O)C(C(C)O)NC(=O)CNC(=O)C(CCC(=O)O)NC(=O)CNC(=O)C(CC8=CNC=N8)N
DB09268,C1=CC=NC(=C1)C(C2=CC=C(C=C2)OS(=O)(=O)O)C3=CC=C(C=C3)OS(=O)(=O)O
DB09269,C1=CC=C(C=C1)CC(=O)O
DB09272,CC1=CC(=CC(=C1CC(C(=O)N(CC2=CC(=C(C=C2)OC)C(=O)O)C(C)C3=NC=C(N3)C4=CC=CC=C4)N)C)C(=O)N
DB09274,CC1CCC2C(C(OC3C24C1CCC(O3)(OO4)C)OC(=O)CCC(=O)O)C
DB09275,C(C(=O)[O-])C(CC(=O)[O-])(C(=O)[O-])O.C(C(=O)[O-])C(CC(=O)[O-])(C(=O)[O-])O.[K+].[K+].[K+].[K+].[K+].[Bi+3]
DB09276,C(C(C(=O)[O-])[S-])C(=O)[O-].[Na+].[Na+].[Au+]
DB09278,[C]
DB09280,CC1=C(N=C(C=C1)NC(=O)C2(CC2)C3=CC4=C(C=C3)OC(O4)(F)F)C5=CC(=CC=C5)C(=O)O
DB09287,C(CO)O
DB09291,CC(C1=CC(=CC(=C1)C(F)(F)F)C(F)(F)F)OCC2(CCC3(CCC(=O)N3)CN2)C4=CC=CC=C4
DB09292,CCOC(=O)[C@H](C)C[C@@H](CC1=CC=C(C=C1)C2=CC=CC=C2)NC(=O)CCC(=O)O
DB09293,[131I-]
DB09296,CC(C)C(C(=O)N1CCCC1C(=O)NC2=CC=C(C=C2)C3CCC(N3C4=CC=C(C=C4)C(C)(C)C)C5=CC=C(C=C5)NC(=O)C6CCCN6C(=O)C(C(C)C)NC(=O)OC)NC(=O)OC
DB09297,CC1=CN=C(C=N1)C(=O)NC2CCCCCC=CC3CC3(NC(=O)C4CC(CN4C2=O)OC5=NC6=CC=CC=C6C7=CC=CC=C75)C(=O)NS(=O)(=O)C8CC8
DB09316,Cl[Tl]
DB09322,[O-]S(=O)(=O)[O-].[Zn+2]
DB09330,CN1C=C(C2=CC=CC=C21)C3=NC(=NC=C3)NC4=C(C=C(C(=C4)NC(=O)C=C)N(C)CCN(C)C)OC
DB09333,CN(C)C=NC1=C(C=C(C(=C1I)CCC(=O)O)I)I
DB09340,CCCC(=O)NC1=C(C=C(C(=C1I)CC(CC)C(=O)O)I)I
DB09341,C(C1C(C(C(C(O1)O)O)O)O)O
DB09343,C1CC(=N)N(C1)CC2=C(C(=O)NC(=O)N2)Cl
DB09351,CC(C)NCC(COC1=CC=C(C=C1)CCOCC2CC2)O
DB09352,CC(CC1=CC=C(C=C1)O)N
DB09353,S1SSSSSSS1
DB09389,CCC12CCC3C(C1CCC2(C#C)O)CCC4=CC(=O)CCC34
DB09395,CC(=O)[O-].[Na+]
DB09401,C1C(C2C(O1)C(CO2)O)O
DB09407,O.O.O.O.O.O.[Mg+2].[Cl-].[Cl-]
DB09413,OP(=O)(O)[O-].[K+]
DB09418,[O-]Cl(=O)(=O)=O.[K+]
DB09420,[123I-]
DB09425,[H+].[H+].C(CN(CC(=O)[O-])CC(=O)[O-])N(CCN(CC(=O)[O-])CC(=O)[O-])CC(=O)[O-].[111In+3]
DB09462,C(C(CO)O)O
DB09472,[O-]S(=O)(=O)[O-].[Na+].[Na+]
DB09473,C1=CC2=C(C(=C1)O[In](OC3=CC=CC4=C3N=CC=C4)OC5=CC=CC6=C5N=CC=C6)N=CC=C2
DB09481,C(=O)([O-])[O-].[Mg+2]
DB09488,CC1=CC=C(C=C1)C(=CCN2CCCC2)C3=CC=CC(=N3)C=CC(=O)O
DB09498,[Cl-].[Cl-].[Sr+2]
DB09502,C([C@H]([C@H]([C@@H]([C@H](C=O)F)O)O)O)O
DB09508,[O-2].[O-2].[O-2].[O-2].[Fe+2].[Fe+3].[Fe+3]
DB09512,CO[Si](C)(C)O[Si](C)(C)C.O=[Si]=O
DB09517,C(C(C(C(C(C(=O)[O-])O)O)O)O)O.[Na+].[Fe+3]
DB09532,C[C@H]([C@@H](C(=O)N[C@@H](CC1=CC=CC=C1)C(=O)N[C@@H]([C@@H](C)O)C(=O)N[C@@H](CO)C(=O)N[C@@H](CCC(=O)O)C(=O)N[C@@H](CC(C)C)C(=O)N[C@@H](CO)C(=O)N[C@@H](CCCNC(=N)N)C(=O)N[C@@H](CC(C)C)C(=O)N[C@@H](CCCNC(=N)N)C(=O)N[C@@H](CCC(=O)O)C(=O)NCC(=O)N[C@@H](C)C(=O)N[C@@H](CCCNC(=N)N)C(=O)N[C@@H](CC(C)C)C(=O)N[C@@H](CCC(=O)N)C(=O)N[C@@H](CCCNC(=N)N)C(=O)N[C@@H](CC(C)C)C(=O)N[C@@H](CC(C)C)C(=O)N[C@@H](CCC(=O)N)C(=O)NCC(=O)N[C@@H](CC(C)C)C(=O)N[C@@H](C(C)C)C(=O)N)NC(=O)CNC(=O)[C@H](CC(=O)O)NC(=O)[C@H](CO)NC(=O)[C@H](CC2=CN=CN2)N)O
DB09543,COC(=O)C1=CC=CC=C1O
DB09561,C(C(COP(=O)([O-])[O-])O)O.[Na+].[Na+]
DB09564,CCC(C)C1C(=O)NC2CSSCC(C(=O)NC(CSSCC(C(=O)NCC(=O)NC(C(=O)NC(C(=O)NC(C(=O)NC(C(=O)NC(C(=O)NC(C(=O)NC(C(=O)NC(C(=O)NC(C(=O)NC(C(=O)NC(CSSCC(NC(=O)C(NC(=O)C(NC(=O)C(NC(=O)C(NC(=O)C(NC(=O)C(NC(=O)C(NC(=O)C(NC2=O)CO)CC(C)C)CC3=CC=C(C=C3)O)CCC(=O)N)CC(C)C)CCC(=O)O)CC(=O)N)CC4=CC=C(C=C4)O)C(=O)NC(CC(=O)N)C(=O)O)C(=O)NCC(=O)NC(CCC(=O)O)C(=O)NC(CCCNC(=N)N)C(=O)NCC(=O)NC(CC5=CC=CC=C5)C(=O)NC(CC6=CC=CC=C6)C(=O)NC(CC7=CC=C(C=C7)O)C(=O)NC(C(C)O)C(=O)N8CCCC8C(=O)NC(CCCCNC(=O)CCC(C(=O)O)NC(=O)CCCCCCCCCCCCCCC(=O)O)C(=O)O)C(C)C)CC(C)C)CC9=CC=C(C=C9)O)CC(C)C)C)CCC(=O)O)C(C)C)CC(C)C)CC2=CNC=N2)CO)NC(=O)C(CC(C)C)NC(=O)C(CC2=CNC=N2)NC(=O)C(CCC(=O)N)NC(=O)C(CC(=O)N)NC(=O)C(C(C)C)NC(=O)C(CC2=CC=CC=C2)N)C(=O)NC(C(=O)NC(C(=O)N1)CO)C(C)O)NC(=O)C(CCC(=O)N)NC(=O)C(CCC(=O)O)NC(=O)C(C(C)C)NC(=O)C(C(C)CC)NC(=O)CN
DB09570,B(C(CC(C)C)NC(=O)CNC(=O)C1=C(C=CC(=C1)Cl)Cl)(O)O
DB09571,C[C@H](CC1=CC=CC=C1)NC
DB10344,C[C@H]1[C@@H]2CC[C@]([C@@H]3[C@H]4[C@H]5C=C([C@@]6([C@H]4C(=C3[C@H]2OC1=O)C)[C@@H]5[C@@](CC[C@@H]7[C@@H]6OC(=O)[C@H]7C)(C)O)C)(C)O
DB10429,C[C@H]([C@@H]1C(=O)N2[C@]1([C@](C(=C2C(=O)OCC3=CC=C(C=C3)[N+](=O)[O-])OC4=CC=CC=C4)(C)OC5=CC=CC=C5)OP(=O)(O)O)O
DB10658,CC(C)C(=O)OC(C)(C)CCC1=CC=CC=C1
DB10675,C[C@]12CC[C@](C[C@H]1C3=CC(=O)[C@@H]4[C@]5(CC[C@@H](C([C@@H]5CC[C@]4([C@@]3(CC2)C)C)(C)C)O[C@@H]6[C@@H]([C@H]([C@@H]([C@H](O6)C(=O)O)O)O)O[C@H]7[C@@H]([C@H]([C@@H]([C@H](O7)C(=O)O)O)O)O)C)(C)C(=O)O.[Zn]
DB11071,C1=CC=C(C=C1)OC(=O)C2=CC=CC=C2O
DB11080,[N+](=O)([O-])[O-].[Ag+]
DB11085,C1=CC(=CC(=C1)O)O
DB11089,CCCCC(CC)COC(=O)CC(C(=O)OCC(CC)CCCC)S(=O)(=O)O
DB11093,C(C(=O)[O-])C(CC(=O)[O-])(C(=O)[O-])O.C(C(=O)[O-])C(CC(=O)[O-])(C(=O)[O-])O.[Ca+2].[Ca+2].[Ca+2]
DB11095,CCC(C)C1C(=O)NC(C(=O)NCC(=O)NC(C(=O)NC(C(=O)NCC(=O)NC(C(=O)NC(C(=O)NC(C(=O)NC(C(=O)NC(CSSCC2C(=O)NCC(=O)NC(C(=O)NCC(=O)NC(C(=O)NC(C(=O)NC(CSSCC(C(=O)NC(C(=O)NCC(=O)NC(C(=O)NC(C(=O)NC(C(=O)N2)C(C)C)CC(=O)N)CO)CCC(=O)O)NC(=O)C(CC(C)C)NC(=O)C3CSSCC(C(=O)NC(C(=O)NC(C(=O)NC(C(=O)NCC(=O)NC(C(=O)NC(C(=O)NC(C(=O)N3)CC(C)C)CC(=O)N)CCC(=O)N)CO)CCC(=O)O)C(C)O)NC(=O)C(CC(=O)O)NC(=O)C(C(C)O)NC(=O)C(CC4=CC=C(C=C4)O)NC(=O)C(C(C)C)NC(=O)C(C(C)C)N)C(=O)N1)CCCCN)CC(=O)N)CCC(=O)N)C(=O)NC(C(C)C)C(=O)NC(C(C)O)C(=O)NCC(=O)NC(CCC(=O)O)C(=O)NCC(=O)NC(C(C)O)C(=O)N5CCCC5C(=O)NC(CCCCN)C(=O)N6CCCC6C(=O)NC(CCC(=O)N)C(=O)NC(CO)C(=O)NC(CC7=CN=CN7)C(=O)NC(CC(=O)N)C(=O)NC(CC(=O)O)C(=O)NCC(=O)NC(CC(=O)O)C(=O)NC(CC8=CC=CC=C8)C(=O)NC(CCC(=O)O)C(=O)NC(CCC(=O)O)C(=O)NC(C(C)CC)C(=O)N9CCCC9C(=O)NC(CCC(=O)O)C(=O)NC(CCC(=O)O)C(=O)NC(CC1=CC=C(C=C1)O)C(=O)NC(CC(C)C)C(=O)NC(CCC(=O)N)C(=O)O)CCC(=O)N)CC(=O)N)CCCCN)CCC(=O)O)CC(=O)O)CO)CC(C)C
DB11098,C(=O)(O)[O-].[K+]
DB11110,C(C(=O)[O-])C(CC(=O)[O-])(C(=O)[O-])O.C(C(=O)[O-])C(CC(=O)[O-])(C(=O)[O-])O.[Mg+2].[Mg+2].[Mg+2]
DB11113,CCCCCCC(CC=CCCCCCCCC(=O)OCC(COC(=O)CCCCCCCC=CCC(CCCCCC)O)OC(=O)CCCCCCCC=CCC(CCCCCC)O)O
DB11119,[Na+].[I-]
DB11124,CNCC(C1=CC(=C(C=C1)O)O)O
DB11126,C([C@H]([C@H]([C@@H]([C@H](C(=O)[O-])O)O)O)O)O.C([C@H]([C@H]([C@@H]([C@H](C(=O)[O-])O)O)O)O)O.[Ca+2]
DB11133,CCC=CCC=CCC=CCCCCCCCC(=O)O.CCC=CCC=CCC=CCC=CCC=CCCCC(=O)O.CCC=CCC=CCC=CCC=CCC=CCC=CCCC(=O)O
DB11135,[Se]
DB11145,C1=CC2=C(C(=C1)O)N=CC=C2
DB11156,CN1CCCN=C1C=CC2=CC=CS2
DB11158,[C@@H]1([C@H]([C@H](O[C@H]([C@@H]1O)O)C(=O)O)O)O
DB11160,CN(C)CCOC1=CC=CC=C1CC2=CC=CC=C2
DB11180,CCOCCP(CCOCC)CCP(CCOCC)CCOCC
DB11181,CN1[C@@H]2CC[C@H]1CC(C2)OC(=O)C(C3=CC=CC=C3)O
DB11186,CCN(CC)CCOCCOC(=O)C1(CCCC1)C2=CC=CC=C2
DB11189,C(C(=O)[O-])N.C(C(=O)[O-])N.[Mg+2]
DB11228,COC[C@@H]1[C@H]([C@@H]([C@H]([C@@H](O1)O[C@@H]2[C@H](O[C@H]([C@@H]([C@H]2OC)OC)O[C@@H]3[C@H](O[C@H]([C@@H]([C@H]3OC)OC)OC)COC)COC)OC)OC)OC
DB11246,C([C@H]([C@H]([C@@H]([C@H](C(=O)[O-])O)O)O)O)O.C([C@H]([C@H]([C@@H]([C@H](C(=O)[O-])O)O)O)O)O.[Cu+2]
DB11248,C([C@H]([C@H]([C@@H]([C@H](C(=O)[O-])O)O)O)O)O.C([C@H]([C@H]([C@@H]([C@H](C(=O)[O-])O)O)O)O)O.[Zn+2]
DB11255,C1=CC=NC(=C1)C(=O)[O-].C1=CC=NC(=C1)C(=O)[O-].C1=CC=NC(=C1)C(=O)[O-].[Cr+3]
DB11256,CN1[C@H](CNC2=C1C(=O)NC(=N2)N)CNC3=CC=C(C=C3)C(=O)N[C@@H](CCC(=O)O)C(=O)O
DB11264,C(C(COP(=O)([O-])[O-])O)O.[Ca+2]
DB11315,C[N+]1(C2CC(CC1C3C2O3)OC(=O)C(CO)C4=CC=CC=C4)C
DB11348,[O-]P(=O)([O-])[O-].[O-]P(=O)([O-])[O-].[Ca+2].[Ca+2].[Ca+2]
DB11362,CC(C)N(CCCCOCC(=O)NS(=O)(=O)C)C1=CN=C(C(=N1)C2=CC=CC=C2)C3=CC=CC=C3
DB11363,CCC1=CC2=C(C=C1N3CCC(CC3)N4CCOCC4)C(C5=C(C2=O)C6=C(N5)C=C(C=C6)C#N)(C)C
DB11560,C1CC1C2=CC=C(C3=CC=CC=C23)N4C(=NN=C4Br)SCC(=O)O
DB11574,CC(C)C(C(=O)N1CCCC1C2=NC=C(N2)C3=CC4=C(C=C3)N5C(OC6=C(C5=C4)C=CC(=C6)C7=CN=C(N7)C8CCCN8C(=O)C(C(C)C)NC(=O)OC)C9=CC=CC=C9)NC(=O)OC
DB11575,CC(C)(C)[C@H]1C(=O)N2C[C@@H](C[C@H]2C(=O)N[C@@]3(C[C@H]3C=C)C(=O)NS(=O)(=O)C4CC4)OC5=NC6=C(C=CC(=C6)OC)N=C5CCCCC[C@@H]7C[C@H]7OC(=O)N1
DB11581,CC1(CCC(=C(C1)C2=CC=C(C=C2)Cl)CN3CCN(CC3)C4=CC(=C(C=C4)C(=O)NS(=O)(=O)C5=CC(=C(C=C5)NCC6CCOCC6)[N+](=O)[O-])OC7=CN=C8C(=C7)C=CN8)C
DB11590,CC[Hg]SC1=CC=CC=C1C(=O)[O-].[Na+]
DB11596,C1C(N(C2=C(N1)N=C(NC2=O)N)C=O)CNC3=CC=C(C=C3)C(=O)NC(CCC(=O)O)C(=O)O
DB11613,CC1CCC(N1C(=O)C(C(C)C)NC(=O)OC)C2=NC3=C(N2)C=CC4=CC5=C(C=C43)OCC6=C5C=CC(=C6)C7=CN=C(N7)C8CC(CN8C(=O)C(C9=CC=CC=C9)NC(=O)OC)COC
DB11632,CC1=C(C(=[N+](C(=C1Cl)C)[O-])Cl)C2=NOC(=N2)C3=CC(=C(C(=C3)O)O)[N+](=O)[O-]
DB11640,C1=CN=CC(=C1N)N
DB11642,C1CCN(CC1)CCCOCCCC2=CC=C(C=C2)Cl
DB11644,C1=CC2=C(C=C1C(=O)O)OC(=N2)C3=CC(=CC(=C3)Cl)Cl
DB11652,CC1=C(C=CC(=C1)NC2=NC=NC3=C2C=C(C=C3)NC4=NC(CO4)(C)C)OC5=CC6=NC=NN6C=C5
DB11653,CCCCC(C(=O)NC1CC(=O)NCCCCC(NC(=O)C(NC(=O)C(NC(=O)C(NC(=O)C(NC1=O)CC2=CN=CN2)CC3=CC=CC=C3)CCCN=C(N)N)CC4=CNC5=CC=CC=C54)C(=O)O)NC(=O)C
DB11660,C1C(C(C(C1O)CC=CCCCC(=O)OCCCCO[N+](=O)[O-])CCC(CCC2=CC=CC=C2)O)O
DB11677,CCCCCCC(=O)OCC(COC(=O)CCCCCC)OC(=O)CCCCCC
DB11689,CN1C=NC2=C1C=C(C(=C2F)NC3=C(C=C(C=C3)Br)Cl)C(=O)NOCCO
DB11691,CC(C)(C1=NC(=NO1)C2=CC=CC=C2)NC(=O)C3=C(C4C56CCN(C(C5(C3)O)CC7=C6C(=C(C=C7)O)O4)CC8CC8)O
DB11703,CC#CC(=O)N1CCCC1C2=NC(=C3N2C=CN=C3N)C4=CC=C(C=C4)C(=O)NC5=CC=CC=N5
DB11718,CC(C)N1C=C(C(=N1)C2=C(C(=CC(=C2)Cl)NS(=O)(=O)C)F)C3=NC(=NC=C3)NCC(C)NC(=O)OC
DB11730,CN(C)C(=O)C1=CC2=CN=C(N=C2N1C3CCCC3)NC4=NC=C(C=C4)N5CCNCC5
DB11732,CN1CCC(CC1)C(=O)C2=NC(=CC=C2)NC(=O)C3=C(C=C(C=C3F)F)F
DB11750,CC1CC2C3CCC4=CC(=O)C=CC4(C3(C(CC2(C1(C(=O)CCl)O)C)O)F)C
DB11751,CC1COC2N1C(=O)C3=C(C(=O)C(=CN3C2)C(=O)NCC4=C(C=C(C=C4)F)F)O
DB11757,CCN1C2=C(C(=O)N(C1=O)CC)N(C(=N2)C=CC3=CC(=C(C=C3)OC)OC)C
DB11760,CN1C(=NC=N1)C2C(NC3=CC(=CC4=C3C2=NNC4=O)F)C5=CC=C(C=C5)F
DB11791,CNC(=O)C1=C(C=C(C=C1)C2=NN3C(=CN=C3N=C2)CC4=CC5=C(C=C4)N=CC=C5)F
DB11793,C1CC(CNC1)C2=CC=C(C=C2)N3C=C4C=CC=C(C4=N3)C(=O)N
DB11796,CC1=NN(C=N1)C2=NC=C(C3=C2N(C=C3C(=O)C(=O)N4CCN(CC4)C(=O)C5=CC=CC=C5)COP(=O)(O)O)OC
DB11799,C1C[C@@H]2C[C@H]1N3[C@H](O2)CN4C=C(C(=O)C(=C4C3=O)O)C(=O)NCC5=C(C=C(C=C5F)F)F
DB11800,CC1=CC(=NO1)NC(=O)NC2=C(C=C(C=C2)OC3=C4C=C(C(=CC4=NC=C3)OC)OC)Cl
DB11817,CCS(=O)(=O)N1CC(C1)(CC#N)N2C=C(C=N2)C3=C4C=CNC4=NC=N3
DB11820,CC1CS(=O)(=O)CCN1N=CC2=CC=C(O2)[N+](=O)[O-]
DB11823,CNC1(CCCCC1=O)C2=CC=CC=C2Cl
DB11827,CCOC1=CC=C(C=C1)CC2=C(C=CC(=C2)C34C(C(C(C(O3)(CO4)CO)O)O)O)Cl
DB11828,CCOC1=C(C=C2C(=C1)N=CC(=C2NC3=CC(=C(C=C3)OCC4=CC=CC=N4)Cl)C#N)NC(=O)C=CCN(C)C
DB11835,CC(C1C(=O)NC(CSSCC(C(=O)NC(C(=O)NC(C(=O)NC(C(=N1)[O-])CCCCN)CC2=CNC3=CC=CC=C32)CC4=CC=CC=C4)NC(=O)C(CC5=CC=CC=C5)N=C(CN(CCN(CCC(C(=O)O)C(=O)O)CC(=O)[O-])CC(=O)[O-])[O-])C(=O)NC(CO)C(C)O)O.[111In+3]
DB11837,C1CC2=CN=CN2C1C3=C(C=C(C=C3)C#N)F
DB11842,CCC(C)C(C(=O)NC(CC1=CN=CN1)C(=O)N2CCCC2C(=O)NC(CC3=CC=CC=C3)C(=O)O)NC(=O)C(CC4=CC=C(C=C4)O)NC(=O)C(C(C)C)NC(=O)C(CCCN=C(N)N)NC(=O)C(CC(=O)O)N
DB11853,CN(C)CC1=C(SC2=C1C(=O)N(C(=O)N2CC3=C(C=CC=C3F)F)C4=NN=C(C=C4)OC)C5=CC=C(C=C5)NC(=O)NOC
DB11855,CN(CCN1CCC(CC1)OC(=O)NC2=CC=CC=C2C3=CC=CC=C3)C(=O)C4=CC=C(C=C4)CN5CCC(CC5)C(=O)N
DB11859,CC(=O)C1CCC2C1(CCC3C2CCC4C3(CCC(C4)O)C)C
DB11901,CNC(=O)C1=C(C=C(C=C1)N2C(=S)N(C(=O)C23CCC3)C4=CC(=C(N=C4)C#N)C(F)(F)F)F
DB11915,CC(C)CC1CN2CCC3=CC(=C(C=C3C2CC1OC(=O)C(C(C)C)N)OC)OC
DB11921,CC1=NC2(C(O1)CC3C2(CC(C4C3CCC5=CC(=O)C=CC45C)O)C)C(=O)COC(=O)C
DB11932,CC1=CN=C(C=C1)C2=NC=C(C=C2)C
DB11936,CC(C)(CCCCCC(CCCCCC(C)(C)C(=O)O)O)C(=O)O
DB11942,C1=CN=C(C=N1)NNC(=O)C=CN2C=NC(=N2)C3=CC(=CC(=C3)C(F)(F)F)C(F)(F)F
DB11943,C1C(CN1C2=C(C=C3C(=C2Cl)N(C=C(C3=O)C(=O)O)C4=C(C=C(C(=N4)N)F)F)F)O
DB11951,CC1=NC(=NC=C1OCC2(CC2C(=O)NC3=NC=C(C=C3)F)C4=CC(=CC=C4)F)C
DB11952,CC(C1=CC2=C(C(=CC=C2)Cl)C(=O)N1C3=CC=CC=C3)NC4=NC=NC5=C4NC=N5
DB11963,COC1=C(C=C2C(=C1)N=CN=C2NC3=CC(=C(C=C3)F)Cl)NC(=O)C=CCN4CCCCC4
DB11967,CN1C=NC2=C1C=C(C(=C2F)NC3=C(C=C(C=C3)Br)F)C(=O)NOCCO
DB11978,CN1CCC(CC1C2=NC3=CC=CC=C3N2)NC(=O)NC4=CC=C(C=C4)C#N
DB11979,CC1=C(C(=O)N(C(=O)N1CC2=C(C=CC=C2F)C(F)(F)F)CC(C3=CC=CC=C3)NCCCC(=O)O)C4=C(C(=CC=C4)OC)F
DB11986,CN1CCN(CC1)C2=CC(=C(C=C2)C(=O)NC3=NNC4=C3C=C(C=C4)CC5=CC(=CC(=C5)F)F)NC6CCOCC6
DB11989,C1=CC=C(C=C1)CNC(=O)CN2C=CN=C2[N+](=O)[O-]
DB11995,C1CCC(CC1)N2CCN(CC2)C3=C(N=C(S3)NC(=O)C4=CC(=C(N=C4)N5CCC(CC5)C(=O)O)Cl)C6=CC(=CS6)Cl
DB12001,CCN1CCN(CC1)CC2=CN=C(C=C2)NC3=NC=C(C(=N3)C4=CC5=C(C(=C4)F)N=C(N5C(C)C)C)F
DB12010,CC1(C(=O)N(C2=C(O1)C=CC(=N2)NC3=NC(=NC=C3F)NC4=CC(=C(C(=C4)OC)OC)OC)COP(=O)(O)O)C
DB12015,CC1=C(SC(=N1)NC(=O)N2CCCC2C(=O)N)C3=CC(=NC=C3)C(C)(C)C(F)(F)F
DB12026,CCC1C2CN(C1C(=O)NC3(CC3C(F)F)C(=O)NS(=O)(=O)C4(CC4)C)C(=O)C(NC(=O)OC5CC5CCCCC(C6=NC7=C(C=C(C=C7)OC)N=C6O2)(F)F)C(C)(C)C
DB12035,CN(C)C1C2CC3CC4=C(C=CC(=C4C(=C3C(=O)C2(C(=C(C1=O)C(=O)N)O)O)O)O)CN(C)OC
DB12070,COC1=C(C=C(C=C1)C(F)(F)F)N2C(C3=C(C(=CC=C3)F)N=C2N4CCN(CC4)C5=CC(=CC=C5)OC)CC(=O)O
DB12095,CCOC(=O)C(CC1=CC=C(C=C1)C2=CC(=NC(=N2)N)OC(C3=C(C=C(C=C3)Cl)N4C=CC(=N4)C)C(F)(F)F)N
DB12130,CC1C2=C(C=CC(=C2)F)C(=O)N(CC3=NN(C(=C3C4=CC(=C(N=C4)N)O1)C#N)C)C
DB12141,CCC1=C(N=C(C(=N1)C(=O)N)NC2=CC(=C(C=C2)N3CCC(CC3)N4CCN(CC4)C)OC)NC5CCOCC5
DB12147,CC(C)NCCN(C1=CC2=NC(=CN=C2C=C1)C3=CN(N=C3)C)C4=CC(=CC(=C4)OC)OC
DB12153,C[N+](C)(C)CCOP(=O)([O-])OP(=O)(O)OCC1C(C(C(O1)N2C=CC(=NC2=O)N)O)O
DB12161,CC(C)CC1CN2CCC3=CC(=C(C=C3C2CC1=O)OC)OC
DB12245,CSC1=NC2=CC(=C(C=C2N1)Cl)OC3=C(C(=CC=C3)Cl)Cl
DB12267,CN1CCN(CC1)C2CCN(CC2)C3=CC(=C(C=C3)NC4=NC=C(C(=N4)NC5=CC=CC=C5P(=O)(C)C)Cl)OC
DB12301,CN1C(=NNC1=O)CN2C=CC(=C(C2=O)OC3=CC(=CC(=C3)C#N)Cl)C(F)(F)F
DB12329,CN(C)C1C2CC3CC4=C(C=C(C(=C4C(=C3C(=O)C2(C(=C(C1=O)C(=O)N)O)O)O)O)NC(=O)CN5CCCC5)F
DB12332,CNCC1=CC=C(C=C1)C2=C3CCNC(=O)C4=C3C(=CC(=C4)F)N2
DB12364,CN(C)C(=N)C1=CC=C(C=C1)C(=O)NC2=C(C=C(C=C2)OC)C(=O)NC3=NC=C(C=C3)Cl
DB12371,CCC1=C(C=CC(=C1)C(=NOCC2=CC(=C(C=C2)C3CCCCC3)C(F)(F)F)C)CN4CC(C4)C(=O)O
DB12404,CC1=CN=C2N1C3=C(C=C(C=C3)Br)C(=NC2CCC(=O)OC)C4=CC=CC=N4
DB12455,CC(C)(C)CNCC1=CC(=C2CC3CC4C(C(=O)C(=C(C4(C(=O)C3=C(C2=C1O)O)O)O)C(=O)N)N(C)C)N(C)C
DB12457,C1CC(C2=C(C=CC=N2)C(C1C3=C(C(=CC=C3)F)F)N)OC(=O)N4CCC(CC4)N5C6=C(NC5=O)N=CC=C6
DB12483,COC1=C(C=CC2=C3NCCN3C(=NC(=O)C4=CN=C(N=C4)N)N=C21)OCCCN5CCOCC5
DB12500,CC1=CN=C(N=C1NC2=CC(=CC=C2)S(=O)(=O)NC(C)(C)C)NC3=CC=C(C=C3)OCCN4CCCC4
DB12612,CC(C)OC1=C(C=C(C=C1)C2=NC(=NO2)C3=C4CCC(C4=CC=C3)NCCO)C#N
DB12615,CC1(COC(C(C1NC)O)OC2C(CC(C(C2O)OC3C(CC=C(O3)CNCCO)N)N)NC(=O)C(CCN)O)O
DB12674,CC1=CC2=C(C3C4C5C6=C(C(=C7C(=C6C(N4C(C(C2)N3C)O)COC(=O)C8(CS5)C9=C(CCN8)C2=C(N9)C=CC(=C2)OC)OCO7)C)OC(=O)C)C(=C1OC)O
DB12808,CC(C)(C)C1=C(C=CC(=C1)C2=C(C=CC(=C2)C3=CC=C(C=C3)C(=O)O)OCCO)N4CCCC4
DB12825,CC1CCC23CCC(=O)C2C1(C(CC(C(C3C)O)(C)C=C)OC(=O)CSC4CCC(CC4O)N)C
DB12834,CC1=NC=C(N1CC(C)O)[N+](=O)[O-]
DB12839,COCCOCCCCCC(=O)NCCCCC(C(=O)O)N
DB12865,CC(C(=O)NC(CCCN=C(N)N)C(=O)N)NC(=O)C(CCCN=C(N)N)NC(=O)C(CCCN=C(N)N)NC(=O)C(CCCN=C(N)N)NC(=O)C(C)NC(=O)C(CSSCC(C(=O)O)N)NC(=O)C
DB12887,CCN(C1CCOCC1)C2=CC(=CC(=C2C)C(=O)NCC3=C(C=C(NC3=O)C)C)C4=CC=C(C=C4)CN5CCOCC5
DB12893,CCC1=C2CN3C(=CC4=C(C3=O)COC(=O)[C@@]4(CC)OC(=O)OCC5=CC=C(C=C5)NC(=O)[C@H](CCCCN)NC(=O)COCC(=O)NCCOCCOCCOCCOCCOCCOCCOCCOCCN6C=C(N=N6)CNC(=O)C7CCC(CC7)CN8C(=O)CC(C8=O)SC[C@@H](C(=O)O)N)C2=NC9=C1C=C(C=C9)O
DB12941,CC(CN1C=CC(=N1)C2=CC(=C(C=C2)C#N)Cl)NC(=O)C3=NNC(=C3)C(C)O
DB12942,C(C1C(C(C(C(O1)OC(C(CO)O)C(C(CO)O)O)O)O)O)O
DB12965,[Ag]
DB12978,C1=CC(=NC=C1CC2=CNC3=C2C=C(C=N3)Cl)NCC4=CN=C(C=C4)C(F)(F)F
DB13074,CC(C)(C(=O)NC(CC1=CNC2=CC=CC=C21)C(=O)NC(CC3=CNC4=CC=CC=C43)NC=O)N
DB13125,CCCCCCOC(C)C1=CC=CC(=C1OC)C2=CSC(=N2)NC(=O)C3=CC(=C(C(=C3)Cl)C=C(C)C(=O)O)Cl
DB13139,CC(C)(C)NCC(C1=CC(=C(C=C1)O)CO)O
DB13142,C([C@@H]1[C@@H]([C@@H]([C@H]([C@@H](O1)O[C@H]([C@@H](CO)O)[C@@H]([C@H](C(=O)[O-])O)O)O)O)O)O.C([C@H]([C@H]([C@@H]([C@H](C(=O)[O-])O)O)O)O)O.[Ca+2]
DB13170,CC1C(=O)NC2CSSCC(C(=O)NC(C(=O)NC(C(=O)NC(CSSCC(NC(=O)CNC(=O)C(NC2=O)C(C)O)C(=O)NC(CC(C)C)C(=O)O)C(=O)NC(C(=O)NC(C(=O)NC(C(=O)N1)C(C)C)CC(=O)N)C(C)C)CC(C)C)CCC(=O)O)NC(=O)C(CCC(=O)O)NC(=O)C(CC(=O)O)NC(=O)C(CC(=O)N)N
DB13179,CC1CC(C(C(O1)OC2C(CC3(CO3)C(=O)C(C(C(C(OC(=O)C(C(C2C)OC4CC(C(C(O4)C)OC(=O)C)OC)C)C)C)OC(=O)C)C)C)OC(=O)C)N(C)C
DB13231,CC(C(=O)[O-])O.CC(C(=O)[O-])O.[Ca+2]
DB13257,[O-]S(=O)(=O)[O-].[Fe+2]
DB13295,C[N+]1(CCC2=CC(=C(C=C2C1CC3=CC(=C(C=C3)OC)OC)OC)OC)CCC(=O)OCCCCCOC(=O)CC[N+]4(CCC5=CC(=C(C=C5C4CC6=CC(=C(C=C6)OC)OC)OC)OC)C
DB13620,C([C@H]([C@H]([C@@H]([C@H](C(=O)[O-])O)O)O)O)O.[K+]
DB13749,C([C@H]([C@H]([C@@H]([C@H](C(=O)[O-])O)O)O)O)O.C([C@H]([C@H]([C@@H]([C@H](C(=O)[O-])O)O)O)O)O.[Mg+2]
DB13867,CC1CC2C3CC(C4=CC(=O)C=CC4(C3(C(CC2(C1(C(=O)SCF)O)C)O)F)C)F
DB13873,CC(C)(C(=O)O)OC1=CC=C(C=C1)C(=O)C2=CC=C(C=C2)Cl
DB13874,CC(C)(CNC1=NC(=NC(=N1)C2=NC(=CC=C2)C(F)(F)F)NC3=CC(=NC=C3)C(F)(F)F)O
DB13879,CC1(CC1)S(=O)(=O)NC(=O)[C@]2(C[C@H]2C(F)F)NC(=O)[C@@H]3C[C@@H]4CN3C(=O)[C@@H](NC(=O)O[C@@H]5CCC[C@H]5OC/C=C/C(C6=NC7=CC=CC=C7N=C6O4)(F)F)C(C)(C)C
DB13906,C1=CC2=C(C(=C1)O)C(=O)C3=C(C2=O)C=C(C=C3O)CO
DB13909,C1=C(C=C2C(=C1O)O[Bi]O2)C(=O)O.O
DB13913,CN1C2CCC1CC(C2)OC(=O)C3CCC(C4=CC=CC=C34)(C5=CC=CC=C5)C(=O)OC6CC7CCC(C6)N7C
DB13928,CCC(C)C(C(=O)NC(C)C(=O)NC(CC1=CNC2=CC=CC=C21)C(=O)NC(CC(C)C)C(=O)NC(C(C)C)C(=O)NC(CCCNC(=N)N)C(=O)NCC(=O)NC(CCCNC(=N)N)C(=O)NCC(=O)O)NC(=O)C(CC3=CC=CC=C3)NC(=O)C(CCC(=O)O)NC(=O)C(CCCCNC(=O)COCCOCCNC(=O)COCCOCCNC(=O)CCC(C(=O)O)NC(=O)CCCCCCCCCCCCCCCCC(=O)O)NC(=O)C(C)NC(=O)C(C)NC(=O)C(CCC(=O)N)NC(=O)CNC(=O)C(CCC(=O)O)NC(=O)C(CC(C)C)NC(=O)C(CC4=CC=C(C=C4)O)NC(=O)C(CO)NC(=O)C(CO)NC(=O)C(C(C)C)NC(=O)C(CC(=O)O)NC(=O)C(CO)NC(=O)C(C(C)O)NC(=O)C(CC5=CC=CC=C5)NC(=O)C(C(C)O)NC(=O)CNC(=O)C(CCC(=O)O)NC(=O)C(C)(C)NC(=O)C(CC6=CN=CN6)N
DB13985,CC(C1C(=O)NC(CSSCC(C(=O)NC(C(=O)NC(C(=O)NC(C(=O)N1)CCCCN)CC2=CNC3=CC=CC=C32)CC4=CC=C(C=C4)O)NC(=O)C(CC5=CC=CC=C5)NC(=O)CN6CCN(CCN(CCN(CC6)CC(=O)[O-])CC(=O)[O-])CC(=O)[O-])C(=O)NC(C(C)O)C(=O)O)O.[Lu+3]
DB13997,COC(=O)OCOC1=C2C(=O)N3CCOCC3N(N2C=CC1=O)C4C5=C(CSC6=CC=CC=C46)C(=C(C=C5)F)F
DB14006,C[N+](C)(C)CCO.C1=CC=C(C(=C1)C(=O)O)[O-]
DB14007,C(CN(CC(=O)O)CC(=O)O)N(CCN(CC(=O)O)CC(=O)O)CC(=O)O
DB14018,CN1C2=C(C(=O)N(C1=O)C)NC(=N2)Br
DB14019,CC1=CC=CC=C1C2=CC(=NC=C2N(C)C(=O)C(C)(C)C3=CC(=CC(=C3)C(F)(F)F)C(F)(F)F)N4CC[N+](CC4)(C)COP(=O)(O)[O-]
DB14048,O[Si]1(O[Si](O[Si](O1)(O)O)(O)O)O.[Na+].[Na+].[Zr]
DB14158,[HH]
DB14159,C(O)(P(=O)(O)O)P(=O)(O)O
DB14219,COC(=O)/C=C/C(=O)O
DB14276,COC1=C(C=CC(=C1)C=CC(=O)CC(=O)C=CC2=CC(=C(C=C2)O)OC)O
DB14357,C1=CC(=CC=C1C2=CC(=O)C3=C(C=C(C=C3O2)O)O)O
DB14375,COC1=C(C=CC(=C1)C2C(OC3=C(O2)C=C(C=C3)C4C(C(=O)C5=C(C=C(C=C5O4)O)O)O)CO)O
DB14487,CC(=O)[O-].CC(=O)[O-].[Zn+2]
DB14488,C([C@H]([C@H]([C@@H]([C@H](C(=O)[O-])O)O)O)O)O.C([C@H]([C@H]([C@@H]([C@H](C(=O)[O-])O)O)O)O)O.[Fe+2]
DB14491,C(=C/C(=O)[O-])\\C(=O)[O-].[Fe+2]
DB14498,CC(=O)[O-].[K+]
DB14509,[Li+].[Li+].C(=O)([O-])[O-]
DB14520,C(C(=O)[O-])C(CC(=O)[O-])(C(=O)[O-])[O-].C(C(=O)[O-])C(CC(=O)[O-])(C(=O)[O-])[O-].C(C(=O)[O-])C(CC(=O)[O-])(C(=O)[O-])[O-].O.O.O.O.O.O.O.O.O.O.[Fe+3].[Fe+3].[Fe+3].[Fe+3]
DB14533,Cl[Zn]Cl
DB14550,[Cl-].[Cl-].[Cl-].[67Ga+3]
DB14554,C[C@H]([C@H]1C(=O)N[C@@H](CSSC[C@@H](C(=O)N[C@H](C(=O)N[C@@H](C(=O)N[C@H](C(=O)N1)CCCCN)CC2=CNC3=CC=CC=C32)CC4=CC=C(C=C4)O)NC(=O)[C@@H](CC5=CC=CC=C5)NC(=O)CN6CCN(CCN(CCN(CC6)CC(=O)O)CC(=O)O)CC(=O)O)C(=O)N[C@@H]([C@@H](C)O)C(=O)O)O
DB14568,C1CC(=O)N(C1C(=O)N(C2=CC(=CN=C2)F)C(C3=CC=CC=C3Cl)C(=O)NC4CC(C4)(F)F)C5=NC=CC(=C5)C#N
DB14569,CN1N=C(N=N1)C2=NC=C(C=C2)C3=C(C=C(C=C3)N4CC(OC4=O)CO)F
DB14575,C1C(C2=CC=CC=C2N(C3=CC=CC=C31)C(=O)N)O
DB14598,C(CN(CC(=O)[O-])CC(=O)[O-])N(CC(=O)[O-])CC(=O)[O-].[Na+].[Na+].[Ca+2]
DB14600,C(CN(CC(=O)O)CC(=O)[O-])N(CC(=O)O)CC(=O)[O-].[Na+].[Na+]
DB14713,CC1=CN(C(=O)NC1=O)C2CC(C(O2)COP(=S)(O)OC3CC(OC3COP(=S)(O)OC4CC(OC4COP(=S)(O)OC5C(OC(C5OCCOC)N6C=NC7=C6N=C(NC7=O)N)COP(=S)(O)OC8C(OC(C8OCCOC)N9C=C(C(=O)NC9=O)C)COP(=S)(O)OC1C(OC(C1OCCOC)N1C=C(C(=O)NC1=O)C)COP(=O)(OC1C(OC(C1OCCOC)N1C=C(C(=NC1=O)N)C)COP(=S)(O)OC1C(OC(C1OCCOC)N1C=C(C(=O)NC1=O)C)CO)S)N1C=NC2=C1N=C(NC2=O)N)N1C=C(C(=O)NC1=O)C)OP(=S)(O)OCC1C(CC(O1)N1C=NC2=C(N=CN=C21)N)OP(=S)(O)OCC1C(CC(O1)N1C=C(C(=NC1=O)N)C)OP(=S)(O)OCC1C(CC(O1)N1C=NC2=C(N=CN=C21)N)OP(=S)(O)OCC1C(CC(O1)N1C=C(C(=O)NC1=O)C)OP(=S)(O)OCC1C(CC(O1)N1C=NC2=C1N=C(NC2=O)N)OP(=S)(O)OCC1C(CC(O1)N1C=NC2=C(N=CN=C21)N)OP(=S)(O)OCC1C(CC(O1)N1C=NC2=C(N=CN=C21)N)OP(=S)(O)OCC1C(C(C(O1)N1C=NC2=C(N=CN=C21)N)OCCOC)OP(=S)(O)OCC1C(C(C(O1)N1C=C(C(=O)NC1=O)C)OCCOC)OP(=S)(O)OCC1C(C(C(O1)N1C=C(C(=NC1=O)N)C)OCCOC)OP(=S)(O)OCC1C(C(C(O1)N1C=C(C(=NC1=O)N)C)OCCOC)OP(=S)(O)OCC1C(C(C(O1)N1C=C(C(=NC1=O)N)C)OCCOC)O
DB14723,C1CC(N(C1)C2=NC3=C(C=NN3C=C2)NC(=O)N4CCC(C4)O)C5=C(C=CC(=C5)F)F
DB14740,CC1(C(=C)N(C2=CC=CC=C21)CCCCCC(=O)O)C.Br
DB14754,C1=CC=C(C=C1)CC(COC(=O)N)N
DB14761,CCC(CC)COC(=O)C(C)NP(=O)(OCC1C(C(C(O1)(C#N)C2=CC=C3N2N=CN=C3N)O)O)OC4=CC=CC=C4
DB14783,COC(=O)C=CC(=O)OCCN1C(=O)CCC1=O
DB14840,CCN1C2=CC(=NC=C2C=C(C1=O)C3=CC(=C(C=C3Br)F)NC(=O)NC4=CC=CC=C4)NC
DB14879,CC(C)(C(=O)O)ON=C(C1=CSC(=N1)N)C(=O)NC2C3N(C2=O)C(=C(CS3)C[N+]4(CCCC4)CCNC(=O)C5=C(C(=C(C=C5)O)O)Cl)C(=O)[O-]
DB14881,COC1=C(SC=C1)CNCCC2(CCOC3(C2)CCCC3)C4=CC=CC=N4
DB14895,C1CC(NC1CC2=CC=C(C=C2)NC(=O)C3CCC4=NC=CC(=O)N34)C(C5=CC=CC=C5)O
DB14975,CC(C)N1C(=CC=N1)C2=C(C=CC=N2)COC3=CC=CC(=C3C=O)O
DB15035,C=CC(=O)N1CCC(CC1)C2CCNC3=C(C(=NN23)C4=CC=C(C=C4)OC5=CC=CC=C5)C(=O)N
DB15066,CC1CC(CN1C(=O)CCCCCCCCCCC(=O)NC(COCCC(=O)NCCCNC(=O)CCCCOC2C(C(C(C(O2)CO)O)O)NC(=O)C)(COCCC(=O)NCCCNC(=O)CCCCOC3C(C(C(C(O3)CO)O)O)NC(=O)C)COCCC(=O)NCCCNC(=O)CCCCOC4C(C(C(C(O4)CO)O)O)NC(=O)C)O
DB15091,CCC1CN(CC1C2=CN=C3N2C4=C(NC=C4)N=C3)C(=O)NCC(F)(F)F
DB15093,C(CCCCCCCC1=NNN=N1)CCCCCCCC(=O)NS(=O)(=O)CCCC(=O)NCCOCCOCC(=O)NC(CCC(=O)NC(CCC(=O)NCCOCCOCC(=O)NC(CCCCNC(=O)CSCC(C(=O)O)N)C(=O)N)C(=O)O)C(=O)O
DB15102,CCN1C2=C3C=C(NC3=NC=C2CN(C1=O)C4=C(C(=CC(=C4F)OC)OC)F)CN5CCOCC5
DB15233,CC(C1=CC=C(C=C1)F)(C2=CN=C(N=C2)N3CCN(CC3)C4=NC=NN5C4=CC(=C5)C6=CN(N=C6)C)N
DB15305,CC1=CC(=NN2C1=NC(=C2)C)C3=CC(=O)N4C=C(C=CC4=N3)N5CCNC6(C5)CC6
DB15328,CC1C(CC(C(=O)N1CC(F)(F)F)NC(=O)C2=CC3=C(CC4(C3)C5=C(NC4=O)N=CC=C5)N=C2)C6=CC=CC=C6
DB15444,C[C@H]1CC(N(C1)C2=C(C=CC(=N2)N3C=CC(=N3)OCC(C)(C)C(F)(F)F)C(=O)NS(=O)(=O)C4=CN(N=C4C)C)(C)C
DB15465,CN1CC[C@]23[C@@H]4[C@H]1CC5=C2C(=C(C=C5)OC)O[C@H]3C(=CC4)OC(=O)C6=CC=CC=C6
DB15617,C([C@@H]1[C@H]([C@@H]([C@H]([C@H](O1)OC[C@@H]2[C@H]([C@@H]([C@H]([C@H](O2)OC[C@H]([C@H]([C@@H]([C@H](CO)O)O)O)O)O)O)O)O)O)O)O.[Fe+3]
DB15685,CC(C)(COC1=CN2C(=C(C=N2)C#N)C(=C1)C3=CN=C(C=C3)N4CC5CC(C4)N5CC6=CN=C(C=C6)OC)O
DB15694,C1CN(C(=O)N[C@@H]1O)[C@H]2C([C@@H]([C@H](O2)CO)O)(F)F
DB15779,CC1=CC(=C(C(=C1NC(=O)CN(CC(=O)O)CC(=O)O)C)Br)C
DB15822,CC1=CC(=NN1)NC2=NC(=NC(=C2)C)C3CCC(CC3)(C(=O)NC(C)C4=CN=C(C=C4)N5C=C(C=N5)F)OC
DB15982,C1CC1CNC(C2=CC(=C(C=C2)F)NC(=O)C3=CC(=NN3C4=CC=CC(=C4)CN)C(F)(F)F)C5=CC=CC(=C5)C#N
DB16625,CCCCCCC(=O)O[C@H]1CC[C@@]2([C@H]3CC[C@]4([C@H]([C@@H]3CC=C2C1)CCC4=O)C)C
DB16627,CCOC(=O)C(CC1=CC=C(C=C1)F)NC(=O)C(CC2=CC=C(C=C2)N(CCCl)CCCl)N
DB00027,CC(C)C[C@@H](NC(=O)CNC(=O)[C@@H](NC=O)C(C)C)C(=O)N[C@@H](C)C(=O)N[C@H](C(C)C)C(=O)N[C@@H](C(C)C)C(=O)N[C@H](C(C)C)C(=O)N[C@@H](CC1=CNC2=C1C=CC=C2)C(=O)N[C@H](CC(C)C)C(=O)N[C@@H](CC1=CNC2=C1C=CC=C2)C(=O)N[C@H](CC(C)C)C(=O)N[C@@H](CC1=CNC2=C1C=CC=C2)C(=O)N[C@H](CC(C)C)C(=O)N[C@@H](CC1=CNC2=C1C=CC=C2)C(=O)NCCO
DB00120,C1=CC=C(C=C1)C[C@@H](C(=O)O)N
DB00122,C[N+](C)(C)CCO
DB00130,C(CC(=O)N)[C@@H](C(=O)O)N
DB00140,CC1=CC2=C(C=C1C)N(C3=NC(=O)NC(=O)C3=N2)C[C@@H]([C@@H]([C@@H](CO)O)O)O
DB00152,CC1=C(SC=[N+]1CC2=CN=C(N=C2N)C)CCO
DB00170,CC1=CC(=O)C2=CC=CC=C2C1=O
DB00179,C[C@@H](CC1=CC(O)=C(O)C=C1)[C@H](C)CC1=CC(O)=C(O)C=C1
DB00212,CC(C)(C)S(=O)(=O)C[C@@H](CC1=CC=CC=C1)C(=O)N[C@@H](CC2=CN=CN2)C(=O)N[C@@H](CC3CCCCC3)[C@H]([C@H](C4CC4)O)O
DB00217,CNC(=NC)NCC1=CC=CC=C1
DB00219,CC[N+](C)(CC)CCOC(=O)C(C1CCCCC1)(C2=CC=CC=C2)O
DB00229,CN(C)CCN1C(=NN=N1)SCC2=C(N3[C@@H]([C@@H](C3=O)NC(=O)CC4=CSC(=N4)N)SC2)C(=O)O
DB00232,CN1C(NC2=CC(=C(C=C2S1(=O)=O)S(=O)(=O)N)Cl)CCl
DB00234,CCOC1=CC=CC=C1O[C@@H]([C@H]2CNCCO2)C3=CC=CC=C3
DB00236,C1CN(CCN1C(=O)CCBr)C(=O)CCBr
DB00239,C1=CC(=C(C=C1Cl)Cl)CO/N=C(\CN2C=CN=C2)/C3=C(C=C(C=C3)Cl)Cl
DB00251,CC(C)N1CCN(CC1)C2=CC=C(C=C2)OC[C@H]3CO[C@](O3)(CN4C=NC=N4)C5=C(C=C(C=C5)Cl)Cl
DB00253,C[C@H]1C[C@H]2[C@@H]3CC[C@@H]([C@]3(C[C@@H]([C@@H]2[C@@]4(C1=CC(=O)CC4)C)O)C)C(=O)C
DB00256,C[C@@]1([C@H]2C[C@H]3[C@@H](C(=O)C(=C([C@]3(C(=O)C2=C(C4=C1C=CC=C4O)O)O)O)C(=O)NCNCCCC[C@@H](C(=O)O)N)N(C)C)O
DB00259,C1=CC(=CC=C1N)S(=O)(=O)N
DB00267,CN1C(=NN=N1)SCC2=C(N3[C@@H]([C@@H](C3=O)NC(=O)/C(=N\OC)/C4=CSC(=N4)N)SC2)C(=O)O
DB00276,COC1=C(C=CC(=C1)NS(=O)(=O)C)NC2=C3C=CC=CC3=NC4=CC=CC=C42
DB00293,CC1=NC2=C(C=C(C=C2)CN(C)C3=CC=C(S3)C(=O)N[C@@H](CCC(=O)O)C(=O)O)C(=O)N1
DB00298,CC1=CC=CC=C1N2CCN(CC2)CCC3=NN=C4N3CCCC4
DB00300,C[C@H](CN1C=NC2=C(N=CN=C21)N)OCP(=O)(OCOC(=O)OC(C)C)OCOC(=O)OC(C)C
DB00301,CC1=C(C(=NO1)C2=C(C=CC=C2Cl)F)C(=O)N[C@H]3[C@@H]4N(C3=O)[C@H](C(S4)(C)C)C(=O)O
DB00309,CC[C@@]1(C[C@H]2C[C@@](C3=C(CCN(C2)C1)C4=CC=CC=C4N3)(C5=C(C=C6C(=C5)[C@]78CCN9[C@H]7[C@@](C=CC9)([C@H]([C@@]([C@@H]8N6C)(C(=O)N)O)O)CC)OC)C(=O)OC)O
DB00336,NC(=O)N\N=C\C1=CC=C(O1)[N+]([O-])=O
DB00340,CN1CCCC(C1)CC2C3=CC=CC=C3SC4=CC=CC=C24
DB00345,C1=CC(=CC=C1C(=O)NCC(=O)O)N
DB00354,CC(C)(C)C1=CC=C(C=C1)CN2CCN(CC2)C(C3=CC=CC=C3)C4=CC=C(C=C4)Cl
DB00378,CC(=O)[C@H]1CC[C@@H]2[C@@]1(CC[C@@H]3[C@H]2C=CC4=CC(=O)CC[C@@]34C)C
DB00389,CCOC(=O)N1C=CN(C1=S)C
DB00391,CCN1CCCC1CNC(=O)C1=C(OC)C=CC(=C1)S(N)(=O)=O
DB00392,CCN(CC)C(C)CN1C2=CC=CC=C2SC3=CC=CC=C31
DB00409,CCN1CCC[C@H]1CNC(=O)C2=C(C=CC(=C2OC)Br)OC
DB00410,C[C@H]([C@H]1[C@@H](O1)C[C@H]2CO[C@H]([C@@H]([C@@H]2O)O)C/C(=C/C(=O)OCCCCCCCCC(=O)O)/C)[C@H](C)O
DB00419,CCCCN1C[C@@H]([C@H]([C@@H]([C@H]1CO)O)O)O
DB00429,CCCCC[C@@](C)(/C=C/[C@H]1[C@H](C[C@@H]([C@@H]1C/C=C\CCCC(=O)[O-])O)O)O.C(C(CO)(CO)[NH3+])O
DB00430,CC1=CC(=O)C(=CN1)C(=O)N[C@H](C2=CC=C(C=C2)O)C(=O)N[C@H]3[C@@H]4N(C3=O)C(=C(CS4)CSC5=NN=NN5C)C(=O)O
DB00452,C1[C@H]([C@@H]([C@H]([C@@H]([C@H]1N)O[C@@H]2[C@@H]([C@H]([C@@H]([C@H](O2)CN)O)O)N)O[C@H]3[C@@H]([C@@H]([C@H](O3)CO)O[C@@H]4[C@@H]([C@H]([C@@H]([C@@H](O4)CN)O)O)N)O)O)N
DB00453,C[C@@]1([C@H]2C[C@H]3[C@@H](C(=O)C(=C([C@]3(C(=O)C2=C(C4=C(C=CC(=C41)Cl)O)O)O)O)C(=O)NCO)N(C)C)O
DB00462,C[N+]1([C@H]2CC(C[C@H]1C3C2O3)OC(=O)[C@H](CO)C4=CC=CC=C4)C.[Br-]
DB00469,CN1C(=C(C2=C(S1(=O)=O)C=CS2)O)C(=O)NC3=CC=CC=N3
DB00483,CC[N+](CC)(CC)CCOC1=C(C(=CC=C1)OCC[N+](CC)(CC)CC)OCC[N+](CC)(CC)CC.[I-].[I-].[I-]
DB00487,CCN1C=C(C(O)=O)C(=O)C2=CC(F)=C(C=C12)N1CCN(C)CC1
DB00498,C1=CC=C(C=C1)C2C(=O)C3=CC=CC=C3C2=O
DB00504,C=CCN1CC[C@]23CCCC[C@H]2[C@H]1CC4=C3C=C(C=C4)O
DB00511,C[C@@H]1[C@H]([C@H](C[C@@H](O1)O[C@@H]2[C@H](O[C@H](C[C@@H]2O)O[C@@H]3[C@H](O[C@H](C[C@@H]3O)O[C@H]4CC[C@]5([C@@H](C4)CC[C@@H]6[C@@H]5CC[C@]7([C@@]6(CC[C@@H]7C8=CC(=O)OC8)O)C)C)C)C)OC(=O)C)O
DB00517,CCCC(CCC)C(=O)OC1CC2CCC(C1)[N+]2(C)C.[Br-]
DB00525,CC1=CC(=CC=C1)N(C)C(=S)OC2=CC3=CC=CC=C3C=C2
DB00528,CC1=C(C(C(=C(N1)C)C(=O)OC(C)(C)CN(C)CCC(C2=CC=CC=C2)C3=CC=CC=C3)C4=CC(=CC=C4)[N+](=O)[O-])C(=O)OC
DB00546,CN(C)CC1=NN=C2N1C3=C(C=C(C=C3)Cl)C(=NC2)C4=CC=CC=C4
DB00568,C1CN(CCN1CC=CC2=CC=CC=C2)C(C3=CC=CC=C3)C4=CC=CC=C4
DB00588,CCC(=O)O[C@@]1([C@@H](C[C@@H]2[C@@]1(C[C@@H]([C@]3([C@H]2C[C@@H](C4=CC(=O)C=C[C@@]43C)F)F)O)C)C)C(=O)SCF
DB00589,CCN(CC)C(=O)N[C@@H]1CN([C@@H]2CC3=CNC4=CC=CC(=C34)C2=C1)C
DB00591,[H][C@@]12C[C@@]3([H])[C@]4([H])C[C@H](F)C5=CC(=O)C=C[C@]5(C)[C@@]4(F)[C@@H](O)C[C@]3(C)[C@@]1(OC(C)(C)O2)C(=O)CO
DB00606,C1C2CC(C1C=C2)C3NC4=CC(=C(C=C4S(=O)(=O)N3)S(=O)(=O)N)Cl
DB00613,CCN(CC)CC1=C(O)C=CC(NC2=C3C=CC(Cl)=CC3=NC=C2)=C1
DB00614,[H]C(=NN1CCOC1=O)C1=CC=C(O1)[N+]([O-])=O
DB00639,ClC1=CC=C(CCC(CN2C=CN=C2)SC2=C(Cl)C=CC=C2Cl)C=C1
DB00645,CCCCOC1=CC=C(C=C1)C(=O)CCN2CCCCC2
DB00646,C[C@H]1/C=C/C=C/CC/C=C/C=C/C=C/C=C/C(CC2C(C(C[C@](O2)(CC(C(CCC(CC(CC(CC(=O)O[C@H]([C@@H]([C@@H]1O)C)C)O)O)O)O)O)O)O)C(=O)O)O[C@@H]3[C@H]([C@H]([C@@H]([C@H](O3)C)O)N)O
DB00663,[H][C@@]12C[C@@H](C)[C@](O)(C(=O)CO)[C@@]1(C)C[C@H](O)[C@@]1(F)[C@@]2([H])C[C@H](F)C2=CC(=O)C=C[C@]12C
DB00664,COC1=NC=CN=C1NS(=O)(=O)C2=CC=C(C=C2)N
DB00666,CC(C)C[C@@H](C(=O)N[C@@H](CCCN=C(N)N)C(=O)N1CCC[C@H]1C(=O)NCC(=O)N)NC(=O)[C@@H](CC2=CC3=CC=CC=C3C=C2)NC(=O)[C@H](CC4=CC=C(C=C4)O)NC(=O)[C@H](CO)NC(=O)[C@H](CC5=CNC6=CC=CC=C65)NC(=O)[C@H](CC7=CN=CN7)NC(=O)[C@@H]8CCC(=O)N8
DB00670,CN1CCN(CC1)CC(=O)N2C3=CC=CC=C3C(=O)NC4=C2N=CC=C4
DB00689,CC(=O)OCC1=C(N2[C@@H]([C@@H](C2=O)NC(=O)[C@@H](C3=CC=CC=C3)N)SC1)C(=O)O
DB00699,CN1C[C@@H](C[C@]2([C@H]1CC3=CN(C4=CC=CC2=C34)C)OC)COC(=O)C5=CC(=CN=C5)Br
DB00711,CCN(CC)C(=O)N1CCN(CC1)C
DB00718,CC(C)(C)C(=O)OCOP(=O)(COCCN1C=NC2=C(N=CN=C21)N)OCOC(=O)C(C)(C)C
DB00720,C(P(=O)(O)O)(P(=O)(O)O)(Cl)Cl
DB00732,C[N+]1(CCC2=CC(=C(C=C2C1CC3=CC(=C(C=C3)OC)OC)OC)OC)CCC(=O)OCCCCCOC(=O)CC[N+]4(CCC5=CC(=C(C=C5C4CC6=CC(=C(C=C6)OC)OC)OC)OC)C.C1=CC=C(C=C1)S(=O)(=O)[O-].C1=CC=C(C=C1)S(=O)(=O)[O-]
DB00735,CN(CC=CC1=CC=CC=C1)CC2=CC=CC3=CC=CC=C32
DB00751,C1C2C3=CC=CC=C3CC4=CC=CC=C4N2C(=N1)N
DB00764,[H][C@@]12C[C@@H](C)[C@](O)(C(=O)CCl)[C@@]1(C)C[C@H](O)[C@@]1(Cl)[C@@]2([H])CCC2=CC(=O)C=C[C@]12C
DB00769,CCN(CC)CC(=O)OCC(=O)[C@]1(CC[C@@H]2[C@@]1(C[C@@H]([C@H]3[C@H]2CCC4=CC(=O)CC[C@]34C)O)C)O
DB00772,CCOC(=O)CC(C(=O)OCC)SP(=S)(OC)OC
DB00778,CC[C@@H]1[C@@]([C@@H]([C@H](/C(=N/OCOCCOC)/[C@@H](C[C@@]([C@@H]([C@H]([C@@H]([C@H](C(=O)O1)C)O[C@H]2C[C@@]([C@H]([C@@H](O2)C)O)(C)OC)C)O[C@H]3[C@@H]([C@H](C[C@H](O3)C)N(C)C)O)(C)O)C)C)O)(C)O
DB00793,C1=C(C(=CC(=C1Cl)Cl)Cl)OCC#CI
DB00796,CCOC1=NC2=CC=CC(=C2N1CC3=CC=C(C=C3)C4=CC=CC=C4C5=NNN=N5)C(=O)OC(C)OC(=O)OC6CCCCC6
DB00803,CCC(C)CCCC(=O)N[C@@H](CCN)C(=O)N[C@@H]([C@@H](C)O)C(=O)N[C@@H](CCN)C(=O)N[C@H]1CCNC(=O)C(NC(=O)[C@H](NC(=O)[C@@H](NC(=O)[C@H](NC(=O)[C@H](NC(=O)[C@@H](NC1=O)CCN)CC(C)C)CC(C)C)CCN)CCN)[C@@H](C)O
DB00805,CC1=CC(=NN=C1NCCN2CCOCC2)C3=CC=CC=C3
DB00817,CCN1C=C(C(=O)C2=C1C=C(C=C2)C3=CC=NC=C3)C(=O)O
DB00821,CC(C1=CC2=C(C=C1)C3=C(N2)C=CC(=C3)Cl)C(=O)O
DB00823,CC(=O)O[C@H]1CC[C@@H]2[C@H]3CC[C@]4([C@H]([C@@H]3CCC2=C1)CC[C@]4(C#C)OC(=O)C)C
DB00826,C[C@@H]1C/C=C/C=C/C=C/C=C/[C@@H](C[C@H]2[C@@H]([C@H](C[C@](O2)(C[C@H](C[C@@H]3[C@H](O3)/C=C/C(=O)O1)O)O)O)C(=O)O)O[C@H]4[C@H]([C@H]([C@@H]([C@H](O4)C)O)N)O
DB00828,C[C@H]1[C@H](O1)P(=O)(O)O
DB00830,CC1C(OCCN1)C2=CC=CC=C2
DB00837,NC(=O)CCC\N=C(\C1=CC=C(Cl)C=C1)C1=C(O)C=CC(F)=C1
DB00847,C(CS)N
DB00866,CC(C)NCC(COC1=CC=CC=C1CC=C)O
DB00875,C1CN(CCN1CC/C=C\2/C3=CC=CC=C3SC4=C2C=C(C=C4)C(F)(F)F)CCO
DB00885,CC1=CC=CN2C1=NC=C(C2=O)C3=NNN=N3
DB00891,C1=CC=NC(=C1)NS(=O)(=O)C2=CC=C(C=C2)N
DB00896,CCC(=O)[C@]1([C@@H](C[C@@H]2[C@@]1(C[C@@H]([C@H]3[C@H]2CCC4=CC(=O)C=C[C@]34C)O)C)C)C
DB00914,NC(=N)NC(=N)NCCC1=CC=CC=C1
DB00920,CN1CCC(=C2C3=C(C(=O)CC4=CC=CC=C42)SC=C3)CC1
DB00922,C[C@@H]1CC(=O)NN=C1C2=CC=C(C=C2)NN=C(C#N)C#N
DB00923,[H][C@]12SCC(CSC3=NN=NN3CC(O)=O)=C(N1C(=O)[C@H]2NC(=O)CC1=CC=CC=C1CN)C(O)=O
DB00931,CN(C)[C@H]1[C@@H]2[C@H]([C@@H]3C(=C)C4=C(C(=CC=C4)O)C(=C3C(=O)[C@@]2(C(=C(C1=O)C(=O)N)O)O)O)O
DB00940,CC[N+](C)(CC)CCOC(=O)C1C2=CC=CC=C2OC2=CC=CC=C12
DB00946,CCC(C1=CC=CC=C1)C2=C(C3=CC=CC=C3OC2=O)O
DB00954,CC[C@@H]1[C@@]([C@H]2[C@H]([C@H]([C@@H](C[C@@]([C@@H]([C@H]([C@@H]([C@H](C(=O)O1)C)O[C@H]3C[C@@]([C@H]([C@@H](O3)C)O)(C)OC)C)O[C@H]4[C@@H]([C@H](C[C@H](O4)C)N(C)C)O)(C)O)C)N[C@H](O2)COCCOC)C)(C)O
DB00974,C(CN(CC(=O)O)CC(=O)O)N(CC(=O)O)CC(=O)O
DB01000,CC1([C@@H](N2[C@H](S1)[C@@H](C2=O)NC(=O)C3(CCCCC3)N)C(=O)O)C
DB01007,C1=CC(=C(C=C1Cl)Cl)C(CN2C=CN=C2)OCC3=C(SC=C3)Cl
DB01013,[H][C@@]12C[C@H](C)[C@](OC(=O)CC)(C(=O)CCl)[C@@]1(C)C[C@H](O)[C@@]1(F)[C@@]2([H])CCC2=CC(=O)C=C[C@]12C
DB01034,C/C=C/C/C=C/CCC(=O)[C@@H]1[C@@H](O1)C(=O)N
DB01054,CCOC(=O)C1=C(C)NC(C)=C(C1C1=CC(=CC=C1)[N+]([O-])=O)C(=O)OC
DB01061,CC1([C@@H](N2[C@H](S1)[C@@H](C2=O)NC(=O)[C@@H](C3=CC=CC=C3)NC(=O)N4CCNC4=O)C(=O)O)C
DB01063,CC(=O)C1=CC2=C(C=C1)SC3=CC=CC=C3N2CCCN4CCN(CC4)CCO
DB01071,C1CN2CCC1C(C2)CN3C4=CC=CC=C4SC5=CC=CC=C53
DB01074,C1CCC(CC1)C(CC2CCCCN2)C3CCCCC3
DB01078,C[C@@H]1[C@H]([C@H](C[C@@H](O1)O[C@H]2CC[C@]3([C@@H](C2)CC[C@@H]4[C@@H]3C[C@H]([C@]5([C@@]4(CC[C@@H]5C6=CC(=O)OC6)O)C)O)C)O)O[C@H]7C[C@@H]([C@@H]([C@H](O7)C)O[C@H]8C[C@@H]([C@@H]([C@H](O8)C)O[C@H]9[C@@H]([C@H]([C@@H]([C@H](O9)CO)O)O)O)O)O
DB01084,CCOCCN1C2=CC=CC=C2N=C1N3CCCN(CC3)C
DB01090,C[N+]1(CCCCC[N+]2(C)CCCC2)CCCC1
DB01091,CC(C)(C)C1=CC=C(C=C1)CN(C)CC2=CC=CC3=CC=CC=C32
DB01092,[H][C@@]12CC[C@]3(O)C[C@H](C[C@@H](O)[C@]3(CO)[C@@]1([H])[C@H](O)C[C@]1(C)[C@H](CC[C@]21O)C1=CC(=O)OC1)O[C@@H]1O[C@@H](C)[C@H](O)[C@@H](O)[C@H]1O
DB01094,COC1=C(C=C(C=C1)[C@@H]2CC(=O)C3=C(C=C(C=C3O2)O)O)O
DB01103,CCN(CC)CCCC(C)NC1=C2C=C(C=CC2=NC3=C1C=CC(=C3)Cl)OC
DB01106,C[C@@H]1CN(CC[C@@]1(C2=CC=CC=C2)C(=O)O)C3CCC(CC3)(C#N)C4=CC=C(C=C4)F
DB01107,CCC1(C(=O)C(CNC1=O)C)CC
DB01108,C[C@]12CC[C@H]3[C@H]([C@@H]1CC[C@@H]2O)CC[C@]45[C@@]3(CC(=C([C@H]4O5)O)C#N)C
DB01120,CC1=CC=C(C=C1)S(=O)(=O)NC(=O)NN2CC3CCCC3C2
DB01153,C1=CC2=C(C(=C1)Cl)SC=C2COC(CN3C=CN=C3)C4=C(C=C(C=C4)Cl)Cl
DB01154,CCCC(C)C1(CC=C)C(=O)NC(=S)NC1=O
DB01160,CCCCC[C@@H](/C=C/[C@H]1[C@@H](C[C@@H]([C@@H]1C/C=C\CCCC(=O)O)O)O)O.C(C(CO)(CO)N)O
DB01171,ClC1=CC=C(C=C1)C(=O)NCCN1CCOCC1
DB01179,COC1=CC(=CC(=C1OC)OC)[C@H]2[C@@H]3[C@H](COC3=O)[C@H](C4=CC5=C(C=C24)OCO5)O
DB01180,CO[C@H]1[C@@H](C[C@@H]2CN3CCC4=C([C@H]3C[C@@H]2[C@@H]1C(=O)OC)NC5=C4C=CC(=C5)OC)OC(=O)C=CC6=CC(=C(C(=C6)OC)OC)OC
DB01184,ClC1=CC2=C(C=C1)N(C1CCN(CCCN3C(=O)NC4=CC=CC=C34)CC1)C(=O)N2
DB01188,CC1=CC(=O)N(C(=C1)C2CCCCC2)O
DB01198,CN1CCN(CC1)C(=O)OC2C3=NC=CN=C3C(=O)N2C4=NC=C(C=C4)Cl
DB01207,OC(=O)CCCCO\N=C(\C1=CN=CC=C1)C1=CC(=CC=C1)C(F)(F)F
DB01228,COC1=CC=C(C=C1)C(=O)NC1=CC=CC=C1CCC1CCCCN1C
DB01239,CN(C)CC\C=C1\C2=CC=CC=C2SC2=CC=C(Cl)C=C12
DB01243,OC1=C(Cl)C=C(Cl)C2=C1N=CC=C2
DB01245,C[N+](C)(C)CCCCCCCCCC[N+](C)(C)C
DB01251,CC1(C2=C(C=C(C=C2)OC)C(=O)N(C1=O)CCC3=CC=C(C=C3)S(=O)(=O)NC(=O)NC4CCCCC4)C
DB01252,C1CC[C@H]2CN(C[C@H]2C1)C(=O)C[C@H](CC3=CC=CC=C3)C(=O)O
DB01282,CC[C@H](C)[C@H]1C(=O)N[C@H](C(=O)N[C@H](C(=O)N[C@@H](CSCCCC(=O)N[C@H](C(=O)N1)CC2=CC=C(C=C2)OC)C(=O)N3CCC[C@H]3C(=O)N[C@@H](CC(C)C)C(=O)NCC(=O)N)CC(=O)N)CCC(=O)N
DB01283,CC1=CC(=C(C=C1)NC2=C(C=CC=C2Cl)F)CC(=O)O
DB01288,CC(CC1=CC=C(C=C1)O)NCC(C2=CC(=CC(=C2)O)O)O
DB01289,CC1=CC(=NO1)C(=O)NCCC2=CC=C(C=C2)S(=O)(=O)NC(=O)NN3CCCCCC3
DB01295,CC1=CC(=CC=C1)OCC(CNCCC2=CC(=C(C=C2)OC)OC)O
DB01296,C([C@@H]1[C@H]([C@@H]([C@H](C(O1)O)N)O)O)O
DB01297,CC(C)NCC(COC1=CC=C(C=C1)NC(=O)C)O
DB01298,CCN1C=CC(=NC1=O)NS(=O)(=O)C2=CC=C(C=C2)N
DB01301,C[C@@]1([C@H]2C[C@H]3[C@@H](C(=O)C(=C([C@]3(C(=O)C2=C(C4=C1C=CC=C4O)O)O)O)C(=O)NCN5CCCC5)N(C)C)O
DB01321,C[C@@H]1C/C=C/C=C/[C@@H]([C@@H](C[C@@H]([C@@H]([C@H]([C@@H](CC(=O)O1)OC(=O)C)OC)O[C@H]2[C@@H]([C@H]([C@@H]([C@H](O2)C)O[C@H]3C[C@@]([C@H]([C@@H](O3)C)OC(=O)CC(C)C)(C)O)N(C)C)O)CC=O)C)O
DB01325,CCC1NC2=CC(=C(C=C2C(=O)N1)S(=O)(=O)N)Cl
DB01340,CCOC(=O)[C@H](CCC1=CC=CC=C1)N[C@H]2CCCN3CCC[C@H](N3C2=O)C(=O)O
DB01345,[K+]
DB01348,CCOC(=O)[C@H](CCC1=CC=CC=C1)N[C@@H](C)C(=O)N1CC2(C[C@H]1C(O)=O)SCCS2
DB01349,CC1=C2CCC(=O)N(C2=NC(=N1)C)CC3=CC=C(C=C3)C4=CC=CC=C4C5=NNN=N5
DB01353,CCCCC1(C(=O)NC(=O)NC1=O)CC
DB01355,CC1(C(=O)NC(=O)N(C1=O)C)C2=CCCCC2
DB01356,[Li+]
DB01366,CC[C@@H]([C@@H](C1=C2C=CC(=O)NC2=C(C=C1)O)O)NC(C)C
DB01369,CC[C@@H]1C(=O)N2CCC[C@H]2C(=O)N([C@H](C(=O)N3C[C@H](C(=O)C[C@H]3C(=O)N[C@H](C(=O)O[C@@H]([C@@H](C(=O)N1)NC(=O)C4=C(C=CC=N4)O)C)C5=CC=CC=C5)CS[C@@H]6CN7CCC6CC7)CC8=CC=C(C=C8)N(C)C)C
DB01370,[Al]
DB01378,[Mg+2]
DB01380,CC(=O)OCC(=O)[C@]1(CC[C@@H]2[C@@]1(CC(=O)[C@H]3[C@H]2CCC4=CC(=O)CC[C@]34C)C)O
DB01384,C[C@@H]1C[C@H]2[C@@H]3C[C@@H](C4=CC(=O)C=C[C@@]4([C@H]3[C@H](C[C@@]2([C@]1(C(=O)CO)O)C)O)C)F
DB01393,CC(C)(C(=O)O)OC1=CC=C(C=C1)CCNC(=O)C2=CC=C(C=C2)Cl
DB01397,C1=CC=C(C(=C1)C(=O)O)[O-].C1=CC=C(C(=C1)C(=O)O)[O-].[Mg+2]
DB01401,C[N+](C)(C)CCO.C1=CC=C(C(=C1)C(=O)O)[O-].C1=CC=C(C(=C1)C(=O)O)[O-].C1=CC=C(C(=C1)C(=O)O)[O-].[Mg+2]
DB01407,CC(C)(C)NCC(O)C1=CC(Cl)=C(N)C(Cl)=C1
DB01408,CC(C)(C)NCC(C1=CC(=CC(=C1)OC(=O)N(C)C)OC(=O)N(C)C)O
DB01411,O=C(NC1=C2OC(=CC(=O)C2=CC=C1)C1=NNN=N1)C1=CC=C(OCCCCC2=CC=CC=C2)C=C1
DB01412,CN1C=NC2=C1C(=O)NC(=O)N2C
DB01414,CC(=O)OCC1=C(N2[C@@H]([C@@H](C2=O)NC(=O)CC#N)SC1)C(=O)O
DB01418,CC(=O)CC(C1=CC=C(C=C1)[N+](=O)[O-])C2=C(C3=CC=CC=C3OC2=O)O
DB01420,CCC(=O)O[C@H]1CC[C@@H]2[C@@]1(CC[C@H]3[C@H]2CCC4=CC(=O)CC[C@]34C)C
DB01422,C1=CC2=C(C=CC(=C2N=C1)O)[N+](=O)[O-]
DB01423,CC(C(=O)NCC(=O)O)SC(=O)C1=CC=CS1
DB01424,CC1=C(C(=O)N(N1C)C2=CC=CC=C2)N(C)C
DB01426,CC[C@H]1[C@@H]2C[C@H]3[C@H]4[C@@]5(C[C@@H](C2[C@H]5O)N3[C@@H]1O)C6=CC=CC=C6N4C
DB01429,CCN(CC)CCCN(C1CC2=CC=CC=C2C1)C3=CC=CC=C3
DB01431,C[C@]12CC[C@H]3[C@H]([C@@H]1CC[C@]2(CC=C)O)CCC4=CCCC[C@H]34
DB01433,CCC(C(CC(C)N(C)C)(C1=CC=CC=C1)C2=CC=CC=C2)OC(=O)C
DB01435,CC1=CC(=O)N(N1C)C2=CC=CC=C2
DB01436,C[C@H](CCCC(C)C)[C@H]1CC[C@@H]\2[C@@]1(CCC/C2=C\C=C/3\C[C@H](C[C@@H](C3=C)O)O)C
DB01437,CCC1(CCC(=O)NC1=O)C2=CC=CC=C2
DB01440,OCCCC(O)=O
DB01463,CCNC1C2CCC(C2)C1C3=CC=CC=C3
DB01466,CCOC1=C2C3=C(C[C@@H]4[C@H]5[C@]3(CCN4C)[C@@H](O2)[C@H](C=C5)O)C=C1
DB01489,CN1C2=C(C=C(C=C2)Cl)C(=NC(C1=O)OC(=O)N(C)C)C3=CC=CC=C3
DB01511,C1C(=O)NC2=C(C=C(C=C2)Cl)C(=N1)C3=CC=CC=C3Cl
DB01544,CN1C(=O)CN=C(C2=C1C=CC(=C2)[N+](=O)[O-])C3=CC=CC=C3F
DB01545,CCOC(=O)C1C(=O)NC2=C(C=C(C=C2)Cl)C(=N1)C3=CC=CC=C3F
DB01553,C1COC2(N1CC(=O)NC3=C2C=C(C=C3)Cl)C4=CC=CC=C4Cl
DB01558,C1C(=O)NC2=C(C=C(C=C2)Br)C(=N1)C3=CC=CC=N3
DB01559,CCC1=CC2=C(S1)N(C(=O)CN=C2C3=CC=CC=C3Cl)C
DB01567,CN1C(=O)CN=C(C2=C1C=CC(=C2)Cl)C3=CC=CC=C3F
DB01578,CN(C(C)=O)C1=C(I)C(C(=O)N[C@@H](C=O)[C@@H](O)[C@H](O)[C@H](O)CO)=C(I)C(NC(C)=O)=C1I
DB01580,CC(C)NCC(COC1=CC=CC=C1OCC=C)O
DB01581,CC1=NC(=NC=C1)NS(=O)(=O)C2=CC=C(C=C2)N
DB01582,CC1=CC(=NC(=N1)NS(=O)(=O)C2=CC=C(C=C2)N)C
DB01587,CN1C2=C(C=C(Cl)C=C2)C2(OC(C)=CC(=O)N2CC1=O)C1=CC=CC=C1
DB01588,ClC1=CC2=C(C=C1)N(CC1CC1)C(=O)CN=C2C1=CC=CC=C1
DB01595,C1C(=O)NC2=C(C=C(C=C2)[N+](=O)[O-])C(=N1)C3=CC=CC=C3
DB01597,CC1(C[C@@H]1C(=O)N/C(=C\CCCCSC[C@@H](C(=O)O)N)/C(=O)O)C
DB01600,CC(C(O)=O)C1=CC=C(S1)C(=O)C1=CC=CC=C1
DB01604,[H][C@]12SC(C)(C)[C@@H](N1C(=O)[C@H]2NC(=O)[C@H](N)C1=CC=CC=C1)C(=O)OCOC(=O)C(C)(C)C
DB01605,[H]C(=N[C@@H]1C(=O)N2[C@@H](C(=O)OCOC(=O)C(C)(C)C)C(C)(C)S[C@]12[H])N1CCCCCC1
DB01608,C1CN(CCC1O)CCCN2C3=CC=CC=C3SC4=C2C=C(C=C4)C#N
DB01613,[O-][N+](=O)OC[C@@H](O[N+]([O-])=O)[C@H](CO[N+]([O-])=O)O[N+]([O-])=O
DB01614,CC(=O)C1=CC2=C(C=C1)SC3=CC=CC=C3N2CCCN(C)C
DB01615,CC(CN1C2=CC=CC=C2SC2=C1C=C(C=C2)C(C)=O)N(C)C
DB01620,CN(C)CCC(C1=CC=CC=C1)C2=CC=CC=N2
DB01621,CN(C)S(=O)(=O)C1=CC2=C(C=C1)SC3=CC=CC=C3N2CCCN4CCC(CC4)CCO
DB01622,CN1CCN(CC1)CCCN2C3=CC=CC=C3SC4=C2C=C(C=C4)S(=O)(=O)N(C)C
DB01624,C1CN(CCN1CC/C=C\2/C3=CC=CC=C3SC4=C2C=C(C=C4)Cl)CCO
DB01626,CN(CC#C)CC1=CC=CC=C1
DB01628,CC1=NC=C(C=C1)C2=C(C=C(C=N2)Cl)C3=CC=C(C=C3)S(=O)(=O)C
DB01685,C1=CN=CC=C1C2=NC(=NN2)C3=CC(=NC=C3)C#N
DB01708,C[C@]12CC[C@H]3[C@H]([C@@H]1CCC2=O)CC=C4[C@@]3(CC[C@@H](C4)O)C
DB01878,C1=CC=C(C=C1)C(=O)C2=CC=CC=C2
DB02187,C[C@]12CC[C@H]3C(=CCC4=C3C=CC(=C4)O)[C@@H]1CCC2=O
DB02513,CC1=CC(=C(C=C1)C(C)C)O
DB02638,C1C[C@H](N(C1)C(=O)[C@@H]2CSSC[C@@H](C(=O)N[C@H](C(=O)N[C@H](C(=O)N[C@H](C(=O)N[C@H](C(=O)N2)CC(=O)N)CCC(=O)N)CC3=CC=CC=C3)CC4=CC=C(C=C4)O)NC(=O)CNC(=O)CNC(=O)CN)C(=O)N[C@@H](CCCCN)C(=O)NCC(=O)N
DB02703,C[C@H]1[C@@H]2CC[C@]3([C@H]([C@]2(CC[C@H]1O)C)[C@@H](C[C@@H]\4[C@@]3(C[C@@H](/C4=C(/CCC=C(C)C)\C(=O)O)OC(=O)C)C)O)C
DB02709,C1=CC(=CC=C1/C=C/C2=CC(=CC(=C2)O)O)O
DB03585,CCCCC1C(=O)N(N(C1=O)C1=CC=C(O)C=C1)C1=CC=CC=C1
DB03615,C1[C@H]([C@@H]([C@H]([C@@H]([C@H]1N)O[C@@H]2[C@@H]([C@H]([C@@H]([C@H](O2)CN)O)O)N)O[C@H]3[C@@H]([C@@H]([C@H](O3)CO)O)O)O)N
DB03756,CC/C=C\C/C=C\C/C=C\C/C=C\C/C=C\C/C=C\CCC(=O)O
DB03793,C1=CC=C(C=C1)C(=O)O
DB03796,CCCCCCCCCCCCCCCC(=O)O
DB04339,C([C@@H](C(=O)O)N)SCC(=O)O
DB04552,C1=CC(=CC(=C1)NC2=C(C=CC=N2)C(=O)O)C(F)(F)F
DB04570,CN1C(=NN=N1)SCC2=C(N3[C@@H]([C@@](C3=O)(NC(=O)C(C4=CC=C(C=C4)O)C(=O)O)OC)OC2)C(=O)O
DB04573,C[C@]12CC[C@H]3[C@H]([C@@H]1C[C@H]([C@@H]2O)O)CCC4=C3C=CC(=C4)O
DB04576,CN1CCN(CC1)C2=C(C=C3C(=C2F)N(C=C(C3=O)C(=O)O)CCF)F
DB04743,CS(=O)(=O)NC1=C(C=C(C=C1)[N+](=O)[O-])OC2=CC=CC=C2
DB04786,CC1=C(C=C(C=C1)C(=O)NC2=C3C(=CC(=CC3=C(C=C2)S(=O)(=O)O)S(=O)(=O)O)S(=O)(=O)O)NC(=O)C4=CC(=CC=C4)NC(=O)NC5=CC=CC(=C5)C(=O)NC6=C(C=CC(=C6)C(=O)NC7=C8C(=CC(=CC8=C(C=C7)S(=O)(=O)O)S(=O)(=O)O)S(=O)(=O)O)C
DB04794,C1=CC=C(C=C1)C2=CC=C(C=C2)C(C3=CC=CC=C3)N4C=CN=C4
DB04839,CC(=O)[C@]1(CC[C@@H]2[C@@]1(CC[C@H]3[C@H]2C=C(C4=CC(=O)[C@@H]5C[C@@H]5[C@]34C)Cl)C)OC(=O)C
DB04840,C1CN(CC2=CC=CC=C21)C(=N)N
DB04841,C1CN(CCN1C/C=C/C2=CC=CC=C2)C(C3=CC=C(C=C3)F)C4=CC=C(C=C4)F
DB04842,C1CN(CCC12C(=O)NCN2C3=CC=CC=C3)CCCC(C4=CC=C(C=C4)F)C5=CC=C(C=C5)F
DB04846,CCN(CC)C(=O)NC1=CC(=C(C=C1)OCC(CNC(C)(C)C)O)C(=O)C
DB04876,C1C[C@H](N(C1)C(=O)CNC23CC4CC(C2)CC(C4)(C3)O)C#N
DB04878,C1[C@@H]([C@@H]([C@H]([C@@H]([C@]1(CO)O)O)O)O)NC(CO)CO
DB04894,CC(C)[C@H]1C(=O)N[C@@H](CSSC[C@@H](C(=O)N[C@H](C(=O)N[C@@H](C(=O)N[C@H](C(=O)N1)CCCCN)CC2=CNC3=CC=CC=C32)CC4=CC=C(C=C4)O)NC(=O)[C@@H](CC5=CC=CC=C5)N)C(=O)N[C@@H](CC6=CNC7=CC=CC=C76)C(=O)N
DB04898,CCOC(=O)CN[C@H](C1CCCCC1)C(=O)N2CC[C@H]2C(=O)NCC3=CC=C(C=C3)/C(=N/O)/N
DB04918,C1CNC[C@@H]1N2CC/C(=C\C3=C(N4[C@@H]([C@@H](C4=O)NC(=O)/C(=N\O)/C5=NSC(=N5)N)SC3)C(=O)O)/C2=O
DB04930,CC1(C(C1C(=O)OCC2=CC(=CC=C2)OC3=CC=CC=C3)C=C(Cl)Cl)C
DB04967,CCN(CC)CCNC1=C2C(=C(C=C1)C)SC3=CC=CC=C3C2=O
DB05219,B1(C2=C(CO1)C=C(C=C2)OC3=CC=C(C=C3)C#N)O
DB05265,CC(C)C1=C(C=C2C(=C1)CC[C@@H]3[C@@]2(CCC[C@@]3(C)C(=O)O)C)S(=O)(=O)O
DB05266,CC(C)C1=NN2C=CC=CC2=C1C(=O)C(C)C
DB05630,C([C@H]([C@@H]1[C@H]2[C@@H](O[Sb](O2)(O1)O[Sb]34O[C@@H]([C@H](O3)[C@@H](CO)O)[C@@H](O4)C(=O)[O-])C(=O)[O-])O)O.O.O.O.O.O.O.O.O.O.O.[OH-].[Na+].[Na+].[Na+]
DB06144,C1CN(CCC1C2=CN(C3=C2C=C(C=C3)Cl)C4=CC=C(C=C4)F)CCN5CCNC5=O
DB06145,C[C@@H]1C/C=C/C=C/[C@@H]([C@@H](C[C@@H]([C@@H]([C@H]([C@@H](CC(=O)O1)O)OC)O[C@H]2[C@@H]([C@H]([C@@H]([C@H](O2)C)O[C@H]3C[C@@]([C@H]([C@@H](O3)C)O)(C)O)N(C)C)O)CC=O)C)O[C@H]4CC[C@@H]([C@@H](O4)C)N(C)C
DB06147,C1=CC(=CC=C1N)S(=O)(=O)NC2=NC=CS2
DB06148,CN1CCN2C(C1)C3=CC=CC=C3CC4=CC=CC=C42
DB06150,COC1=NC(=NC(=C1)NS(=O)(=O)C2=CC=C(C=C2)N)OC
DB06152,CC(CCC1=CC=CC=C1)NC(C)C(C2=CC=C(C=C2)O)O
DB06153,CN1CCC(=C2C3=C(CCC4=CC=CC=C42)SC=C3)CC1
DB06154,C(C(CO[N+](=O)[O-])(CO[N+](=O)[O-])CO[N+](=O)[O-])O[N+](=O)[O-]
DB06155,CC1=C(N(N=C1C(=O)NN2CCCCC2)C3=C(C=C(C=C3)Cl)Cl)C4=CC=C(C=C4)Cl
DB06193,C1=CC(=C2C(=C1NCCN)C(=O)C3=C(C2=O)C=NC=C3)NCCN
DB06202,C1CCN(C1)CCOC2=CC=C(C=C2)[C@H]3[C@H](CCC4=C3C=CC(=C4)O)C5=CC=CC=C5
DB06217,COC1=C(C=C(C=C1)CCO[C@@H]2CCCC[C@H]2N3CC[C@H](C3)O)OC
DB06243,C(CC(C(F)F)(C(=O)O)N)CN
DB06263,CC(=O)[C@]1(C[C@@H](C2=C(C1)C(=C3C(=C2O)C(=O)C4=CC=CC=C4C3=O)O)O[C@H]5C[C@@H]([C@@H](CO5)O)O)N
DB06264,CC1=CC=C(C=C1)C(=O)C(C)CN2CCCCC2
DB06267,CCCC1=NN(C2=C1N=C(NC2=O)C3=C(C=CC(=C3)S(=O)(=O)NCCC4CCCN4C)OCCC)C
DB06268,CC1=CC2=C(C=C1CC(=O)C3=C(C=CS3)S(=O)(=O)NC4=C(C(=NO4)C)Cl)OCO2
DB06594,CC(=O)NCCC1=CC=CC2=C1C=C(C=C2)OC
DB06689,CCCCCCCC/C=C\CCCCCCCC(=O)O.C(CO)N
DB06695,CCCCCCOC(=O)NC(=N)C1=CC=C(C=C1)NCC2=NC3=C(N2C)C=CC(=C3)C(=O)N(CCC(=O)OCC)C4=CC=CC=N4
DB06696,C1C[C@H]([C@H](O[C@@H]1CN)O[C@@H]2[C@H](C[C@H]([C@@H]([C@H]2O)O[C@@H]3[C@@H]([C@H]([C@@H]([C@H](O3)CO)O)N)O)NC(=O)[C@H](CCN)O)N)N
DB06698,CNCCC1=CC=CC=N1
DB06712,CC1=C(C(C(=C(N1)C#N)C(=O)OC)C2=CC(=CC=C2)[N+](=O)[O-])C(=O)OC(C)C
DB06725,CN1C(=C(C2=C(S1(=O)=O)C=C(S2)Cl)O)C(=O)NC3=CC=CC=N3
DB06729,C1=CC=C(C=C1)N2C(=CC=N2)NS(=O)(=O)C3=CC=C(C=C3)N
DB06730,CC[C@]12CC[C@H]3[C@H]([C@@H]1C=C[C@]2(C#C)O)CCC4=CC(=O)CC[C@H]34
DB06736,C1=CC=C(C(=C1)CC(=O)OCC(=O)O)NC2=C(C=CC=C2Cl)Cl
DB06737,CC(C1=CC2=C(C=C1)SC3=CC=CC=C3C(=O)C2)C(=O)O
DB06738,CCC(=O)C1(CCN(CC1)C)C2=CC(=CC=C2)O
DB06739,CC1=C(C(=O)C(=C(C1=O)C)C(CCCCCC(=O)O)C2=CC=CC=C2)C
DB06742,C1CC(CCC1NCC2=C(C(=CC(=C2)Br)Br)N)O
DB06766,CN1CCC(=C2C3=CC=CC=C3CCN4C2=NC=C4C=O)CC1
DB06770,C1=CC=C(C=C1)CO
DB06771,C1CCN(C[C@@H](C1)N)C2=C(C=C3C(=C2Cl)N(C=C(C3=O)C(=O)O)C4CC4)F
DB06781,CCCC(=O)O[C@@]1(CC[C@@H]2[C@@]1(C[C@@H]([C@]3([C@H]2C[C@@H](C4=CC(=O)C=C[C@@]43C)F)F)O)C)C(=O)COC(=O)C
DB06789,CCCCCC(=O)O[C@@]1(CC[C@@H]2[C@@]1(CC[C@H]3[C@H]2CCC4=CC(=O)CC[C@]34C)C)C(=O)C
DB06794,C1=C(C=C(C(=C1NC(=O)C(=O)O)Cl)NC(=O)C(=O)O)C#N
DB06795,C1=CC(=CC=C1CN)S(=O)(=O)N
DB06804,CCCCCCCCCC1=CC=C(C=C1)OCCOCCOCCOCCOCCOCCOCCOCCOCCO
DB06816,CC1=CC(=C(N1C2=CC=CC=C2)C)/C=C/C3=[N+](C4=C(C=C3)C=C(C=C4)N(C)C)C
DB06820,C1=CC(=CC=C1CSC(CN2C=CN=C2)C3=C(C=C(C=C3)Cl)Cl)Cl
DB06827,C1[C@@H](N=C(N[C@H]1O)N)[C@H]2C(=O)NC[C@@H](C(=O)N[C@H](C(=O)N[C@H](C(=O)N/C(=C\NC(=O)N)/C(=O)N2)CO)CO)NC(=O)C[C@H](CCCN)N
DB07615,COC1=C(C=C(C=C1)/C=C/C(=O)NC2=CC=CC=C2C(=O)O)OC
DB08439,CCC(=O)NS(=O)(=O)C1=CC=C(C=C1)C2=C(ON=C2C3=CC=CC=C3)C
DB08795,CC1([C@@H](N2[C@H](S1)[C@@H](C2=O)NC(=O)[C@@H](C3=CC=CC=C3)N=[N+]=[N-])C(=O)O)C
DB08796,C1CCN(CC1)CCOCCOC(=O)N2C3=CC=CC=C3SC4=C2N=CC=C4
DB08797,C1=CC=C(C(=C1)C(=O)N)O
DB08798,CC1=C(OC(=N1)NS(=O)(=O)C2=CC=C(C=C2)N)C
DB08799,C1CN=C(N1)CN(CC2=CC=CC=C2)C3=CC=CC=C3
DB08800,CN(C)CCN(CC1=CC=C(C=C1)Cl)C2=CC=CC=N2
DB08801,CC(C1=CC=CC=N1)C2=C(CC3=CC=CC=C32)CCN(C)C
DB08802,CC(CN1C2=CC=CC=C2SC3=C1N=CC=C3)N(C)C
DB08804,CCCCCCCCCC(=O)O[C@H]1CC[C@@H]2[C@@]1(CC[C@H]3[C@H]2CCC4=CC(=O)CC[C@H]34)C
DB08806,CC(=O)OCC(=O)NCCCOC1=CC=CC(=C1)CN2CCCCC2
DB08807,CC1=CC2=C(N1)C=CC=C2OCC(CNC(C)(C)C)OC(=O)C3=CC=CC=C3
DB08808,CC1=CC(=C(C=C1)Cl)OCC(CNC(C)(C)C)O
DB08811,CCC1C(=NN=C(C2=CC(=C(C=C12)OC)OC)C3=CC(=C(C=C3)OC)OC)C
DB08814,CC(=O)OC1=C(C=CC(=C1)C(F)(F)F)C(=O)O
DB08872,CC(C)C(=O)OC(C)OC(=O)NCC1(CCCCC1)CC(=O)O
DB08887,CC/C=C\C/C=C\C/C=C\C/C=C\C/C=C\CCCC(=O)OCC
DB08905,C[C@]12CCC(=O)C(=C1CC[C@@H]3[C@@H]2CC[C@]4([C@H]3CCC4=O)C)O
DB08906,C[C@@H]1C[C@H]2[C@@H]3C[C@@H](C4=CC(=O)C=C[C@@]4([C@]3([C@H](C[C@@]2([C@]1(C(=O)SCF)OC(=O)C5=CC=CO5)C)O)F)C)F
DB08913,[Cl-].[Cl-].[223Ra++]
DB08922,C1CC[C@H]2[C@@H](C1)C(=O)N(C2=O)CCCCN3CCN(CC3)C4=NSC5=CC=CC=C54
DB08933,C1[C@H](S/C(=C(\C#N)/N2C=CN=C2)/S1)C3=C(C=C(C=C3)Cl)Cl
DB08943,C1=CC(=C(C(=C1)Cl)COC(CN2C=CN=C2)C3=C(C=C(C=C3)Cl)Cl)Cl
DB08954,CC(C(C1=CC=C(C=C1)O)O)N2CCC(CC2)CC3=CC=CC=C3
DB08957,C1=CC(=C(C=C1C(CNCCCCCCNCC(C2=CC(=C(C=C2)O)O)O)O)O)O
DB08958,CCCCC(CC)CN1CC(CN(C1)CC(CC)CCCC)(C)N
DB08964,CCCCC(C)(C)[C@@H](/C=C/[C@H]1[C@@H](CC(=O)[C@@H]1CCCC/C=C/C(=O)OC)O)O
DB08965,CC(C)[C@H]1C(=O)OC(C(=O)N([C@H](C(=O)OC(C(=O)N([C@H](C(=O)OC(C(=O)N1C)C(C)C)C(C)C)C)C(C)C)C(C)C)C)C(C)C
DB08967,CC(CN1C2=CC=CC=C2SC3=C1C=C(C=C3)S(=O)(=O)N(C)C)N(C)C
DB08970,C[C@]12C[C@@H]([C@]3([C@H]([C@@H]1CC(=C)[C@@]2(C(=O)CO)O)CCC4=CC(=O)C=C[C@@]43C)F)O
DB08971,C[C@@H]1C[C@H]2[C@@H]3C[C@@H](C4=CC(=O)C=C[C@@]4([C@H]3[C@H](C[C@@]2([C@H]1C(=O)CO)C)O)C)F
DB08974,COC(=O)NC1=NC2=C(N1)C=C(C=C2)C(=O)C3=CC=C(C=C3)F
DB08976,C1=CC=C(C(=C1)C(=O)OCC(CO)O)NC2=C3C=CC=C(C3=NC=C2)C(F)(F)F
DB08981,C1=CC=C(C=C1)C2=CC=C(C=C2)C(=O)CCC(=O)O
DB08983,CC(C)(C(=O)OCCOC(=O)C1=CN=CC=C1)OC2=CC=C(C=C2)Cl
DB08984,C1=CC=C(C(=C1)C(=O)OCCOCCO)NC2=CC=CC(=C2)C(F)(F)F
DB08991,CC1=CC(=NC(=N1)N2C(=CC(=N2)C)OC)OC
DB08992,CCC1=CC=C(C=C1)C(=O)C(C)CN2CCCCC2
DB08993,C1CNC(=N[C@H]1[C@H]2C(=O)NC[C@@H](C(=O)N[C@H](C(=O)N[C@H](C(=O)N/C(=C\NC(=O)N)/C(=O)N2)CO)CO)NC(=O)C[C@H]([C@@H](CCN)O)N)N
DB08994,C1=CC=C(C=C1)C2=C(OC(=N2)N(CCO)CCO)C3=CC=CC=C3
DB08996,CC1(C2=CC=CC=C2N(C3=CC=CC=C31)CCCN(C)C)C
DB09000,CC(CN1C2=CC=CC=C2SC3=C1C=C(C=C3)C#N)CN(C)C
DB09008,C1C(=C(N2[C@H](S1)[C@@H](C2=O)NC(=O)CC3=CC=CS3)C(=O)[O-])C[N+]4=CC=CC=C4
DB09014,CCCCSC1=CC=C(C=C1)C(C2=CC=CC=C2)SCCN(C)C
DB09015,C[C@]12CCC(=O)C=C1C=C[C@@H]3[C@@H]2CC[C@]4([C@H]3CC[C@]4(CCC(=O)O)O)C
DB09017,CC1=NN=C2N1C3=C(C=C(S3)Br)C(=NC2)C4=CC=CC=C4Cl
DB09018,CCN(CC)CCNC(=O)C1=CC(=C(C=C1OC)N)Br
DB09021,CNCC12CCC(C3=CC=CC=C31)C4=CC=CC=C24
DB09040,C[C@H]([C@](CN1C=NC=N1)(C2=C(C=C(C=C2)F)F)O)N3CCC(=C)CC3
DB09041,B1(C2=C(CO1)C=C(C=C2)F)O
DB09042,CN1N=C(N=N1)C2=NC=C(C=C2)C3=C(C=C(C=C3)N4C[C@@H](OC4=O)COP(=O)(O)O)F
DB09047,C1CC1N2C=C(C(=O)C3=CC(=C(C(=C32)C#N)N4C[C@H]5[C@H](C4)OCCN5)F)C(=O)O
DB09055,CC1=CN=C(C=[N+]1[O-])C(=O)O
DB09067,CC[C@H](C)[C@@H](C(=O)N[C@@H](CO)C(=O)N[C@@H](CC(C)C)C(=O)N[C@@H](CC(=O)O)C(=O)N[C@@H](CC(C)C)C(=O)N[C@@H]([C@@H](C)O)C(=O)N[C@@H](CC1=CC=CC=C1)C(=O)N[C@@H](CC2=CN=CN2)C(=O)N[C@@H](CC(C)C)C(=O)N[C@@H](CC(C)C)C(=O)N[C@@H](CCCNC(=N)N)C(=O)N[C@@H](CCC(=O)O)C(=O)N[C@@H](C(C)C)C(=O)N[C@@H](CC(C)C)C(=O)N[C@@H](CCC(=O)O)C(=O)N[C@@H](CCSC)C(=O)N[C@@H]([C@@H](C)O)C(=O)N[C@@H](CCCCN)C(=O)N[C@@H](C)C(=O)N[C@@H](CC(=O)O)C(=O)N[C@@H](CCC(=O)N)C(=O)N[C@@H](CC(C)C)C(=O)N[C@@H](C)C(=O)N[C@@H](CCC(=O)N)C(=O)N[C@@H](CCC(=O)N)C(=O)N[C@@H](C)C(=O)N[C@@H](CC3=CN=CN3)C(=O)N[C@@H](CO)C(=O)N[C@@H](CC(=O)N)C(=O)N[C@@H](CCCNC(=N)N)C(=O)N[C@@H](CCCCN)C(=O)N[C@@H](CC(C)C)C(=O)N[C@@H](CC(C)C)C(=O)N[C@@H](CC(=O)O)C(=O)N[C@@H]([C@@H](C)CC)C(=O)N[C@@H](C)C(=O)N)NC(=O)[C@@H]4CCCN4C(=O)[C@@H]5CCCN5C(=O)[C@H](CCC(=O)O)NC(=O)[C@H](CCC(=O)N)NC(=O)[C@H](CO)N
DB09069,COC1=C(C(=C(C=C1)CN2CCNCC2)OC)OC
DB09070,C[C@@H]1CC2=C(CCC(=O)C2)[C@@H]3[C@@H]1[C@@H]4CC[C@]([C@]4(CC3)C)(C#C)O
DB09084,CN(C)CCCOC1=NN(C2=CC=CC=C21)CC3=CC=CC=C3
DB09087,[O-]S(=O)(=O)[O-].[O-]S(=O)(=O)[O-].[Al+3].[K+]
DB09090,CC1(C2CCC(C1C2)CCOCC[N+]3(CCOCC3)CC4=CC(=C(C=C4Br)OC)OC)C
DB09091,C[C@]12CCC(=O)C=C1CC[C@@H]3[C@@H]2[C@H](C[C@]4([C@H]3CC[C@@]4(C(=O)CS)O)C)O
DB09093,C[C@@]1([C@H]2C[C@H]3[C@@H](C(=O)C(=C([C@]3(C(=O)C2=C(C4=C(C=CC(=C41)Cl)O)O)O)O)C(=O)N)N(C)C)O
DB09094,COC1=CC(=CC(=C1OC)OC)C2C3C(COC3=O)C(C4=CC5=C(C=C24)OCO5)O.COC1=CC(=CC(=C1OC)OC)C2C3C(COC3=O)C(C4=CC5=C(C=C24)OCO5)O.COC1=CC(=CC(=C1OC)OC)C2C(C(C(C3=CC4=C(C=C23)OCO4)O)CO)C(=O)O.COC1=CC(=CC(=C1OC)OC)C2C(C(C(C3=CC4=C(C=C23)OCO4)O)CO)C(=O)O
DB09095,C[C@@H]1C[C@H]2[C@@H]3C[C@@H](C4=CC(=O)C=C[C@@]4([C@]3([C@H](C[C@@]2([C@H]1C(=O)CO)C)O)F)C)F
DB09097,CCCN1C[C@H](C[C@H]2[C@H]1CC3=C(C2)C(=CC=C3)O)NS(=O)(=O)N(CC)CC
DB09099,C[C@H]([C@H]1C(=O)N[C@H](C(=O)N[C@H](C(=O)N[C@H](C(=O)N[C@@H](CSSC[C@@H](C(=O)N[C@H](C(=O)N[C@H](C(=O)N[C@H](C(=O)N[C@H](C(=O)N[C@H](C(=O)N[C@H](C(=O)N1)CCCCN)CC2=CNC3=CC=CC=C32)CC4=CC=CC=C4)CC5=CC=CC=C5)CC(=O)N)CCCCN)NC(=O)CNC(=O)[C@H](C)N)C(=O)O)CO)[C@@H](C)O)CC6=CC=CC=C6)O
DB09119,CC(=O)O[C@H]1CC2=CC=CC=C2N(C3=CC=CC=C13)C(=O)N
DB09120,CC(C)/C=C\CCCCC(=O)NCC1=CC(=C(C=C1)O)OC
DB09124,CC1=C[C@@H]2[C@H](CC[C@]3([C@H]2CC[C@]3(C)C(=O)C)C)[C@@]4(C1=CC(=O)CC4)C
DB09130,[Cu]
DB09137,CC1=CC(=C(C(=C1NC(=O)CN(CC(=O)O)CC(=O)O)C)Br)C.[99Tc]
DB09138,C(P(=O)([O-])[O-])P(=O)([O-])[O-].O.O.[98Tc+4]
DB09147,[O-]P(=O)([O-])OP(=O)([O-])[O-].[O-]P(=O)([O-])OP(=O)([O-])[O-].[O-]P(=O)([O-])OP(=O)([O-])[O-].[Fe+3].[Fe+3].[Fe+3].[Fe+3]
DB09161,CC(C)(C[N+]#[C-])OC.CC(C)(C[N+]#[C-])OC.CC(C)(C[N+]#[C-])OC.CC(C)(C[N+]#[C-])OC.CC(C)(C[N+]#[C-])OC.CC(C)(C[N+]#[C-])OC.[Tc]
DB09166,CCC1=CC2=C(S1)N3C(=NN=C3CN=C2C4=CC=CC=C4Cl)C
DB09167,CN(C)CC/C=C/1\C2=CC=CC=C2CSC3=CC=CC=C31
DB09185,CCOC1=CC=CC=C1OCC2CNCCO2
DB09198,CN(CCOC1=CC=C(C=C1)CC2C(=O)NC(=O)S2)C3=CC(=NC=N3)OC4=CC=C(C=C4)OC
DB09204,CC(C)(C)NCC(CSC1=NC(=CS1)C2=CC=C(S2)C(=O)N)O
DB09209,CN1CC[C@]23[C@@H]4[C@H]1CC5=C2C(=C(C=C5)OCCN6CCOCC6)O[C@H]3[C@H](C=C4)O
DB09210,C1CC(=O)N(C1)CC(=O)N
DB09211,CCCC[C@H](C)C[C@@H](/C=C/[C@H]1[C@@H](CC(=O)[C@@H]1CCCC/C=C/C(=O)O)O)O
DB09212,CC(C1=CC=C(C=C1)CC2CCCC2=O)C(=O)O
DB09214,C[C@@H](C1=CC(=CC=C1)C(=O)C2=CC=CC=C2)C(=O)O
DB09215,CN1C2=C(C3=CC=CC=C3S1(=O)=O)OC(=O)N(C2=O)C4=CC=CC=N4
DB09216,CC1=C(C=CC=C1Cl)NC2=CC=CC=C2C(=O)O
DB09218,CC1=C(C=CC=C1Cl)NC2=C(C=CC=N2)C(=O)O
DB09220,C1=CC(=CN=C1)C(=O)NCCO[N+](=O)[O-]
DB09221,C1=C(NC=N1)C[C@@H](C(=O)O)[N-]C(=O)CCN.[Zn]
DB09223,CCN1CCN(CC1)C2=NC3=C(CCCCCC3)C(=C2)C4=CC=C(C=C4)F
DB09224,CC1CCN(CC1)CCCC(=O)C2=CC=C(C=C2)F
DB09225,CN(C)CCOC1=CC2=CC=CC=C2SC3=C1C=C(C=C3)Cl
DB09227,CC1=C([C@@H](C(=C(N1)C)C(=O)O[C@H]2CCN(C2)CC3=CC=CC=C3)C4=CC(=CC=C4)[N+](=O)[O-])C(=O)OC
DB09230,CC1=C(C(C(=C(N1)N)C(=O)OC2CN(C2)C(C3=CC=CC=C3)C4=CC=CC=C4)C5=CC(=CC=C5)[N+](=O)[O-])C(=O)OC(C)C
DB09231,CC1=C([C@H](C(=C(N1)C)C(=O)O[C@@H]2CCCN(C2)CC3=CC=CC=C3)C4=CC(=CC=C4)[N+](=O)[O-])C(=O)OC
DB09232,CC1=C(C(C(=C(N1)C)C(=O)OC/C=C/C2=CC=CC=C2)C3=CC(=CC=C3)[N+](=O)[O-])C(=O)OCCOC
DB09235,CC1=C(C(C(=C(N1)C)P2(=O)OCC(CO2)(C)C)C3=CC(=CC=C3)[N+](=O)[O-])C(=O)OCCN(CC4=CC=CC=C4)C5=CC=CC=C5
DB09236,CCOC(=O)C1=C(NC(=C(C1C2=CC=CC=C2/C=C/C(=O)OC(C)(C)C)C(=O)OCC)C)C
DB09238,CC1=C(C(C(=C(N1)C)C(=O)OCCN2CCN(CC2)C(C3=CC=CC=C3)C4=CC=CC=C4)C5=CC(=CC=C5)[N+](=O)[O-])C(=O)OC
DB09242,CC1=NC(=C(C(=N1)Cl)NC2=NCCN2)OC
DB09244,CC1=CC2=C(C=C1)N3CCNC4C3=C2CCC4
DB09245,CC1=CC(=CC=C1)N2CC(OC2=O)CO
DB09256,C1CC(OC1)N2C=C(C(=O)NC2=O)F
DB09257,C1=C(C(=CNC1=O)Cl)O
DB09262,CC1=NC=CN1CCC(C2=CC=CC=C2)(C3=CC=CC=C3)C(=O)N
DB09267,C(C1=C(SC(=C1C#N)N(CC(=O)[O-])CC(=O)[O-])C(=O)[O-])C(=O)[O-].[Sr+2].[Sr+2]
DB09270,CC1=C(C(=O)C(=C(C1=O)OC)OC)C/C=C(\C)/CC/C=C(\C)/CC/C=C(\C)/CC/C=C(\C)/CC/C=C(\C)/CC/C=C(\C)/CC/C=C(\C)/CC/C=C(\C)/CC/C=C(\C)/CCC=C(C)C
DB09273,CN1C2=C(C(=O)N(C1=O)C)N(C=N2)CC3OCCO3
DB09277,C[N+](C)([11CH3])CCO.[Cl-]
DB09279,CCCCC1=NC(=C(C(=O)N1CC2=CC=C(C=C2)C3=CC=CC=C3C4=NNN=N4)CC(=S)N(C)C)C
DB09281,[O-][Si](=O)O[Si]([O-])([O-])O[Si](=O)[O-].[Mg+2].[Mg+2]
DB09282,CCO/C(=N/C1=C[N+](=NO1)N2CCOCC2)/[O-]
DB09283,CCN(CC)C1=CC(=NC2=NC=NN12)C
DB09285,C1COCCN1CCOC(=O)C2=C(N=CC=C2)NC3=CC=CC(=C3)C(F)(F)F
DB09286,C1CCN(CC1)C2(CCN(CC2)CCCC(=O)C3=CC=C(C=C3)F)C(=O)N
DB09288,CCN(CC)CC(=O)OC1=CC=C(C=C1)NC(=O)C
DB09289,CN1C2=CC=CC=C2C(C3=C(S1(=O)=O)C=C(C=C3)Cl)NCCCCCCC(=O)O
DB09290,CN1C=C(C2=CC=CC=C21)C(=O)[C@@H]3CCC4=C(C3)NC=N4
DB09295,C1=CC=C2C(=C1)C(OC2=O)OC(=O)C3=C(N=CC=C3)NC4=CC=CC(=C4)C(F)(F)F
DB09300,CCCC[N+]1([C@@H]2CC(C[C@H]1[C@H]3[C@@H]2O3)OC(=O)[C@H](CO)C4=CC=CC=C4)C
DB09320,CCN(CC)CCOC(=O)C1=CC=C(C=C1)N.CC1([C@@H](N2[C@H](S1)[C@@H](C2=O)NC(=O)CC3=CC=CC=C3)C(=O)O)C
DB09321,O=[Zn]
DB09324,CC1([C@@H](N2[C@H](S1(=O)=O)CC2=O)C(=O)O)C
DB09338,COC(CNC(=O)C1=CC=CC=C1OCC(=O)O)C[Hg].O
DB09342,CCCOC1=C(C=CC(=C1)N)C(=O)OCCN(CC)CC
DB09345,CCCCOC1=CC=C(C=C1)OCCCN2CCOCC2
DB09414,OP(=O)([O-])[O-].[K+].[K+]
DB09449,OP(=O)(O)[O-].[Na+]
DB09477,C[C@@H](C(=O)N1CCC[C@H]1C(=O)O)N[C@@H](CCC2=CC=CC=C2)C(=O)O
DB09499,OS(=O)(=S)O
DB09516,COC1=CC=C(C=C1)O
DB09536,O=[Ti]=O
DB09555,CN(C)CC[C@@H](C1=CC=C(C=C1)Cl)C2=CC=CC=N2.C(=C\C(=O)O)\C(=O)O
DB11079,C1=CC=C(C(=C1)C(=O)O)O.C(CO)N(CCO)CCO
DB11121,CC1=CC(=CC(=C1Cl)C)O
DB11136,[Cr]
DB11148,CCCCOC(=O)C1=CC=C(C=C1)N
DB11231,CC(=CCC/C(=C/C=C/C(=C/C=C/C(=C/C=C/C=C(/C=C/C=C(/C=C/C=C(/CCC=C(C)C)\C)\C)\C)/C)/C)/C)C
DB11235,CN(C)CCN(CC1=CC=C(C=C1)OC)C2=NC=CC=N2
DB11239,[O-]S(=O)(=O)[O-].[O-]S(=O)(=O)[O-].[O-]S(=O)(=O)[O-].[Al+3].[Al+3]
DB11254,CCCCCCC1=C(C=C(C=C1)O)O
DB11268,C1=CC(=C(C=C1C=O)O)O
DB11342,[O-2].[O-2].[O-2].[Al+3].[Al+3]
DB11586,CC(C)(C)[C@@H](C(=O)N1C[C@@H](C[C@H]1C(=O)N[C@@]2(C[C@H]2C=C)C(=O)NS(=O)(=O)C3CC3)OC4=NC=C(C5=C4C=C(C=C5)Cl)OC)NC(=O)OC(C)(C)C
DB11609,CCC(=O)C(CCN(C)C)(C1=CC=CC=C1)C2=CC=CC=C2
DB11610,C[C@@H]([C@@H](C1=CC=C(C=C1)O)O)NC
DB11614,CC1=CC(=CN=C1)CN2CCC(=C3C4=C(CCC5=C3N=CC=C5)C=C(C=C4)Cl)CC2
DB11619,CC[C@]12C=CC3=C4CCC(=O)C=C4CC[C@H]3[C@@H]1CC[C@]2(C#C)O
DB11630,C1CC2=NC1=C(C3=CC=C(N3)C(=C4C=CC(=N4)C(=C5C=CC(=C2C6=CC(=CC=C6)O)N5)C7=CC(=CC=C7)O)C8=CC(=CC=C8)O)C9=CC(=CC=C9)O
DB11633,C[C@@H](C1=NC(=CS1)C2=CC=C(C=C2)C#N)[C@](CN3C=NC=N3)(C4=C(C=CC(=C4)F)F)O
DB11636,CC1=C[C@@H]2[C@H](CC[C@]3([C@H]2CC[C@@]3(C(=O)C)O)C)[C@@H]4C1=CC(=O)CC4
DB11641,CC[C@@]12C=CCN3[C@@H]1[C@]4(CC3)[C@H]([C@]([C@@H]2OC(=O)C)(C(=O)OC)O)N(C5=CC(=C(C=C45)[C@]6(C[C@@H]7C[C@H](CN(C7)CC8=C6NC9=CC=CC=C89)C(C)(F)F)C(=O)OC)OC)C
DB11699,CN1[C@@H]2CC[C@H]1CC(C2)OC(=O)C3=CNC4=CC=CC=C43
DB11737,C#CC1=CC(=CC=C1)NC2=NC=NC3=CC4=C(C=C32)OCCOCCOCCO4
DB11994,CC(=O)OC1=CC=CC2=C1C(=O)C3=C(C2=O)C=C(C=C3OC(=O)C)C(=O)O
DB12278,CCCOC(C1=CC=CC=C1)(C2=CC=CC=C2)C(=O)OC3CCN(CC3)C
DB12532,CC(C)(CC1=CC=CC=C1)N(C)C(=O)CN(CCO)CC(=O)N(C)C(C)(C)CC2=CC=CC=C2
DB12598,C1=CC(=CC=C1C(=O)OC2=CC3=C(C=C2)C=C(C=C3)C(=N)N)N=C(N)N
DB12924,CC1=CC(=CN=C1NC)C2=C(C3=C(C=C2)C(=O)C(=CN3C4CC4)C(=O)O)C
DB13025,CCN(CC)CCNC(=O)C1=C(C=CC(=C1)S(=O)(=O)C)OC
DB13145,C(C(=O)O)O.N.N.[Pt+2]
DB13146,C1C(CC1(C(=O)O)N)[18F]
DB13153,CC1=CC[C@H](CC1)[C@](C)(CCC=C(C)C)O
DB13158,C[C@H]1C[C@H]2[C@@H]3CCC4=CC(=O)C=C[C@@]4([C@]3(C(=O)C[C@@]2([C@]1(C(=O)CCl)O)C)F)C
DB13167,C=CCOC1=C(C=C(C=C1)CC(=O)O)Cl
DB13323,C(=C(Cl)Cl)Cl
DB13595,O.[O-][Si]([O-])([O-])[O-].[O-][Si]([O-])([O-])[O-].[Mg+2].[Al+3].[Al+3]
DB13747,C(CO)N(CCO)CCO
DB13783,CC1=C(C2=C(N1C(=O)C3=CC=C(C=C3)Cl)C=CC(=C2)OC)CC(=O)OCC(=O)O
DB13872,CN1C2=C(C=C(C=C2)Cl)C(=NC(C1=O)O)C3=CC=CC=C3Cl
DB13878,C[C@H]([C@@H](C(=O)N1CCC[C@H]1C2=NC3=C(N2)C=C(C(=C3)F)[C@H]4CC[C@@H](N4C5=CC(=C(C(=C5)F)N6CCC(CC6)C7=CC=C(C=C7)F)F)C8=CC9=C(C=C8F)N=C(N9)[C@@H]1CCCN1C(=O)[C@H]([C@@H](C)OC)NC(=O)OC)NC(=O)OC)OC
DB13925,C[C@H]([C@H]1C(=O)N[C@@H](CSSC[C@@H](C(=O)N[C@H](C(=O)N[C@@H](C(=O)N[C@H](C(=O)N1)CCCCN)CC2=CNC3=CC=CC=C32)CC4=CC=C(C=C4)O)NC(=O)[C@@H](CC5=CC=CC=C5)NC(=O)CN6CCN(CCN(CCN(CC6)CC(=O)[O-])CC(=O)[O-])CC(=O)[O-])C(=O)N[C@@H]([C@@H](C)O)C(=O)O)O.[Ga+3]
DB13450,[O-]S(=O)(=O)C1=CC=CC=C1.[O-]S(=O)(=O)C1=CC=CC=C1.COC1=CC2=C(C=C1OC)[C@@H](CC1=CC(OC)=C(OC)C=C1)[N@@+](C)(CCC(=O)OCCCCCOC(=O)CC[N@@+]1(C)CCC3=C(C=C(OC)C(OC)=C3)[C@H]1CC1=CC(OC)=C(OC)C=C1)CC2
DB09396,O.OS(=O)(=O)C1=CC2=CC=CC=C2C=C1.CCC(=O)O[C@@](CC1=CC=CC=C1)([C@H](C)CN(C)C)C1=CC=CC=C1
DB09323,O.O.O.O.C(CNCC1=CC=CC=C1)NCC1=CC=CC=C1.[H][C@]12SC(C)(C)[C@@H](N1C(=O)[C@H]2NC(=O)CC1=CC=CC=C1)C(O)=O.[H][C@]12SC(C)(C)[C@@H](N1C(=O)[C@H]2NC(=O)CC1=CC=CC=C1)C(O)=O
DB09162,[Fe+3].OC(CC([O-])=O)(CC([O-])=O)C([O-])=O
DB11106,CC(C)(N)CO.CN1C2=C(NC(Br)=N2)C(=O)N(C)C1=O
DB00050,C[C@H](C(=O)N)NC(=O)[C@@H]1CCCN1C(=O)[C@H](CCCN=C(N)N)NC(=O)[C@H](CC(C)C)NC(=O)[C@@H](CCCNC(=O)N)NC(=O)[C@H](CC2=CC=C(C=C2)O)NC(=O)[C@H](CO)NC(=O)[C@@H](CC3=CN=CC=C3)NC(=O)[C@@H](CC4=CC=C(C=C4)Cl)NC(=O)[C@@H](CC5=CC6=CC=CC=C6C=C5)NC(=O)C
DB00093,C1C[C@H](N(C1)C(=O)[C@@H]2CSSC[C@@H](C(=O)N[C@H](C(=O)N[C@H](C(=O)N[C@H](C(=O)N[C@H](C(=O)N2)CC(=O)N)CCC(=O)N)CC3=CC=CC=C3)CC4=CC=CC=C4)N)C(=O)N[C@@H](CCCCN)C(=O)NCC(=O)N
DB00114,CC1=NC=C(C(=C1O)C=O)COP(=O)(O)O
DB00116,C1C(NC2=C(N1)N=C(NC2=O)N)CNC3=CC=C(C=C3)C(=O)N[C@@H](CCC(=O)O)C(=O)O
DB00121,C1[C@H]2[C@@H]([C@@H](S1)CCCCC(=O)O)NC(=O)N2
DB00123,C(CCN)C[C@@H](C(=O)O)N
DB00125,C(C[C@@H](C(=O)O)N)CN=C(N)N
DB00127,C(CCNCCCN)CNCCCN
DB00128,C([C@@H](C(=O)O)N)C(=O)O
DB00129,C(C[C@@H](C(=O)O)N)CN
DB00132,CC/C=C\C/C=C\C/C=C\CCCCCCCC(=O)O
DB00135,C1=CC(=CC=C1C[C@@H](C(=O)O)N)O
DB00137,CC1=C(C(C[C@@H](C1)O)(C)C)/C=C/C(=C/C=C/C(=C/C=C/C=C(\C)/C=C/C=C(\C)/C=C/[C@H]2C(=C[C@@H](CC2(C)C)O)C)/C)/C
DB00138,C([C@@H](C(=O)O)N)SSC[C@@H](C(=O)O)N
DB00139,C(CC(=O)O)C(=O)O
DB00141,CC(=O)N[C@@H](C=O)[C@H]([C@@H]([C@@H](CO)O)O)O
DB00143,C(CC(=O)N[C@@H](CS)C(=O)NCC(=O)O)[C@@H](C(=O)O)N
DB00144,CCCC(=O)O[C@H](COC(=O)CC)COP(=O)(O)OC[C@@H](C(=O)O)N
DB00145,C(C(=O)O)N
DB00147,CC1=NC=C(C(=C1O)C=O)CO
DB00149,CC(C)C[C@@H](C(=O)O)N
DB00151,C([C@@H](C(=O)O)N)S
DB00154,CCCCC/C=C\C/C=C\C/C=C\CCCCCCC(=O)O
DB00155,C(C[C@@H](C(=O)O)N)CNC(=O)N
DB00156,C[C@H]([C@@H](C(=O)O)N)O
DB00157,C1C=CN(C=C1C(=O)N)[C@H]2[C@@H]([C@@H]([C@H](O2)COP(=O)(O)OP(=O)(O)OC[C@@H]3[C@H]([C@H]([C@@H](O3)N4C=NC5=C(N=CN=C54)N)O)O)O)O
DB00161,CC(C)[C@@H](C(=O)O)N
DB00167,CC[C@H](C)[C@@H](C(=O)O)N
DB00168,COC(=O)[C@H](CC1=CC=CC=C1)NC(=O)[C@H](CC(=O)O)N
DB00171,C1=NC(=C2C(=N1)N(C=N2)[C@H]3[C@@H]([C@@H]([C@H](O3)COP(=O)(O)OP(=O)(O)OP(=O)(O)O)O)O)N
DB00172,C1C[C@H](NC1)C(=O)O
DB00173,C1=NC2=NC=NC(=C2N1)N
DB00174,C([C@@H](C(=O)O)N)C(=O)N
DB00183,CC(C)(C)OC(=O)NCCC(=O)N[C@@H](CC1=CNC2=CC=CC=C21)C(=O)N[C@@H](CCSC)C(=O)N[C@@H](CC(=O)O)C(=O)N[C@@H](CC3=CC=CC=C3)C(=O)N
DB00192,CC(C)NCCCC1(C2=CC=CC=C2C3=CC=CC=C31)C(=O)N
DB00194,C1=NC(=C2C(=N1)N(C=N2)[C@H]3[C@H]([C@@H]([C@H](O3)CO)O)O)N
DB00269,COC1=CC=C(C=C1)C(=C(C2=CC=C(C=C2)OC)Cl)C3=CC=C(C=C3)OC
DB00299,C1=NC2=C(N1CCC(CO)CO)N=C(NC2=O)N
DB00306,CCC(C)C1(C(=O)NC(=O)NC1=O)CC=C
DB00311,CCOC1=CC2=C(C=C1)N=C(S2)S(=O)(=O)N
DB00383,CN1CCCN=C1COC(=O)C(C2CCCCC2)(C3=CC=CC=C3)O
DB00403,C[C@H]([C@@H](C(=O)NCC(=O)N[C@@H](CC1=CNC2=CC=CC=C21)C(=O)N[C@@H](CCSC)C(=O)N[C@@H](CC(=O)O)C(=O)N[C@@H](CC3=CC=CC=C3)C(=O)N)NC(=O)[C@H](CC4=CC=C(C=C4)OS(=O)(=O)O)NC(=O)[C@H](CC(=O)O)NC(=O)[C@H](CCC(=O)N)NC(=O)[C@@H]5CCC(=O)N5)O
DB00406,CN(C)C1=CC=C(C=C1)C(=C2C=CC(=[N+](C)C)C=C2)C3=CC=C(C=C3)N(C)C
DB00416,C[N+]1(CCC2=CC(=C3C=C2[C@@H]1CC4=CC=C(C=C4)OC5=C6[C@@H](CC7=CC(=C(C=C7)OC)O3)[N+](CCC6=CC(=C5OC)OC)(C)C)OC)C.[I-].[I-]
DB00463,CCC1(C(=O)NC(=O)N(C1=O)C)CC
DB00464,CCCCC(CC)CCC(CC(C)C)OS(=O)(=O)[O-].[Na+]
DB00466,CC(=C)[C@@H]1C2[C@@H]3[C@@]4([C@](C1C(=O)O2)(CC5[C@]4(O5)C(=O)O3)O)C.C[C@@]12[C@H]3C4[C@H](C([C@@]1(C[C@@H]5[C@]2(O5)C(=O)O3)O)C(=O)O4)C(C)(C)O
DB00473,CC(CNC1CCCCC1)OC(=O)C2=CC=CC=C2
DB00505,CC[N+](CC)(CC)CCC(C1CCCCC1)(C2=CC=CC=C2)O
DB00522,C1=CC=C(C=C1)C(=O)N[C@@H](CC2=CC=C(C=C2)O)C(=O)NC3=CC=C(C=C3)C(=O)O
DB00534,COC(CNC(=O)N)C[Hg]Cl
DB00566,[C@@H]([C@@H](C(=O)O)S)(C(=O)O)S
DB00587,CCC(CC)(CC(=O)NC1=CC=CC(=C1)/C=C/C2=NC(=CS2)C3CCC3)C(=O)O
DB00600,C1=CC=C(C=C1)COC2=CC=C(C=C2)O
DB00616,COCCOC[C@H](CC1(CCCC1)C(=O)NC2CCC(CC2)C(=O)O)C(=O)OC3=CC4=C(CCC4)C=C3
DB00632,CCCCCCCCCCCCCCCCCCCCCCO
DB00659,CC(=O)NCCCS(=O)(=O)O
DB00676,C1=CC=C(C=C1)COC(=O)C2=CC=CC=C2
DB00725,C[N+]1(C2CCC1CC(C2)OC(=O)C(C3=CC=CC=C3)O)C.[Br-]
DB00739,CC1([C@@H](N2[C@H](S1)[C@@H](C2=O)N3C(=O)[C@H](NC3(C)C)C4=CC=CC=C4)C(=O)O)C
DB00767,CCN(CC)C(=O)C1CN2CCC3=CC(=C(C=C3C2CC1OC(=O)C)OC)OC
DB00786,CC(C)C[C@H]([C@@H](C(=O)NO)O)C(=O)N[C@H](C(=O)NC)C(C)(C)C
DB00815,CCCCCCCCCCCCOS(=O)(=O)[O-].[Na+]
DB00824,CCCN1C2=C(C(=O)NC1=O)NC=N2
DB00825,C[C@@H]1CC[C@H]([C@@H](C1)O)C(C)C
DB00858,C[C@@H]1C[C@]2([C@@H](CC[C@@H]3[C@@H]2CC[C@]4([C@H]3CC[C@@H]4O)C)CC1=O)C
DB14596,CCOC(=O)O[C@@]1(CC[C@@H]2[C@@]1(C[C@@H]([C@H]3[C@H]2CCC4=CC(=O)C=C[C@]34C)O)C)C(=O)OCCl
DB00874,COC1=CC=CC=C1OCC(CO)O
DB00886,C1C[C@H](N2[C@H](C1)SCC[C@@H](C2=O)NC(=O)[C@H](CC3=CC=CC=C3)S)C(=O)O
DB00895,CC1([C@@H](N[C@H](S1)C(C(=O)NCCCC[C@H](C(=O)O)N)NC(=O)CC2=CC=CC=C2)C(=O)O)C.C(CCN)C[C@H](C(=O)O)N
DB00913,CCOC(=O)C1(CCN(CC1)CCC2=CC=C(C=C2)N)C3=CC=CC=C3
DB00926,CCOC(=O)C=C(C)C=CC=C(C)C=CC1=C(C(=C(C=C1C)OC)C)C
DB00941,C[N+](C)(CCCCCC[N+](C)(C)C1C2=CC=CC=C2C3=CC=CC=C13)C4C5=CC=CC=C5C6=CC=CC=C46
DB00942,C1CCN(CC1)CCC(C2CCCC2)(C3=CC=CC=C3)O
DB00971,S=[Se]=S
DB00984,C[C@]12CC[C@H]3[C@H]([C@@H]1CC[C@@H]2OC(=O)CCC4=CC=CC=C4)CCC5=CC(=O)CC[C@H]35
DB01025,CC(C)C1=CC2=C(C=C1)OC3=NC(=C(C=C3C2=O)C(=O)O)N
DB01031,C#CC1(CCCCC1)OC(=O)N
DB01123,C1=CC(=CC2=NC3=C(C=CC(=C3)N)C=C21)N
DB01134,C[C@]12CC[C@H]3[C@H]([C@@H]1CC[C@@H]2C(=O)COC(=O)C(C)(C)C)CCC4=CC(=O)CC[C@]34C
DB01145,C1=CC(=CC=C1NCS(=O)O)S(=O)(=O)C2=CC=C(C=C2)NCS(=O)O
DB01146,CN1CCC(CC1)OC(C2=CC=CC=C2)C3=CC=CC=C3
DB01152,C[C@@H]1[C@H]([C@@H]([C@@H](C(O1)OC\2CC(C(C(CC(=O)CC(CC(CC(CC(=O)CCCC(=O)CC(=O)OC(C(/C=C/C=C/C=C/C=C/C=C/C=C/C=C2)C)C(C)CC(C)C(CC(=O)C3=CC=C(C=C3)N)O)O)O)O)O)C(=O)O)O)O)N)O
DB01163,CC1([C@@H](N2[C@H](S1)[C@@H](C2=O)N=CN3CCCCCC3)C(=O)O)C
DB01187,CCOC(=O)CCCCCCCCC(C)C1=CC=CC=C1I
DB01231,C1CCN(CC1)CCCC(C2=CC=CC=C2)(C3=CC=CC=C3)O
DB01237,CN(C)CCOC(C1=CC=CC=C1)C2=CC=C(C=C2)Br
DB01342,CCCCC1=NN(C(=N1)CCCC)CC2=CN=C(C=C2)C3=CC=CC=C3C4=NNN=N4
DB01346,CCC1(C(=O)NC(=O)NC1=O)C2=CC=CC=C2.COC1=CC2=C(C=CN=C2C=C1)C(C3CC4CCN3CC4C=C)O
DB01347,CCC1=NC(=C(N1CC2=CC3=C(C=C2)OC(=C3Br)C4=CC=CC=C4NS(=O)(=O)C(F)(F)F)C(=O)N)C5CC5
DB01352,CC(C)C1(C(=O)NC(=O)NC1=O)CC=C
DB01373,[Ca]
DB01375,CCCCCCCCCCCCCCCCCC(=O)O[Al].O.O
DB01382,COCCOC1=CN=C(N=C1)NS(=O)(=O)C2=CC=CC=C2
DB01388,CC(C)[C@H]1C2=C(CC[C@@]1(CCN(C)CCCC3=NC4=CC=CC=C4N3)OC(=O)COC)C=C(C=C2)F
DB01405,CC1CN(CCN1)C2=C(C=C3C(=C2)N(C=C(C3=O)C(=O)O)C4=C(C=C(C=C4)F)F)F
DB01419,C1CN(CCN1CCOC(=O)C2=CC=CC=C2NC3=C4C=CC(=CC4=NC=C3)C(F)(F)F)C5=CC=CC(=C5)C(F)(F)F
DB01425,COC1=CC2=C(C=C1C(=O)NCC3CCCN3CC=C)NN=N2
DB01428,COC1=CC(=C(C=C1)C(=O)C2=CC=CC=C2)O
DB01430,C=CCNC1=NC(=NC(=N1)N2CCN(CC2)C(C3=CC=C(C=C3)F)C4=CC=C(C=C4)F)NCC=C
DB01434,C[C@]12CC[C@H]3[C@H]([C@@H]1CCC2=O)CCC4=CC(=O)CC[C@H]34
DB01439,CCC(=O)N(C1CCN(CC1C)CCC2=CC=CS2)C3=CC=CC=C3
DB01441,CC(C)N(CCC1=CNC2=C1C=C(C=C2)OC)C(C)C
DB01442,CC(CC1=CC2=C(C(=C1)OC)OCO2)N
DB01443,C[C@]12CC[C@@H]3[C@H]4CCC(=O)CC4=CC[C@H]3[C@@H]1CCC2=O
DB01444,CC(C=C(C1=CC=CS1)C2=CC=CS2)N(C)C
DB01445,CN(C)CCC1=CNC2=C1C=C(C=C2)O
DB01446,CC(CC1=CNC2=CC=CC=C21)N
DB01454,CC(CC1=CC2=C(C=C1)OCO2)NC
DB01456,C[C@]12CC[C@H]3[C@H]([C@@H]1CCC2=O)CC=C4[C@@]3(CCC(=O)C4)C
DB01459,CCC(=O)N1C2=CC=CC=C2N(C1=O)C3CCN(CC3)CCC(C#N)(C4=CC=CC=C4)C5=CC=CC=C5
DB01460,CCN(CC)CCC1=CNC2=CC=CC=C21
DB01461,CCOC(C1=CC=CC=C1)(C2=CC=CC=C2)C(=O)OCCN(C)C
DB01470,CCC(=O)N(C1CCN(CC1)C(C)CC2=CC=CS2)C3=CC=CC=C3
DB01473,CCC(=O)O[C@@]1(CCN(C[C@H]1C)C)C2=CC=CC=C2
DB01478,CCC(=O)OC1(CCN(CC1)C)C2=CC=CC=C2
DB01481,C[C@]12CC[C@H]3[C@H]([C@@H]1CC[C@@H]2O)CC[C@@H]4[C@@]3(C=CC(=O)C4)C
DB01485,C[C@]12CC[C@H]3[C@H]([C@@H]1CC[C@@H]2O)CCC4=C(C(=O)CC[C@]34C)O
DB01486,C[C@@H]([C@H](C1=CC=CC=C1)O)N
DB01488,CN(C)CCC1=CNC2=CC=CC=C21
DB01490,C1C(OC(=N1)N)C2=CC=CC=C2
DB01493,CC[C@@]1(CC[C@@H]2[C@@]1(CC[C@H]3[C@H]2CCC4=CCCC[C@H]34)C)O
DB01497,CCCC(C)(C1C[C@@]23C=CC1(C4[C@@]25CCN([C@@H]3CC6=C5C(=C(C=C6)O)O4)C)OC)O
DB01509,CC(CC1=CC2=C(C=C1)OCO2)N
DB01515,CN1[C@H]2CC[C@@H]1[C@H]([C@H](C2)OC(=O)C3=CC=CC=C3)C(=O)O
DB01522,CC[C@@H](C(C[C@@H](C)N(C)C)(C1=CC=CC=C1)C2=CC=CC=C2)OC(=O)C
DB01524,C[C@]12CC[C@H]3[C@H]([C@@H]1CC[C@@H]2O)CC=C4[C@@]3(CC[C@@H](C4)O)C
DB01529,C[C@H](CN1CCOCC1)C(C2=CC=CC=C2)(C3=CC=CC=C3)C(=O)N4CCCC4
DB01532,CC(CC1=CC=CC=C1)N2CCC(CC2)N(C3=CC=CC=C3)C(=O)C
DB01534,CC(CC(C)(C)O)OC(C(Cl)(Cl)Cl)O
DB01535,CCC(=O)N(C1=CC=CC=C1)C2(CCN(CC2)CCC3=CC=CC=C3)C(=O)OC
DB01536,C[C@]12CCC(=O)C=C1CC[C@@H]3[C@@H]2CC[C@]4([C@H]3CCC4=O)C
DB01540,C[C@]12CC[C@H]3[C@H]([C@@H]1CC[C@]2(C)O)CCC4=C(C(=O)CC[C@H]34)O
DB01541,C[C@]12CC[C@H]3[C@H]([C@@H]1CC[C@@H]2O)CCC4=CC(=O)C=C[C@]34C
DB01546,CCC(CC1=CNC2=CC=CC=C21)N
DB01548,CC(C)([C@H]1C[C@@]23CC[C@@]1([C@H]4[C@@]25CCN([C@@H]3CC6=C5C(=C(C=C6)O)O4)CC7CC7)OC)O
DB01552,CC[C@@H]1CN(CC[C@@]1(C2=CC=CC=C2)OC(=O)CC)C
DB01555,CC[C@H](C(C[C@@H](C)N(C)C)(C1=CC=CC=C1)C2=CC=CC=C2)OC(=O)C
DB01556,CC(C)(CC1=CC=C(C=C1)Cl)N
DB01557,CCC(=O)N(C1CCN(CC1)C(C)CC2=CC=CC=C2)C3=CC=CC=C3
DB01564,C[C@H]1CC2=CC(=O)CC[C@@]2([C@@H]3[C@@H]1[C@@H]4CC[C@]([C@]4(CC3)C)(C)O)C
DB01565,CN1CC[C@]23[C@@H]4[C@H]1CC5=C2C(=C(C=C5)O)O[C@H]3[C@H](CC4)O
DB01569,C[C@@]1(CC[C@@H]2[C@@]1(C[C@H]([C@H]3[C@H]2CCC4=CC(=O)C(=C[C@]34C)C=O)O)C)O
DB01570,CCC(=O)N(C1CCN(CC1C)CC(C2=CC=CC=C2)O)C3=CC=CC=C3
DB01572,C[C@]12CC[C@H]3[C@H]([C@@H]1CC[C@]2(C)O)CC[C@@H]4[C@@]3(C=CC(=O)C4)C
DB01593,[Zn]
DB01594,C1=CC=C(C(=C1)C2=NC(C(=O)N(C3=C2C=C(C=C3)Cl)CCC#N)O)F
DB01616,CCN(CCCC1=CC=CC=C1)CCCC2=CC=CC=C2
DB01625,CC(C)[N+](C)(CCC(C1=CC=CC=C1)(C2=CC=CC=C2)C(=O)N)C(C)C
DB01629,C1=C(C(=O)NC(=O)N1[C@H]2[C@@H]([C@@H]([C@H](O2)CO)O)O)F
DB01632,C([C@@H]1[C@H]([C@H]([C@H](O1)OP(=O)(O)OP(=O)(O)O)O)O)OP(=O)(O)O
DB01643,CC1=CN(C(=O)NC1=O)[C@H]2C[C@@H]([C@H](O2)COP(=O)(O)O)O
DB01667,C12=NNN=C1N=C(NC2=O)N
DB01669,C[C@@H]1/C=C/C(=O)NC/C=C/C(=C/[C@H](CC(=O)CC2=NC(=CO2)C(=O)N3CCC=C3C(=O)O[C@@H]1C(C)C)O)/C
DB01676,CC1=C(C=C(C=C1[N+](=O)[O-])[N+](=O)[O-])[N+](=O)[O-]
DB01678,CC(=O)N[C@@H](CC1=CC(=C(C=C1)OP(=O)(O)O)C=O)C(=O)N[C@H]2CCCCN(C2=O)CC3=CC=C(C=C3)C4=CC=CC=C4
DB01686,CN(C)C(=NCCC[C@@H](C(=O)O)N)N
DB01692,C([C@H]([C@H](CS)O)O)S
DB01700,C1=NC(=C(N1[C@H]2[C@@H]([C@@H]([C@H](O2)COP(=O)(O)O)O)O)N)C(=O)N
DB01709,C([C@H](C(=O)O)OP(=O)(O)O)O
DB01713,C1[C@H]([C@@H]([C@H]([C@H](O1)OP(=O)(O)OP(=O)(O)OC[C@@H]2[C@H]([C@H]([C@@H](O2)N3C=CC(=O)NC3=O)O)O)O)O)O
DB01718,CCCCCCCCCCCCCCCC[N+](C)(C)C
DB01746,CC(C)C[C@H](C(=O)O)N
DB01752,C1=NC(=C2C(=N1)N(C=N2)[C@H]3[C@@H]([C@@H]([C@H](O3)CSCC[C@@H](C(=O)O)N)O)O)N
DB01774,C1=NC(=C2C(=N1)N(C=N2)[C@H]3[C@@H]([C@@H]([C@H](O3)COP(=O)(O)OP(=O)(O)O[C@@H]4[C@@H]([C@H]([C@@H]([C@H](O4)CO)O)O)O)O)O)N
DB01775,C(C(=O)CO)O
DB01783,CC(C)(CO)[C@H](C(=O)NCCC(=O)O)O
DB01786,C[C@H](C(=O)O)N
DB01791,COC1=C(C=C(C=C1)C(=O)NC2=C(C=NC=C2Cl)Cl)OC3CCCC3
DB01796,C1=CC(=C(N=C1)C(=O)O)C(=O)O
DB01839,CC(CO)O
DB01853,CC[C@@H]1[C@H](C2=CC3=C(C(=C([N-]3)C=C4[C@H]([C@@H](C(=N4)C5=C6C(=C(C(=CC1=N2)[N-]6)C)C(=O)[C@@H]5C(=O)OC)CCC(=O)OC/C=C(\C)/CCC[C@H](C)CCC[C@H](C)CCCC(C)C)C)C)C(=O)C)C.[Mg+2]
DB01856,C(CCC(=O)O)CCC(=O)O
DB01861,C1=CN(C(=O)NC1=O)[C@H]2[C@@H]([C@@H]([C@H](O2)COP(=O)(O)OP(=O)(O)O[C@@H]3[C@@H]([C@H]([C@@H]([C@H](O3)CO)O)O)O)O)O
DB01862,CC(C)S[C@H]1[C@@H]([C@H]([C@H]([C@H](O1)CO)O)O)O
DB01864,C1=NC2=C(N1[C@H]3[C@@H]([C@@H]([C@H](O3)COP(=O)(O)OP(=O)(O)OP(=S)(O)O)O)O)N=C(NC2=O)N
DB01892,CC(C)C(=O)[C@]12C(=O)C(=C([C@](C1=O)(C[C@@H]([C@@]2(C)CCC=C(C)C)CC=C(C)C)CC=C(C)C)O)CC=C(C)C
DB01910,C1=NC(=C2C(=N1)N(C=N2)[C@H]3[C@@H]([C@@H]([C@H](O3)C[C@H](CC[C@@H](C(=O)O)N)N)O)O)N
DB01911,CCC1=C(C2=CC3=C(C(=C(N3C)C=C4C(=C(C(=N4)C=C5C(=C(C(=N5)C=C1N2)C)CCC(=O)O)CCC(=O)O)C)C)CC)C
DB01912,C1=CC=NC(=C1)C2=NC(=CC=C2)C3=CC=CC=N3.[Cl-].[Pt+2]
DB01914,C([C@H]([C@H]([C@@H]([C@H](C=O)O)O)O)O)O
DB01915,C([C@@H](C(=O)O)N)SO
DB01917,C(CCN)CN
DB01919,CCCCC=O
DB01920,C1=CC=C(C(=C1)[N+](=O)[O-])O[C@H]2[C@@H]([C@H]([C@H]([C@H](O2)CO)O)O)O
DB01941,CC1=CC2=C(C=C1C3(CC3)C4=NC=C(C=C4)C(=O)O)C(CCC2(C)C)(C)C
DB01942,C(=O)O
DB01953,C1=CC=C2C(=C1)C(=CN2)CCC3=CC=NC=C3
DB01954,COC1=C(C=C(C=C1)C2CC(=O)NC2)OC3CCCC3
DB01962,C1=CC(=CC=C1C[C@@H](C(=O)O)N)OP(=O)(O)O
DB01972,C1=NC2=C(N1[C@H]3[C@@H]([C@@H]([C@H](O3)COP(=O)(O)O)O)O)N=C(NC2=O)N
DB01990,C[C@H](CCCC(C)C)[C@H]1CC[C@@H]2[C@@]1(CC[C@H]3[C@H]2CC=C4[C@@]3(CC[C@@H](C4)OS(=O)(=O)O)C)C
DB01992,CC(C)(COP(=O)(O)OP(=O)(O)OC[C@@H]1[C@H]([C@H]([C@@H](O1)N2C=NC3=C(N=CN=C32)N)O)OP(=O)(O)O)[C@H](C(=O)NCCC(=O)NCCS)O
DB02010,C[C@@]12[C@@H]([C@@H](C[C@@H](O1)N3C4=CC=CC=C4C5=C6C(=C7C8=CC=CC=C8N2C7=C53)CNC6=O)NC)OC
DB02034,C1C[C@H]([C@@H]2[C@@H]([C@@H](CN2C1)O)O)O
DB02056,CCCCC[C@@H](/C=C/[C@@H]1[C@H]([C@H](CC1=O)O)C/C=C\CCCC(=O)O)O
DB02057,CC1=C(C(=O)NO1)C[C@@H](C(=O)O)N
DB02060,C1CCC(=O)CC1
DB02061,C([C@@H]1[C@H]([C@@H]([C@H]([C@@H](O1)O[C@@H]2[C@H](OC([C@@H]([C@H]2O)O)O)CO)O)O)O)O
DB02078,COCCOCCOCCOC
DB02079,C(C(=O)O)ON
DB02082,C1=NC2=C(N1[C@H]3[C@@H]([C@@H]([C@H](O3)COP(=O)(O)OP(=O)(NP(=O)(O)O)O)O)O)N=C(NC2=O)N
DB02095,C1=CC=C2C(=C1)C(=O)C(=O)N2
DB02123,C[C@H](CCC(=O)NCC(=O)O)[C@H]1CC[C@@H]2[C@@]1(CC[C@H]3[C@H]2[C@@H](C[C@H]4[C@@]3(CC[C@H](C4)O)C)O)C
DB02130,COC1=C(C=CC(=C1)C(=O)O)[O-]
DB02137,C([C@@H]1C(=C([C@H]2[C@@H](O1)NC3=C(N2)C(=O)NC(=N3)N)[S-])[S-])OP(=O)([O-])[O-].O=[Mo+2]=O
DB02166,CC[N+](C)(CC)CCC[N+]1=C2C=C(C=CC2=C3C=CC(=CC3=C1C4=CC=CC=C4)N)N
DB02169,C[C@@H]1CC[C@]2(CCCCO2)O[C@@H]1[C@@H](C)C[C@@H]([C@@H]3C(=C)[C@H]([C@H]4[C@H](O3)CC[C@]5(O4)CC[C@@H](O5)/C=C/[C@@H](C)[C@@H]6CC(=C[C@@]7(O6)[C@@H](CC[C@H](O7)C[C@](C)(C(=O)O)O)O)C)O)O
DB02184,C([C@H]([C@@H](CS)O)O)S
DB02192,C1=CC=C(C=C1)CCO
DB02234,CCSC(=N)N
DB02255,CC(C)C[C@H](CC(=O)NO)C(=O)N[C@@H](CC1=CNC2=CC=CC=C21)C(=O)NC
DB02256,C1[C@@H]([C@H](O[C@H]1N2C=CC(=O)NC2=O)CO)O
DB02266,C1=CC=C(C(=C1)C(=O)O)NC2=CC=CC(=C2)C(F)(F)F
DB02272,C1=C(C(=C(N1)CN)CC(=O)O)CCC(=O)O
DB02292,C1CCC2=C(CC1)C(=O)OC3=C2C=CC(=C3)OS(=O)(=O)N
DB02315,C1[C@@H]2[C@H]([C@H]([C@@H](O2)N3C=NC4=C3N=C(NC4=O)N)O)OP(=O)(O1)O
DB02325,CC(C)O
DB02329,C[C@]12CC[C@](C[C@H]1C3=CC(=O)[C@@H]4[C@]5(CC[C@@H](C([C@@H]5CC[C@]4([C@@]3(CC2)C)C)(C)C)OC(=O)CCC(=O)O)C)(C)C(=O)O
DB02345,C([C@@H](C(=O)O)N)[Se]
DB02381,C(CN=C(N)NO)[C@@H](C(=O)O)N
DB02385,C1=C(N=C2C(=O)NC(=NC2=N1)N)[C@H]([C@@H](CO)O)O
DB02431,C1=CN(C(=O)N=C1N)[C@H]2[C@@H]([C@@H]([C@H](O2)COP(=O)(O)OP(=O)(O)OP(=O)(O)O)O)O
DB02465,CCCCC/C=C\C/C=C\C/C=C\C/C=C\CCCC[P@](=O)(OC)F
DB02485,CC(=O)N[C@@H]1[C@H](C[C@](O[C@H]1[C@@H]([C@@H](CO)O)O)(C(=O)O)OP(=O)(O)OC[C@@H]2[C@H]([C@H]([C@@H](O2)N3C=CC(=NC3=O)N)O)O)O
DB02495,C1=CC=C(C=C1)NC2=NC3=C(C(=O)N2)N=CN3CCCCO
DB02496,CC(=O)[C@H]([C@@H](COP(=O)(O)O)O)O
DB02509,CC(=CCC/C(=C\CC/C(=C\CO)/C)/C)C
DB02517,C(CC(=O)O)[C@H](C(=O)O)N
DB02520,CCN(CC)C(=S)S
DB02527,C1[C@@H]2[C@H]([C@H]([C@@H](O2)N3C=NC4=C(N=CN=C43)N)O)OP(=O)(O1)O
DB02556,C1=CC=C(C=C1)C[C@H](C(=O)O)N
DB02568,C1=CC(=CN=C1)CC2=CNC3=C2N=C(NC3=O)N
DB02579,C=CC(=O)O
DB02587,CC(=O)O[C@H]1[C@H]([C@@H]2[C@]([C@H](CCC2(C)C)O)([C@@]3([C@@]1(O[C@@](CC3=O)(C)C=C)C)O)C)O
DB02621,C[C@H]/1CC[C@@H]2C[C@H](C[C@@](O2)([C@@H]3CSC(=O)N3)O)OC(=O)/C=C(\CC/C=C/C=C1)/C
DB02648,C[N+](C)(C)C[C@@H](CC(=O)O)O
DB02660,C/C(=N\OC(=O)N)/C1=CC(=C(C=C1)OC)OC2CCCC2
DB02679,C(#N)N
DB02691,C[C@H](CCC(=O)NCC(=O)[O-])[C@H]1CC[C@@H]2[C@@]1([C@H](C[C@H]3[C@H]2[C@@H](C[C@H]4[C@@]3(CC[C@H](C4)O)C)O)O)C
DB02756,C1CC(=O)N2CCC3=CC=CC1=C32
DB02772,C([C@@H]1[C@H]([C@@H]([C@H]([C@H](O1)O[C@]2([C@H]([C@@H]([C@H](O2)CO)O)O)CO)O)O)O)O
DB02788,C[C@@H](C(=O)C)O
DB02789,CC(=O)[C@H]1CC[C@@H]2[C@@]1(CC[C@H]3[C@H]2CC=C4[C@@]3(CC[C@@H](C4)O)C)C
DB02809,COC1=C(C(=CC(=C1)CC2=C[NH+]=C(N=C2N)N)OCCC[C@@H](CCC(=O)[O-])C(=O)[O-])Br
DB02823,C(C(=O)O)P(=O)(O)O
DB02842,CN(C)CCCNC(=O)C1=CC=CC2=C(C3=CC=CC=C3N=C21)N
DB02853,C1C[C@@H](NC1)C(=O)O
DB02854,C[C@]12CC[C@H](C[C@H]1CC[C@@H]3[C@@H]2CC[C@]4([C@H]3CCC4=O)C)O
DB02857,C1=NC2=C(N1[C@H]3[C@@H]([C@@H]([C@H](O3)CO)O)O)N=C(NC2=O)N
DB02869,C1=CC=C(C=C1)CC[C@@H](/C=C/S(=O)(=O)C2=CC=CC=C2)N
DB02877,C/C(=C\C1=CC=C(C=C1)C(=O)O)/C2=CC3=C(C=C2)C(CCC3(C)C)(C)C
DB02896,CSC1=NC=NC2=C1N=CN2[C@H]3[C@@H]([C@@H]([C@H](O3)CO)O)O
DB02902,C1=NC(=C2C(=N1)N(C=N2)[C@H]3[C@@H]([C@@H]([C@H](O3)COP(=O)(O)OS(=O)(=O)O)OP(=O)(O)O)O)N
DB02937,C1=NC(=C2C(=N1)N(C=N2)[C@H]3[C@@H]([C@@H]([C@H](O3)COP(=O)(O)OP(=O)(C[As](=O)(O)O)O)O)O)N
DB02961,C[C@@H]([C@@H]([C@H]([C@H](C=O)O)O)O)O
DB02967,CCN1C(=O)C=CC1=O
DB02998,C[C@@]1(CC[C@@H]2[C@@]1(C=CC3=C4CCC(=O)C=C4CC[C@@H]23)C)O
DB02999,C([C@@H](C(=O)O)N)N1C(=O)NC(=O)O1
DB03006,C1=CC(=CC=C1N)[As](=O)(O)O
DB03010,C[C@H]1CCC[C@@]2([C@@H](O2)C[C@H](OC(=O)C[C@@H](C(C(=O)[C@@H]([C@H]1O)C)(C)C)O)/C(=C/C3=CSC(=N3)C)/C)C
DB03017,CCCCCCCCCCCC(=O)O
DB03034,C[C@@H]1COC2=C3N1C=C(C(=O)C3=CC(=C2N4CCN(CC4)C)F)C(=O)O
DB03040,C(C(=O)O)N(CC(=O)O)CC(=O)O
DB03044,CC1=CC=C(C=C1)N2C(=CC(=N2)C(C)(C)C)NC(=O)NC3=CC=C(C4=CC=CC=C43)OCCN5CCOCC5
DB03057,C(C=O)C=O
DB03088,C1CC(=O)N[C@@H]1C(=O)O
DB03106,C1(C(C(C(C(C1O)O)O)O)O)O
DB03147,CC1=CC2=C(C=C1C)N(C3=NC(=O)NC(=O)C3=N2)C[C@@H]([C@@H]([C@@H](COP(=O)(O)OP(=O)(O)OC[C@@H]4[C@H]([C@H]([C@@H](O4)N5C=NC6=C(N=CN=C65)N)O)O)O)O)O
DB03166,CC(=O)O
DB03172,C1=CN(C2=NC=NC(=C21)N)[C@H]3[C@@H]([C@@H]([C@H](O3)CO)O)O
DB03205,C1=C(C2=C(C(=O)C(=O)C3=C2NC(=C3)C(=O)O)N=C1C(=O)O)C(=O)O
DB03206,C1[C@@H]([C@H]([C@@H]([C@H](N1)CO)O)O)O
DB03209,C1(=NC(=O)NC(=O)N1)C(=O)O
DB03214,C=C[C@@H](C(=O)O)N
DB03225,C1=CC=C2C(=C1)C(=CN2)C[C@H](C(=O)O)N
DB03226,C(C(F)(F)F)O
DB03227,C1=CC(=C[N+](=C1)[C@H]2[C@@H]([C@H]([C@@H](O2)COP(=O)(O)O)O)O)C(=O)N
DB03247,CC1=CC2=C(C=C1C)N(C3=NC(=O)NC(=O)C3=N2)C[C@@H]([C@@H]([C@@H](COP(=O)(O)O)O)O)O
DB03252,C(CCN)C[C@H](C(=O)O)N
DB03255,C1=CC=C(C=C1)O
DB03278,C([C@@H]([C@H](CO)O)O)O
DB03285,C1=CC(=CC=C1/C=C/C(=O)C2=C(C=C(C=C2)O)O)O
DB03312,C1[C@@H]([C@H](O[C@H]1N2C=C(C(=O)NC2=O)/C=C/Br)CO)O
DB03314,C1=CC2=C(C=C1F)C(=CN2)C[C@@H](C(=O)O)N
DB03323,C([C@@H]1[C@H]([C@@H]([C@H]([C@H](O1)O[C@@H]2[C@H](OC([C@@H]([C@H]2O)O)O)CO)O)O)O)O
DB03348,CC1=C[C@H]2CC3=C(C=CC(=O)N3)[C@@]4(C1)[C@@H]2CCCN4
DB03363,CC(=O)C1=C[N+](=CC=C1)[C@H]2[C@@H]([C@@H]([C@H](O2)COP(=O)(O)OP(=O)([O-])OC[C@@H]3[C@H]([C@H]([C@@H](O3)N4C=NC5=C(N=CN=C54)N)O)O)O)O
DB03374,C1=C(C=C(C(=C1I)O)I)C[C@@H](C(=O)O)N
DB03401,[C@H]1([C@@H]([C@H]([C@@H]([C@H]([C@@H]1OP(=O)(O)O)O)OP(=O)(O)O)OP(=O)(O)O)O)O
DB03435,C1=CN(C(=O)NC1=O)[C@H]2[C@@H]([C@@H]([C@H](O2)COP(=O)(O)OP(=O)(O)O)O)O
DB03450,COC(=O)CC1=C(N[C@H](SC1)[C@@H](C=O)NC(=O)CC2=CC=CS2)C(=O)O
DB03451,CCC(CC)(CCCO[C@H](C)[C@H]1CC[C@@H]\2[C@@]1(CCC/C2=C\C=C/3\C[C@H](C[C@@H](C3=C)O)O)C)O
DB03453,COC(=O)[C@H](CC1=CC=C(C=C1)C#CC2=CC=CC=C2)NC(=O)C[C@H]3CCCN(C3)C(=N)N
DB03454,CC1=C(C(=CC=C1)O)O
DB03455,C1=CC=C2C(=C1)C(=CN2)[C@H](C(=O)O)NOCCS
DB03456,CC(C)C[C@@H](C(=O)N[C@@H]1CCN(C1)C#N)NC(=O)OCC2=CC=CC=C2
DB03458,CN(CC[C@@H](C(=O)O)N)C[C@@H]1[C@H]([C@H]([C@@H](O1)N2C=NC3=C(N=CN=C32)N)O)O
DB03459,C([C@@H](C(=O)O)NC(=O)CP(=O)(O)O)C(=O)O
DB03501,C1=CN(C(=O)NC1=O)[C@H]2[C@@H]([C@@H]([C@H](O2)COP(=O)(O)OP(=O)(O)O[C@@H]3[C@@H]([C@H]([C@H]([C@H](O3)CO)O)O)O)O)O
DB03511,[C@@H]1([C@H]([C@H](O[C@@H]([C@@H]1O)O)C(=O)O)O)O
DB03515,C[C@]12CCC3=C([C@@H]1CCC2=O)C=CC4=C3C=CC(=C4)O
DB03516,C#CC1=CNC(=O)NC1=O
DB03566,C(CCNCCCN)CN
DB03567,CC(=O)N[C@@H]1[C@H]([C@H]([C@H](O[C@@H]1O)CO)O)O
DB03568,CCCC(=O)O
DB03575,C1CCC(CC1)(C2=CC=CC=C2)N3CCCCC3
DB03587,CC(=O)C=O
DB03600,CCCCCCCCCC(=O)O
DB03601,C1[C@H](OC2=C(C1=O)C=CC(=C2)O)C3=CC=C(C=C3)O
DB03604,C1=CC(=C(C=C1OC2=C(C=C(C=C2I)CC(=O)O)I)I)O
DB03606,COC1=C(C=C(C=C1)[C@@H]2CC(=O)NC2)OC3CCCC3
DB03608,C1=CC(=CC=C1C(=N)N)NN=NC2=CC=C(C=C2)C(=N)N
DB03609,C1[C@H](O[C@H]([C@@H]1O)N2C=NC3=C2N=C(NC3=O)N)CO
DB03644,C1=CC(=C(C(=C1)O)N)C(=O)O
DB03659,CCCCN
DB03661,C([C@@H](C(=O)O)N)S(=O)(=O)O
DB03671,C[C@]12CC[C@@H](C[C@H]1CC[C@@H]3[C@@H]2C[C@H]([C@]4([C@@]3(CC[C@@H]4C5=CC(=O)OC5)O)C)O)O
DB03685,C1=CN(C(=O)NC1=O)[C@H]2[C@@H]([C@@H]([C@H](O2)COP(=O)(O)O)O)O
DB03695,CC1=C2C(=NC(=NC2=NC=C1CC3=C(C=CC(=C3)OC)OC)N)N
DB03701,C1CN(CCN1CCCC2=CC=CC=C2)CCOC(C3=CC=C(C=C3)F)C4=CC=C(C=C4)F
DB03703,C1CCC(CC1)O
DB03708,C1=NC(=C2C(=N1)N(C=N2)[C@H]3[C@@H]([C@@H]([C@H](O3)COP(=O)(O)OS(=O)(=O)O)O)O)N
DB03719,CCNC(=O)[C@H]1[C@@H]([C@H]([C@@H](O1)N2C=NC3=C(N=CN=C32)N)O)O
DB03721,CC(=O)N[C@@H]1[C@H](C[C@@](O[C@H]1[C@@H]([C@@H](CO)O)O)(C(=O)O)O)O
DB03740,CC(=O)N[C@@H]1[C@H]([C@@H]([C@H](O[C@@H]1O)CO)O)O
DB03747,CC1=N[C@@H]2[C@H]([C@@H]([C@H](O[C@@H]2S1)CO)O)O
DB03766,CCC(=O)O
DB03773,C[C@@H]1[C@H]([C@@H]([C@H]([C@H](O1)O)O)O)O
DB03783,CCOC1=CC=C(C=C1)NC(=O)C
DB03791,C1=CC=C(C=C1)C(CN(CCCOC2=CC=CC(=C2)CC(=O)O)CC3=C(C(=CC=C3)C(F)(F)F)Cl)C4=CC=CC=C4
DB03798,C1[C@@H]([C@H](O[C@H]1N2C=CC(=NC2=O)N)COP(=O)(O)O)O
DB03839,C1=CC(=CC=C1C[C@H](C(=O)O)N)O
DB03843,C=O
DB03849,COC1=C(C=C(C=C1)C2(CCC(CC2)C(=O)O)C#N)OC3CCCC3
DB03852,CC1(C2CCC(O1)(CC2)C)C
DB03854,C(CCN)CCN
DB03866,CCCCC[C@@H](/C=C/[C@H]1[C@H]2C[C@@H]([C@@H]1C/C=C\CCCC(=O)O)OO2)OO
DB03886,C[C@H]([C@H](C1=CN=C2C(=N1)C(=O)NC(=N2)N)O)O
DB03896,OP(=O)(O)OP(=O)(O)OP(=O)(O)O
DB03902,C(=O)(C(=O)O)O
DB03917,CCNC(=O)/C=C(\C)/C=C/C=C(\C)/C=C/C1=C(CCCC1(C)C)C
DB03926,C[C@]12CC[C@@H](C[C@@H]1CC[C@@H]3[C@@H]2CC[C@]4([C@H]3CC[C@H]4O)C)O
DB03929,C([C@H](C(=O)O)N)O
DB03940,C(=O)(C(=O)O)N
DB03943,C([C@H](C(=O)O)N)C(=O)N
DB03945,C[N+](C)(C)CCOP(=O)(O)O
DB03955,C1[C@H]([C@H]([C@@H]([C@H](N1)CO)O)O)O
DB03966,CC1=CC=C(N1)C(=O)O[C@H]2[C@H]([C@@H](OC([C@@H]2OC)(C)C)OC3=C(C4=C(C=C3)C(=C(C(=O)O4)NC(=O)C5=CC(=C(C=C5)O)CC=C(C)C)O)Cl)O
DB03994,C(CO)N
DB04005,C1=CN(C(=O)NC1=O)[C@H]2[C@@H]([C@@H]([C@H](O2)COP(=O)(O)OP(=O)(O)OP(=O)(O)O)O)O
DB04017,CN(CCCOC1=C(C=C(C=C1)Cl)Cl)CC#C
DB04022,C1=NC2=C(N1[C@H]3[C@@H]([C@@H]([C@H](O3)COP(=O)(O)OP(=O)(O)O)OP(=O)(O)OP(=O)(O)O)O)N=C(NC2=O)N
DB04027,C(C[C@H](C(=O)O)N)CN=C(N)N
DB04036,CC(C)(COP(=O)(O)OP(=O)(O)OC[C@@H]1[C@H]([C@H]([C@@H](O1)N2C=NC3=C(N=CN=C32)N)O)OP(=O)(O)O)[C@H](C(=O)NCCC(=O)NCCSS)O
DB04038,C[C@H](/C=C/[C@H](C)C(C)C)[C@H]1CC[C@@H]2[C@@]1(CC[C@H]3C2=CC=C4[C@@]3(CC[C@@H](C4)O)C)C
DB04076,C1=NC2=C(N1)C(=O)NC=N2
DB04090,CC1=C(C(=O)C(=C(C1=O)N2CC2)CO)N3CC3
DB04111,CC1C(=O)C(CC(O1)OC2C3C(=O)NC(C4=C(C(=CC(=C4)O)O)C5=C(C=CC(=C5)C(C(=O)N3)NC(=O)C6C7=CC(=C(C(=C7)OC8=C(C=C2C=C8)Cl)OC9C(C(C(C(O9)CO)O)O)O)OC1=C(C=C(C=C1)C(C(C(=O)NC(C(=O)N6)CC(=O)N)NC(=O)C(CC(C)C)NC)O)Cl)O)C(=O)O)(C)N
DB04115,COC1=C(C2=C[N+]3=C(C=C2C=C1)C4=CC5=C(C=C4CC3)OCO5)OC
DB04124,CC[C@H](C(=O)NC/C=C/C=C(\C)/[C@H]([C@@H](C)[C@H]1[C@H]([C@H]([C@H](O1)/C=C/C=C/C=C(\C)/C(=O)C2=C(C=CN(C2=O)C)O)O)O)OC)[C@@]3([C@@H]([C@@H](C([C@@H](O3)/C=C/C=C\C)(C)C)O)O)O
DB04129,C1=CN(C(=O)NC1=O)CCC(=O)ON
DB04137,C1=NC2=C(N1[C@H]3[C@@H]([C@@H]([C@H](O3)COP(=O)(O)OP(=O)(O)OP(=O)(O)O)O)O)N=C(NC2=O)N
DB04145,C1=CC(=CN=C1)CO
DB04149,COC1=C(C=C(C=C1)[C@H]2CC(=O)NC2)OC3CCCC3
DB04177,C[C@]12CC[C@@H](C[C@H]1CC[C@@H]3[C@@H]2CC[C@]4([C@@]3(CC[C@@H]4C5=CC(=O)OC5)O)C)O
DB04183,CC(C(=O)O)C(=O)O
DB04185,CCC[C@@H](C(=O)O)N
DB04209,CC1=[N+](C2=CC=CC=C2C(=C1)N)CCCCCCCCCC[N+]3=C(C=C(C4=CC=CC=C43)N)C
DB04216,C1=CC(=C(C=C1C2=C(C(=O)C3=C(C=C(C=C3O2)O)O)O)O)O
DB04222,CC1=C(C(=O)NC(=O)N1)/C=C/C(=O)N[C@@H](CO)C[S@@](=O)CSC
DB04223,C(C[C@@H](C(=O)O)N)CN=C(N)N[N+](=O)[O-]
DB04224,CCCCCCCC/C=C/CCCCCCCC(=O)O
DB04250,CCCC(=O)SCC[N+](C)(C)C
DB04253,C1CN1C2=C(C=C(C(=C2)C(=O)N)[N+](=O)[O-])[N+](=O)[O-]
DB04263,C[C@H]([C@@H]1[C@H]([C@@H]([C@H]([C@H](O1)O[C@@H]2[C@H](C[C@H]([C@@H]([C@H]2O)O[C@@H]3[C@@H]([C@H]([C@@](CO3)(C)O)NC)O)N)N)N)O)O)O
DB04265,CC(=O)N[C@@H]1[C@H](C[C@](O[C@H]1[C@@H]([C@@H](CO)O)O)(C(=O)O)O)O
DB04269,C1C[C@H]2C(=O)N[C@H](C(=O)C(=O)N[C@@H](C(=O)N[C@H](/C=C/C(=O)NC[C@@H](C(=O)N2C1)NC=O)CC3=CC=C(C=C3)O)CC4=CC=CC=C4)CCCN=C(N)N
DB04291,C1=CC(=CC=C1[C@@H](C(=O)O)N)O
DB04315,C1=NC2=C(N1[C@H]3[C@@H]([C@@H]([C@H](O3)COP(=O)(O)OP(=O)(O)O)O)O)N=C(NC2=O)N
DB04326,C(C(=O)COP(=O)(O)O)O
DB04335,C1=NC2=C(C(=O)N1)N=CN2[C@H]3[C@@H]([C@@H]([C@H](O3)CO)O)O
DB04348,C[C@H](CCC(=O)NCCS(=O)(=O)O)[C@H]1CC[C@@H]2[C@@]1([C@H](C[C@H]3[C@H]2[C@@H](C[C@H]4[C@@]3(CC[C@H](C4)O)C)O)O)C
DB04349,C[C@@H](CO)O
DB04364,C[C@H](C(=O)C)O
DB04365,CN1CCC=C(C1)C(=O)OC
DB04377,CC(CC(=O)O)(CC(=O)O)O
DB04395,C1=NC(=C2C(=N1)N(C=N2)[C@H]3[C@@H]([C@H]([C@@H](O3)COP(=O)(O)OP(=O)(NP(=O)(O)O)O)O)O)N
DB04396,C([C@@H]1[C@@H]([C@@H]([C@H]([C@@H](O1)S[C@H]2[C@@H]([C@H]([C@H]([C@H](O2)CO)O)O)O)O)O)O)O
DB04400,C[C@@H]([C@@H](C1=NC2=C(NC1)N=C(NC2=O)N)O)O
DB04419,CCCC[C@H](C(=O)O)N
DB04422,C(CS)[C@@H](C(=O)O)N
DB04436,C1=CC(=C(C=C1C[C@@H](C(=O)O)N)F)O
DB04447,C([C@@H]([C@H](CS)O)O)S
DB04455,C[N+](C)(C)CC(=O)O
DB04464,CSCC[C@@H](C(=O)O)NC=O
DB04465,C([C@@H]1[C@@H]([C@@H]([C@H]([C@@H](O1)O[C@@H]2[C@H](OC([C@@H]([C@H]2O)O)O)CO)O)O)O)O
DB04468,CC/C(=C(\C1=CC=C(C=C1)O)/C2=CC=C(C=C2)OCCN(C)C)/C3=CC=CC=C3
DB04481,C([C@H]([C@H](CO)O)O)O
DB04485,CC1=CN(C(=O)NC1=O)[C@H]2C[C@@H]([C@H](O2)CO)O
DB04506,CCC\1=C2C=C3C(=C4C(=O)[C@@H](C(=C4[N-]3)C5=NC(=CC6=NC(=CC(=N2)/C1=C\[O-])C(=C6C)C=C)[C@H]([C@@H]5CCC(=O)OC/C=C(\C)/CCC[C@H](C)CCC[C@H](C)CCCC(C)C)C)C(=O)OC)C.[Mg+2]
DB04519,CCCCCCCC(=O)O
DB04522,C([C@@H](C(=O)O)N)OP(=O)(O)O
DB04524,CC(C)(COP(=O)(O)OP(=O)(O)OC[C@@H]1[C@H]([C@H]([C@@H](O1)N2C=NC3=C(N=CN=C32)N)O)OP(=O)(O)O)[C@H](C(=O)NCCC(=O)NCCSC(=O)CC(=O)O)O
DB04528,C1=CC(=C(C=C1[N+](=O)[O-])[N+](=O)[O-])O
DB04540,C[C@H](CCCC(C)C)[C@H]1CC[C@@H]2[C@@]1(CC[C@H]3[C@H]2CC=C4[C@@]3(CC[C@@H](C4)O)C)C
DB04555,C1=CN(C(=O)N=C1N)[C@H]2[C@@H]([C@@H]([C@H](O2)COP(=O)(O)OP(=O)(O)O)O)O
DB04557,CCCCC/C=C\C/C=C\C/C=C\C/C=C\CCCC(=O)O
DB04564,C([C@@H]1[C@H]([C@@H]([C@H](C(=O)O1)O)O)O)O
DB04566,C1=NC2=C(C(=O)N1)N=CN2[C@H]3[C@@H]([C@@H]([C@H](O3)COP(=O)(O)O)O)O
DB04581,C1=CC=C(C=C1)CN2C=CN=C2
DB04599,COC1=CC=C(C=C1)C(=O)N2CCCC2=O
DB04620,C1CCC(C1)(C(=O)O)N
DB04626,CN[C@H]1[C@H]([C@@H]2[C@H](C[C@H]([C@H](O2)O[C@@H]3[C@H](C[C@H]([C@@H]([C@H]3O)O)N)N)N)O[C@@H]1O[C@@H]4[C@@H]([C@H]([C@@H]([C@H](O4)CO)N)O)O)O
DB04628,CC(=O)N[C@@H]1[C@@H]([C@@H]([C@H](O[C@H]1O[C@@H]2[C@H](O[C@H]([C@@H]([C@@H]2O)NC(=O)C)O[C@@H]3[C@H]([C@H]4[C@@H]([C@H]3O)N=C(O4)N(C)C)CO)CO)CO)O)O
DB04630,C[C@]12CCC(=O)C=C1CC[C@@H]3[C@@H]2[C@H](C[C@]4([C@H]3CC[C@@H]4C(=O)CO)C=O)O
DB04646,CC1=C(C(=O)C(=C(C1=O)Br)C(C)C)Br
DB04652,C[C@]12CCC(=O)C=C1CC[C@@H]3[C@@H]2[C@H](C[C@]4([C@H]3CC[C@@H]4C(=O)CO)C)O
DB04657,CC1=C(SCCO1)C(=O)NC2=CC=CC=C2
DB04660,C[N+](C)(C)CCOP(=O)([O-])OC[C@@H](CO)O
DB04690,CC[C@@]1(C2=C(COC1=O)C(=O)N3CC4=CC5=CC=CC=C5N=C4C3=C2)O
DB04693,C[C@]12CC[C@H]3[C@H]([C@@H]1CCC2=O)CC[C@@H]4[C@@H]3CCC(=O)C4
DB04699,C1CC(=O)OC1
DB04703,C[C@H]1[C@@H]([C@H]([C@H]([C@@H](O1)OC[C@@H]2[C@H]([C@@H]([C@H]([C@@H](O2)OC3=CC(=C4C(=O)C[C@H](OC4=C3)C5=CC(=C(C=C5)OC)O)O)O)O)O)O)O)O
DB04725,CC1(CC2=C(C(=C(N2C1)CC(=O)O)C3=CC=C(C=C3)Cl)C4=CC=CC=C4)C
DB04734,C/C(=C/C(=O)O)/C(=O)O
DB04738,C/C=C\1/C(=O)N[C@H]([C@@H](C(=O)N[C@H](C(=O)N[C@H]([C@@H](C(=O)N[C@H](CCC(=O)N1C)C(=O)O)C)/C=C/C(=C/[C@H](C)[C@H](CC2=CC=CC=C2)OC)/C)C(C)C)C)C(=O)O
DB04780,CCCCCCCCCCCCCCCCCCCCCC[C@H](C(=O)N[C@@H](CO[C@H]1[C@@H]([C@H]([C@H]([C@H](O1)CO)O)OS(=O)(=O)O)O)[C@@H](/C=C/CCCCCCCCCCCCC)O)O
DB04785,C[C@H]1[C@H]2C=C[C@@]3(CO3)[C@](O2)(O[C@@H]1[C@H](C)/C=C(\C)/C=C/C(=C\4/C(=O)[C@@H](N(C4=O)[C@@H]5CC[C@@H]([C@@H](O5)C)O)[C@H](C)C(=O)NC)/O)C
DB04787,CC1(C2=C(C=CC(=C2)C3=CC=C(N3C)C#N)NC(=S)O1)C
DB04788,CC(=O)O[C@@H]1[C@@H]([C@H]([C@]2(CS[C@]([C@@H]1O2)(C(=O)N)O)C(=O)O)OP(=O)(O)O)N
DB04789,CN1C(CNC2=C1C(=O)NC(=N2)N)CNC3=CC=C(C=C3)C(=O)N[C@@H](CCC(=O)O)C(=O)O
DB04795,C1=CSC(=C1)C(=O)CC(=O)C(F)(F)F
DB04805,CC[C@@H]1C(=O)N2CCC[C@H]2C(=O)N([C@H](C(=O)N3CCC(=O)C[C@H]3C(=O)N[C@H](C(=O)O[C@@H]([C@@H](C(=O)N1)NC(=O)C4=C(C=CC=N4)O)C)C5=CC=CC=C5)CC6=CC=CC=C6)C
DB04812,CC(C1=CC2=C(C=C1)OC(=N2)C3=CC=C(C=C3)Cl)C(=O)O
DB04813,C1=C(C=C(C(=C1SC2=C(C(=CC(=C2)Cl)Cl)O)O)Cl)Cl
DB04814,CCCC(=O)NC1=C(C=C(C(=C1I)/C=C(\CC)/C(=O)O)I)I
DB04816,C1=CC2=C(C(=C1)O)C(=O)C3=C(C2=O)C=CC=C3O
DB04817,CC1=C(C(=O)N(N1C)C2=CC=CC=C2)N(C)CS(=O)(=O)O
DB04818,CC(C)NNC(=O)C1=CC=NC=C1
DB04819,CN(C)CCN(CC1=CC=CS1)C2=CC=CC=N2
DB04820,C1=CC=C(C=C1)CNC(=O)CCNNC(=O)C2=CC=NC=C2
DB04821,CN1CC(C2=C(C1)C(=CC=C2)N)C3=CC=CC=C3
DB04822,CCC(CC)(C1=CC=CC=C1)C(=O)OCCOCCN(CC)CC
DB04823,C1=CC=C2C(=C1)C(C(=O)N2)(C3=CC=C(C=C3)O)C4=CC=C(C=C4)O
DB04825,CC(CC1=CC=CC=C1)NCCC(C2=CC=CC=C2)C3=CC=CC=C3
DB04826,CN1CCC(CC1)N(CC2=CC=CS2)C3=CC=CC=C3
DB04827,CCOC(=O)N
DB04828,CC1=C(N(C(=C1)CC(=O)O)C)C(=O)C2=CC=C(C=C2)Cl
DB04829,CCN(CC)C(=O)[C@H]1CN([C@@H]2CC3=CNC4=CC=CC(=C34)C2=C1)C
DB04830,CCCCN=C(N)N=C(N)N
DB04831,C1=CSC(=C1)C(=O)C2=C(C(=C(C=C2)OCC(=O)O)Cl)Cl
DB04832,CN(C)C/C=C(/C1=CC=C(C=C1)Br)\C2=CN=CC=C2
DB04833,CC1=CC=CC=C1N2C(=NC3=CC=CC=C3C2=O)C
DB04836,C1CC2=CC=CC=C2C(C3=CC=CC=C31)NCCCCCCC(=O)O
DB04847,CC1=C2C=C(C=CC2=C(C(=N1)C(=O)NCC(=O)O)O)OC3=CC=CC=C3
DB04849,CC1=CC2=C(N1)C=CC(=C2F)OC3=NC=NC4=CC(=C(C=C43)OC)OCCCN5CCCC5
DB04850,C1CN(CC=C1C2=C(C=C(C=C2F)N3C[C@@H](OC3=O)COC4=NOC=C4)F)C(=O)[C@H](CO)O
DB04851,COC1=CC(=CC(=C1OC)OC)C(=O)C(=O)N2CCCC[C@H]2C(=O)OC(CCCC3=CN=CC=C3)CCCC4=CN=CC=C4
DB04852,CC1=CC(=NC2=C1C3=CC=CC=C3N2CC4=CC(=CC=C4)[C@H](C5CCCC5)C(=O)N[C@@H](CO)C6=CC=CC=C6)C
DB04853,C1CCC(CC1)/C=N/NC2=NC(=C3C(=N2)N(C=N3)[C@H]4[C@@H]([C@@H]([C@H](O4)CO)O)O)N
DB04856,CCCCCN(CCCOC)C(=O)[C@@H](CCC(=O)O)NC(=O)C1=CC(=C(C=C1)Cl)Cl
DB04857,CN1[C@H]2CC[C@@H]1[C@@H]([C@H](C2)C3=CC(=C(C=C3)Cl)Cl)/C=N/OC
DB04858,C1=CC=C2C(=C1)[N+](=C(N=[N+]2[O-])N)[O-]
DB04859,C1CCNC2=C(C1)C=CC(=C2)C(=O)CCC3CCN(CC3)CC4=CC=CC=C4
DB04860,C([C@@H]1[C@H]([C@H]([C@@H](O1)N2C3=C(C(=O)NC(=N3)N)SC2=O)O)O)O
DB04862,COC1=C(C=CC(=C1)NC(=O)NC2=CC=CC(=C2)CNC(=O)O[C@H]3CCOC3)C4=CN=CO4
DB04863,COC(=O)C[C@@H]1C[C@H](NC1=O)COC2=CC=C(C=C2)C3=CC=C(C=C3)/C(=N/C(=O)OC)/N
DB04864,C/C=C/1\[C@@H]2CC3=C([C@]1(CC(=C2)C)N)C=CC(=O)N3
DB04866,C1C[C@@H]([C@H](NC1)CC(=O)CN2C=NC3=CC(=C(C=C3C2=O)Cl)Br)O
DB04867,C1=CC=C2C(=C1)C=C(N2CC(=O)O)C(=O)NC3=NC(=CS3)C4=CC=CC=C4Cl
DB04869,C1CN(CCC1N2CC3=CC=CC=C3NC2=O)C(=O)N[C@H](CC4=CC(=C(C(=C4)Br)O)Br)C(=O)N[C@@H](CCCCN)C(=O)N5CCN(CC5)C6=CC=NC=C6
DB04870,CCCCCCCC/C=C\CCCCCCCC(=O)OC1=CC2=C(C=C1)[C@H]3CC[C@]4([C@H]([C@@H]3CC2)CCC4=O)C
DB04872,CC(=O)N(C)C1(CCN(CC1)CCC[C@@]2(CCCN(C2)C(=O)C3=CC=CC=C3)C4=CC(=C(C=C4)Cl)Cl)C5=CC=CC=C5
DB04873,CCCCN1CCC(CC1)CNC(=O)C2=C3N(CCCO3)C4=CC=CC=C42
DB04874,CC1=CC=CC=N1.N.[Cl-].[Cl-].[Pt+2]
DB04875,CCO[C@H]1[C@H](CC(=O)O1)NC(=O)[C@@H]2CCCN3N2C(=O)[C@H](CCC3=O)NC(=O)C4=NC=CC5=CC=CC=C54
DB04877,CC[C@H]1C[C@H]2C[C@@]3([C@H]1N(C2)CCC4=C3NC5=CC(=C(C=C45)OC)[C@H]6C[C@@H]\7C([C@@H](CC8=C6NC9=CC=CC=C89)N(C/C7=C/C)C)C(=O)OC)C(=O)OC
DB04879,C1=CC=C2C(=C1)C(=NN=C2NC3=CC=C(C=C3)Cl)CC4=CC=NC=C4
DB04880,CC1=C(NC(=O)N1)C(=O)C2=CC=C(C=C2)SC
DB04881,COC1=CC=CC2=C1NC3=C(C2=O)C=CC=C3C(=O)NC4=CC=C(C=C4)CCN5CCC6=CC(=C(C=C6C5)OC)OC
DB04882,C1=CC2=C(C=C1O)NC3=C4C(=C5C(=C23)C(=O)N(C5=O)NC(CO)CO)C6=C(N4[C@H]7[C@@H]([C@H]([C@@H]([C@H](O7)CO)O)O)O)C=C(C=C6)O
DB04883,COC1=CC(=NC(=N1)O[C@H](C(=O)O)C(C2=CC=CC=C2)(C3=CC=CC=C3)OC)OC
DB04884,CN(C)[C@@H](CCOC1=CC=CC2=CC=CC=C21)C3=CC=CC=C3
DB04885,CC1=NC=CN1C[C@H]2CCC3=C(C2=O)C4=CC=CC5=C4N3CCC5
DB04886,CCCC1=CC(=O)OC2=C1C3=C(C=CC(O3)(C)C)C4=C2[C@H]([C@@H]([C@H](O4)C)C)O
DB04887,CC1=NC(=CS1)COC2=CC=C(C=C2)C[C@@H]([C@@H](CN(CC(C)C)S(=O)(=O)C3=CC4=C(C=C3)OCO4)O)NC(=O)O[C@H]5CO[C@@H]6[C@H]5CCO6
DB04888,C1CN(CCN1CC2=CC(=CC=C2)C3=CC=CC=C3)C4=CC=CC5=C4OC(=O)N5
DB04889,CC1=CC=C(C=C1)C23CC2CNC3
DB04890,C1CN(CCC1OC(C2=CC=C(C=C2)Cl)C3=CC=CC=N3)CCCC(=O)O
DB04891,CC[C@H](C)[C@H]1CC[C@@H]\2[C@@]1(CCC/C2=C\C=C3C[C@H](C(=C)[C@@H](C3)O)O)C
DB04892,C[C@@]12CCN([C@@H]1N(C3=C2C=C(C=C3)OC(=O)NC4=CC=CC=C4)C)C
DB04903,CC(C)CCC(=O)CC1C2=CC=CC=C2C(=O)N1C3=NC4=C(C=C3)C=CC(=N4)Cl
DB04905,CCN(CC)CCOC1=CC=C(C=C1)CC2=CC=CC=C2
DB04909,CCN(CC)CCCCCCNC1=CC(=CC2=C(C=CN=C12)C)OC
DB04910,CCCOC1=CC2=C(C=C1)N=C(N2)NC(=O)OC
DB04912,CCC1=C(C2=NC1=CC3=C(C(=C([N-]3)C=C4C(=C(C(=CC5=NC(=C2)C(=C5C)CC)[N-]4)C)CCC(=O)O)CCC(=O)O)C)C.[Cl-].[Cl-].[Sn+4]
DB04915,C1C(=CC2=C(O1)C=C(C=C2)O)C3=CC=C(C=C3)O
DB04917,COC1=C(C=CC(=C1Cl)N)C(=O)NC2CCN3CCCC2C3
DB04924,CN(C)CCOC1=CC=C(C=C1)CNC(=O)C2=CC(=C(C=C2)OC)OC
DB04926,CC1(CC(CC(C1)(C)N)(C)C)C
DB04931,CCCC[C@@H](C(=O)N[C@@H](CCC(=O)O)C(=O)N[C@@H](CC1=CN=CN1)C(=O)N[C@H](CC2=CC=CC=C2)C(=O)N[C@@H](CCCNC(=N)N)C(=O)N[C@@H](CC3=CNC4=CC=CC=C43)C(=O)NCC(=O)N[C@@H](CCCCN)C(=O)N5CCC[C@H]5C(=O)N[C@@H](C(C)C)C(=O)N)NC(=O)[C@H](CO)NC(=O)[C@H](CC6=CC=C(C=C6)O)NC(=O)[C@H](CO)NC(=O)C
DB04933,CCCCCCCCCCCC(=O)CC(=O)N[C@@H]1[C@H]([C@@H]([C@H](O[C@@H]1OP(=O)(O)O)CO[C@H]2[C@@H]([C@H]([C@@H]([C@H](O2)COC)OP(=O)(O)O)OCC[C@@H](CCCCCCC)OC)NC(=O)CCCCCCCCC/C=C\CCCCCC)O)OCCCCCCCCCC
DB04934,C[C@H]1/C=C/C=C(\C(=O)NC2=C3C(=C4C(=C(C(=C5C4=C([C@](O5)(O/C=C/[C@@H]([C@H]([C@H]([C@@H]([C@@H]([C@@H]([C@H]1O)C)O)C)OC(=O)C)C)OC)C)O)C)O)C2=O)N=C6C(=CC(=CC6=O)N7CCN(CC7)CC(C)C)O3)/C
DB04936,C([C@H]([C@@H]([C@@H](C(=O)CO)O)O)O)O
DB04942,CC1(CCC(C2=C1C=CC(=C2)NC(=O)C3=CC=C(C=C3)C(=O)O)(C)C)C
DB04944,C1=NC(=C(N1[C@H]2[C@@H]([C@@H]([C@H](O2)CO)O)O)N)C(=O)N
DB04947,COC(=O)[C@@H]1[C@H]2CC[C@H](N2C/C=C/I)C[C@@H]1C3=CC=C(C=C3)F
DB04952,C[C@H]1C(=O)N[C@@H](C(=O)O[C@H]([C@@H](C(=O)N[C@@H](C(=O)N[C@@H](C(=O)N[C@@H](C(=O)N[C@@H](C(=O)N[C@@H](C(=O)N[C@H](C(=O)N[C@@H](C(=O)N[C@@H](C(=O)N[C@H](C(=O)N[C@@H](C(=O)N[C@H](C(=O)NCC(=O)N[C@H](C(=O)N1)CC(C)C)C2=CC=C(C=C2)O)[C@@H](C)O)C3=CC=C(C=C3)O[C@H]4[C@H]([C@H]([C@@H]([C@H](O4)CO)O)O)O[C@@H]5[C@H]([C@H]([C@@H]([C@H](O5)CO)O)O)O)CCCN)CC6=CC=CC=C6)[C@H](C)O)C7=CC=C(C=C7)O)C8=CC=C(C=C8)O)[C@@H](C)O)CCCN)C9=CC=C(C=C9)O)NC(=O)[C@@H](CC(=O)N)NC(=O)/C=C\C=C/CC(C)C)C(=O)N)C1=CC(=C(C=C1)O)Cl
DB04954,C1COC[C@@H]1NC2=C3C(=NC=N2)N(C=N3)[C@H]4[C@@H]([C@@H]([C@H](O4)CO)O)O
DB04957,CN1CCN(CC1)CCCCN2C(=O)CN(C2=O)/N=C/C3=CC=C(O3)C4=CC=C(C=C4)Cl
DB04960,CN1C=NC=C1[C@@](C2=CC=C(C=C2)Cl)(C3=CC4=C(C=C3)N(C(=O)C=C4C5=CC(=CC=C5)Cl)C)N
DB04961,C1[C@H](O[C@H](O1)CO)N2C=CC(=NC2=O)N
DB04970,C1CN(CCN1CCCCN2C=C(C=N2)Cl)C3=NC=CC=N3
DB04971,CC1=C(N=C(O1)C2=CC=CC=C2)CCOC3=CC=C(C=C3)CC4C(=O)NOC4=O
DB04972,C1=CC=C(C=C1)[C@H](C(=O)O)NC(=O)[C@H](CS(=O)(=O)CCOP(=O)(N(CCCl)CCCl)N(CCCl)CCCl)NC(=O)CC[C@@H](C(=O)O)N
DB04974,CC[C@@H](C1=CC(=C(C(=C1)OC)OC)OC)C(=O)N2CCCC[C@H]2C(=O)O[C@H](CCC3=CC(=C(C=C3)OC)OC)C4=CC(=CC=C4)OCC(=O)NCCNC(=O)COC5=CC=CC(=C5)[C@@H](CCC6=CC(=C(C=C6)OC)OC)OC(=O)[C@@H]7CCCCN7C(=O)[C@@H](CC)C8=CC(=C(C(=C8)OC)OC)OC
DB04975,C[N+](C)(CCNC1=C2C(=C(C=C1)NCC[N+](C)(C)[O-])C(=O)C3=C(C=CC(=C3C2=O)O)O)[O-]
DB04977,CC[C@H](C)[C@@H]1[C@H](CC(=O)O[C@H](C(=O)[C@@H](C(=O)N[C@H](C(=O)N2CCC[C@H]2C(=O)N([C@H](C(=O)O[C@@H]([C@@H](C(=O)N1)NC(=O)[C@@H](CC(C)C)N(C)C(=O)[C@@H]3CCCN3C(=O)C(=O)C)C)CC4=CC=C(C=C4)OC)C)CC(C)C)C)C(C)C)O
DB04982,C[C@@H]1CC2=CC3=C(C=C2C(=NN1C(=O)C)C4=CC=C(C=C4)N)OCO3
DB04983,C1[C@@H]([C@H](O[C@H]1N2C=CC(=NC2=O)N)COP(=O)(O)OP(=O)(O)OP(=O)(O)OP(=O)(O)OC[C@@H]3[C@H]([C@H]([C@@H](O3)N4C=CC(=O)NC4=O)O)O)O
DB04996,CC(=O)[O-].CC(=O)[O-].C1CCC(CC1)N.N.[Cl-].[Cl-].[Pt+4]
DB04998,CC1=CN(C(=O)N=C1O)[C@H]2C[C@@H]([C@H](O2)COP(=O)(O)O[C@H]3C[C@@H](O[C@@H]3COP(=O)(O)O[C@H]4C[C@@H](O[C@@H]4COP(=O)(O)O[C@H]5C[C@@H](O[C@@H]5COP(=O)(O)O[C@H]6C[C@@H](O[C@@H]6COP(=O)(O)O[C@H]7C[C@@H](O[C@@H]7COP(=O)(O)O[C@H]8C[C@@H](O[C@@H]8COP(=O)(O)O[C@H]9C[C@@H](O[C@@H]9COP(=O)(O)O[C@H]1C[C@@H](O[C@@H]1COP(=O)(O)O[C@H]1C[C@@H](O[C@@H]1COP(=O)(O)O[C@H]1C[C@@H](O[C@@H]1COP(=O)(O)O[C@H]1C[C@@H](O[C@@H]1COP(=O)(O)OC1CC(OC1CO)N1C=NC2=C1NC(=N)N=C2O)N1C=NC2=C1NC(=N)N=C2O)N1C=C(C(=NC1=O)O)C)N1C=NC2=C1NC(=N)N=C2O)N1C=NC2=C1NC(=N)N=C2O)N1C=C(C(=NC1=O)O)C)N1C=NC2=C1NC(=N)N=C2O)N1C=NC2=C1NC(=N)N=C2O)N1C=C(C(=NC1=O)O)C)N1C=NC2=C1NC(=N)N=C2O)N1C=NC2=C1NC(=N)N=C2O)N1C=C(C(=NC1=O)O)C)OP(=O)(O)OC[C@@H]1[C@H](C[C@@H](O1)N1C=NC2=C1NC(=N)N=C2O)OP(=O)(O)OC[C@@H]1[C@H](C[C@@H](O1)N1C=C(C(=NC1=O)O)C)OP(=O)(O)OC[C@@H]1[C@H](C[C@@H](O1)N1C=NC2=C1NC(=N)N=C2O)OP(=O)(O)OC[C@@H]1[C@H](C[C@@H](O1)N1C=NC2=C1NC(=N)N=C2O)OP(=O)(O)OC[C@@H]1[C@H](C[C@@H](O1)N1C=C(C(=NC1=O)O)C)OP(=O)(O)OC[C@@H]1[C@H](C[C@@H](O1)N1C=NC2=C1NC(=N)N=C2O)OP(=O)(O)OC[C@@H]1[C@H](C[C@@H](O1)N1C=NC2=C1NC(=N)N=C2O)OP(=O)(O)OC[C@@H]1[C@H](C[C@@H](O1)N1C=C(C(=NC1=O)O)C)OP(=O)(O)OC[C@@H]1[C@H](C[C@@H](O1)N1C=NC2=C1NC(=N)N=C2O)OP(=O)(O)OC[C@@H]1[C@H](C[C@@H](O1)N1C=NC2=C1NC(=N)N=C2O)OP(=O)(O)OC[C@@H]1[C@H](C[C@@H](O1)N1C=C(C(=NC1=O)O)C)OP(=O)(O)OC[C@@H]1[C@H](C[C@@H](O1)N1C=NC2=C1NC(=N)N=C2O)OP(=O)(O)OC[C@@H]1[C@H](C[C@@H](O1)N1C=NC2=C1NC(=N)N=C2O)O
DB05003,C1C2N1C(=O)N=C2N
DB05009,CCNC(=O)[C@@H]1[C@H]([C@H]([C@@H](O1)N2C=NC3=C(N=C(N=C32)C#CCC4CCC(CC4)C(=O)OC)N)O)O
DB05010,CCCCP(=O)(CCCN)O
DB05013,C/C=C(/C)\C(=O)O[C@H]1C(=C[C@@]23[C@@]1([C@@H](C(=C[C@H](C2=O)[C@H]4[C@H](C4(C)C)C[C@H]3C)CO)O)O)C
DB05016,C1=CC=C(C(=C1)C2=NC(=NO2)C3=CC(=CC=C3)C(=O)O)F
DB05022,CN(C)CCN1C(=O)C2=CC=CC3=CC(=CC(=C32)C1=O)N
DB05025,C1CCN(CC1)C[C@H](CON=C(C2=C[N+](=CC=C2)[O-])Cl)O
DB05034,CC[C@H](C)[C@H]1C(=O)NCC(=O)N[C@H](C(=O)N[C@H](C(=O)N[C@H](C(=O)NCC(=O)N[C@H](C(=O)NCC(=O)N[C@@H](CSSC[C@@H](C(=O)N[C@H](C(=O)NCC(=O)NCC(=O)N[C@H](C(=O)N[C@H](C(=O)N[C@H](C(=O)N[C@H](C(=O)N1)CCCNC(=N)N)CC(=O)O)CCSC)CCCNC(=N)N)CC2=CC=CC=C2)NC(=O)[C@H](CO)NC(=O)[C@H](CO)NC(=O)[C@H](CCCNC(=N)N)NC(=O)[C@H](CCCNC(=N)N)NC(=O)[C@H](CC(C)C)NC(=O)[C@H](CO)NC(=O)[C@H](CCCNC(=N)N)NC(=O)[C@@H]3CCCN3C(=O)[C@H](C)NC(=O)[C@H]([C@@H](C)O)N)C(=O)N[C@@H](CC(=O)N)C(=O)N[C@@H](CO)C(=O)N[C@@H](CC4=CC=CC=C4)C(=O)N[C@@H](CCCNC(=N)N)C(=O)N[C@@H](CC5=CC=C(C=C5)O)C(=O)O)CC(C)C)CO)CCC(=O)N)C
DB05035,CC(C)C1=C(C=CC(=C1)OC2=C(C=C(C=C2Br)NC(=O)CC(=O)O)Br)O
DB05038,CC1=CC(=NC2=C1C=CC=C2OCC3=C(C=CC(=C3Cl)S(=O)(=O)N4CCC[C@H]4C(=O)NCCCNC(=O)C5=CC=C(C=C5)C(=N)N)Cl)C
DB05045,CC[C@H](C)[C@@H](C(=N[C@@H](CC(=N)O)C(=N[C@@H](CCSC)C(=N[C@@H](CC(C)C)C(=N[C@@H]([C@@H](C)O)C(=N[C@@H](CCCNC(=N)N)C(=N[C@@H](CCC(=N)O)C(=N[C@@H](CCCNC(=N)N)C(=N[C@@H](CC1=CC=C(C=C1)O)C(=N)O)O)O)O)O)O)O)O)O)N=C([C@H](CC2=CC=C(C=C2)O)N=C([C@H](CCCNC(=N)N)N=C([C@H](CCCNC(=N)N)N=C([C@H](CC(C)C)N=C([C@H](CC(=O)O)N=C([C@H](C)N=C([C@H](C)N=C([C@H](CC3=CC=C(C=C3)O)N=C([C@H](CCC(=N)O)N=C([C@H](C)N=C([C@H](CCSC)N=C([C@H](CCC(=N)O)N=C([C@H](CCC(=O)O)N=C([C@@H]4CCCN4C(=O)[C@H]([C@@H](C)O)N=C([C@H](C)N=C([C@H](CC(=N)O)N=C([C@H](CC(=O)O)N=C(CN=C([C@@H]5CCCN5C(=O)[C@H](CC6=CC=C(C=C6)O)N=C([C@H](C(C)C)N=C([C@@H]7CCCN7C(=O)[C@H](CCC(=O)O)N=C([C@H](CC(C)C)N=C([C@@H]8CCCN8C(=O)[C@H](C)N)O)O)O)O)O)O)O)O)O)O)O)O)O)O)O)O)O)O)O)O)O)O)O
DB05047,C1COCCN1C(=O)C2=CC3=NON=C3C=C2
DB05048,CCCCCCC(C)(C)C1=CC(=C(C(=C1)OC(=O)/C=C/C(=O)O)[C@H]2CC(=O)[C@H]3C[C@@H]2C3(C)C)O
DB05053,CCOC(=O)C(C)(C)NP(=O)(C1=CC=C(O1)C2=C(SC(=N2)N)C(=O)C(C)(C)C)NC(C)(C)C(=O)OCC
DB05057,C1CSC(=O)C1NC(=O)CSCC(=O)O
DB05075,CC1=CC(=CC2=C1N=C(N=N2)NC3=CC=C(C=C3)OCCN4CCCC4)C5=C(C=CC(=C5)OC(=O)C6=CC=CC=C6)Cl
DB05076,CC1=C(C(CCC1)(C)C)/C=C/C(=C/C=C/C(=C/C(=O)NC2=CC=C(C=C2)O)/C)/C
DB05087,CC(=O)[C@H]1CC[C@@H]2[C@@]1(CC[C@H]3[C@H]2CC[C@@H]4[C@@]3(CC[C@@](C4)(C)O)C)C
DB05088,[SH-].[SH-].S=[Mo]=S
DB05095,COC1=C(C=C(C=C1)C2=C(N=CN2C3=CC=C(C=C3)S(=O)(=O)N)Cl)F
DB05100,CC1([C@@H](N(CCS1)S(=O)(=O)C2=CC=C(C=C2)OC3=CC=NC=C3)C(=O)NO)C
DB05102,CCOC(=O)/C=C/[C@H](C[C@@H]1CCNC1=O)NC(=O)[C@H](CC2=CC=C(C=C2)F)CC(=O)[C@H](C(C)C)NC(=O)C3=NOC(=C3)C
DB05103,CCCC(=O)OCOC(=O)C(C)(C)C
DB05104,CN([C@H](CN1CC[C@@H](C1)O)C2=CC=CC=C2)C(=O)C(C3=CC=CC=C3)C4=CC=CC=C4
DB05105,CC1=CC(=CC(=C1OCCCC2=CC(=NO2)C)C)C3=NOC(=N3)C(F)(F)F
DB05107,C[C@]12CC[C@@H](C[C@@H]1CC[C@@H]3[C@@H]2CC[C@]4([C@H]3C[C@H](C4=O)Br)C)O
DB05116,C[C@@H](C(=O)OC)NP(=O)(OC[C@@H]1[C@H](C[C@@H](O1)N2C=C(C(=O)NC2=O)/C=C/Br)O)OC3=CC=CC=C3
DB05119,COCCN1CCC(CC1)N(CC2=CC=C(C=C2)C3=CC=C(C=C3)C(F)(F)F)C(=O)CN4C5=CC=CC=C5C(=O)C=C4SCC6=C(C(=CC=C6)F)F
DB05123,CC(C)(CCCCOCCCCC(C)(C)C(=O)O)C(=O)O
DB05128,CCCCCCCCOC1=CC=C(C=C1)C2=CC=C(C=C2)C(=O)N[C@H]3CC(CNC(=O)[C@@H]4[C@H]([C@H](CN4C(=O)[C@@H](NC(=O)[C@@H](NC(=O)[C@@H]5C[C@H](CN5C(=O)[C@@H](NC3=O)[C@@H](C)O)O)[C@@H](CC6=CC=C(C=C6)O)O)CO)C)O)NCCN
DB05129,C[C@@H]1[C@@H]([C@@H]([C@H]([C@H](O1)O[C@H]2[C@@H](O[C@@H]([C@@H]([C@]2(C)O)O)C)OC3=CC=CC4=C3C5=C6C7=C(C=CC(=C7C(=O)O5)C)OC(=O)C6=C4O)N)OC)O
DB05134,C[C@H]1C[C@@H]([C@@H]([C@H](/C=C(/[C@@H]([C@H](/C=C\C=C(\C(=O)NC2=CC(=O)C(=C(C1)C2=O)NCC=C)/C)OC)OC(=O)N)\C)C)O)OC
DB05137,CN1[C@@H](CCC[C@@H]1CC(=O)C2=CC=CC=C2)C[C@@H](C3=CC=CC=C3)O
DB05143,COC1=C(C(=C(C=C1)/C=C\C2=CC(=C(C(=C2)OC)OC)OC)OP(=O)(O)O)OP(=O)(O)O
DB05152,CC[C@H]1C(=O)NC2(S1)CCN(CC2)C
DB05155,CCCC[C@H](C(=O)N[C@H](CCCN=C(N)N)C(=O)NCC1=CC=NC=C1)NC(=O)[C@@H](CC2=CC=CC=C2)NC(=O)[C@@H](CC3=CC=CC=C3)N
DB05168,CC[C@@]1(C[C@H]2C[C@@](C3=C(CCN(C2)C1)C4=CC=CC=C4N3)(C5=C(C=C6C(=C5)[C@]78CCN9[C@H]7[C@@](C=CC9)([C@H]([C@@]([C@@H]8N6C)(C(=O)NNC(=O)OCCSSC[C@@H](C(=O)O)NC(=O)[C@H](CC(=O)O)NC(=O)[C@H](CC(=O)O)NC(=O)[C@H](CCCNC(=N)N)NC(=O)[C@H](CC(=O)O)NC(=O)CC[C@@H](C(=O)O)NC(=O)C1=CC=C(C=C1)NCC1=CNC2=NC(=NC(=O)C2=N1)N)O)O)CC)OC)C(=O)OC)O
DB05171,CC1=CN(C=N1)C2=C(C=C(C=C2)/C=C/3\CCCN(C3=O)[C@@H](C)C4=CC=C(C=C4)F)OC
DB05186,CC(=CCC/C(=C/CNCCNC1C2CC3CC(C2)CC1C3)/C)C
DB05187,CC1=CC(=CC(=C1OC(C)(C)C(=O)O)C)/C=C/C(=O)C2=CC=C(C=C2)SC
DB05188,C[C@@H]1CN(C[C@@H](N1S(=O)(=O)C2=CC=CC3=C2CC(C3)C(=O)O)C)C4=CC=C(C=C4)OC(F)(F)F.CC1=CC=C(C=C1)S(=O)(=O)O
DB05197,CC(=CCOC1=CC=C(C=C1)/C=C/C(=O)C2=C(C=C(C=C2)OCC=C(C)C)OCC(=O)O)C
DB05220,COC1=C(C(=CC=C1)F)C2=NCC3=CN=C(N=C3C4=C2C=C(C=C4)Cl)NC5=CC(=C(C=C5)C(=O)O)OC
DB05223,CCCCC1=NC2=C(N1CCN(CC)CC)C=CC(=C2)/C=C/C(=O)NO
DB05229,CC#CCC(C)[C@@H](/C=C/[C@H]1[C@@H](C[C@H]2[C@@H]1C3=CC=CC(=C3O2)CCCC(=O)[O-])O)O.[Na+]
DB05232,C(C1([C@H]2C(C34[C@@H](C(O2)(OC1C3C([NH+]=C(N4)N)O)[O-])O)O)O)O
DB05234,C[C@@H]1CC[C@@H](N1C2=CC3=C(C=C2)NC(=O)C=C3C(F)(F)F)[C@H](C(F)(F)F)O
DB05252,CCOC(=O)C(C)OC1=CC=C(C=C1)OC2=NC3=C(O2)C=C(C=C3)Cl
DB05253,CC(=O)O[C@@]1(CC[C@@H]2[C@@]1(C[C@@H](C3=C4CCC(=O)C=C4CC[C@@H]23)C5=CC=C(C=C5)N(C)C)C)C(=O)COC
DB05255,CC(C)(CC1CC2=CC=CC=C2C1)NC[C@H](COC3=C(C(=CC(=C3)CCC(=O)O)F)F)O
DB05262,C1=NNC2=C1C(=O)NC(=O)N2
DB05263,CCCCCC(=O)O[C@H]1CC[C@@]2([C@H]3CC[C@]4([C@H]([C@@H]3CC=C2C1)C[C@H]5[C@@H]4[C@@H]([C@]6(O5)CC[C@H](CO6)C)C)C)C
DB05284,COC1=C(C=C(C=C1)C[C@@H](C2=CC(=C(C(=C2)OC)OC)OC)O)O
DB05288,CC(=O)OCC(=O)[C@]1(CC[C@@H]2[C@@]1(CC=C3[C@H]2CCC4=CC(=O)CC[C@@]43C)C)O
DB05289,C[C@H](C1=CC(=C(C=C1)C2=CC=CC=C2)F)C(=O)O
DB05295,C[C@H](CCCC(C)(C)O)[C@H]1CC[C@@H]\2[C@@]1(CCC/C2=C\C=C/3\C[C@H]([C@H]([C@@H](C3=C)O)OCCCO)O)C
DB05296,CCC1=C(C2=CC3=NC(=CN=C4C=C(C(=CC4=NC=C5C(=C(C(=N5)C=C1[N-]2)CCCO)C)OCCOCCOCCOC)OCCOCCOCCOC)C(=C3CCCO)C)CC.CC(=O)[O-].CC(=O)[O-].[Lu+3]
DB05297,CC/C=C\C/C=C\C/C=C\C/C=C\C/C=C\C/C=C\CCC(=O)O[C@H]([C@H](C1=CC=CC=C1)NC(=O)C2=CC=CC=C2)C(=O)O[C@H]3C[C@]4([C@H]([C@H]5[C@@]([C@H](C[C@@H]6[C@]5(CO6)OC(=O)C)O)(C(=O)[C@@H](C(=C3C)C4(C)C)OC(=O)C)C)OC(=O)C7=CC=CC=C7)O
DB05298,CCOC1=C(C=C(C=C1)C2=NC(=CS2)C3=NC(=CC=C3)C(=O)O)OCC
DB05327,C1C(=O)NC(=O)[C@@]12C(=O)N(C(=O)C3=CC=CN23)CC4=C(C=C(C=C4)Br)F
DB05339,C1[C@@H](OC2=CC=CC=C2O1)CNCCCOC3=CC4=C(C=C3)OCO4.Cl
DB05340,CC12CC(C3C(C1CCC2(C(=O)COC(=O)C4=CC(=CC=C4)S(=O)(=O)[O-])O)CCC5=CC(=O)C=CC35C)O.[Na+]
DB05343,CCCCCC[C@@H](CCC)C(=O)O
DB05377,C1=CC(=CC=C1OS(=O)(=O)C2=CC=C(C=C2)Cl)Cl
DB05380,C1CN(CCN(CCN(CCN1CP(=O)(O)O)CP(=O)(O)O)CP(=O)([O-])[O-])CP(=O)(O)O.[166Ho]
DB05383,C(=NN)(N)N
DB05389,O.[O-]Cl=O.[O-]Cl=O.[O-]Cl=O.[O-]Cl=O.O=O
DB05395,CCOC(=O)COC1=CC2=C(CC[C@@H](C2)NC[C@@H](C3=CC(=CC=C3)Cl)O)C=C1
DB05398,CCCCCCCCCCCC[N+](C)(C)CC(=O)[O-].CCCCCCCCCCCC[N+](C)(C)[O-]
DB05399,CC(C)(C)C1=CC(=CC(=C1O)C(C)(C)C)SC(C)(C)SC2=CC(=C(C(=C2)C(C)(C)C)OC(=O)CCC(=O)O)C(C)(C)C
DB05403,CCSCC1=CC2=C(C=C1)N3[C@@H]4C[C@@H]([C@](O4)(N5C6=C(C=C(C=C6)CSCC)C7=C8CNC(=O)C8=C2C3=C75)C)C(=O)OOC
DB05408,C[C@@H](C(=O)N[C@@H](CC(=O)O)C(=O)COC1=C(C(=CC(=C1F)F)F)F)NC(=O)C(=O)NC2=CC=CC=C2C(C)(C)C
DB05409,CC(=O)NC1=CC=C(C=C1)OC(=O)CCCO[N+](=O)[O-]
DB05410,CC12CCC(=O)C=C1CCC3C2C(CC4(C3CCC4(C(=O)COC(=O)C5=CC=CC(=C5)CO[N+](=O)[O-])O)C)O
DB05412,C[C@@H]1CN([C@H](CN1C(=O)C2=C(C=C3C(=C2)C(=CN3C)C(=O)C(=O)N(C)C)Cl)C)CC4=CC=C(C=C4)F
DB05413,CC[C@H](C)[C@@H](C(=O)N[C@@H](CCC(=O)N)C(=O)N[C@@H](CCC(=O)N)C(=O)N[C@@H](CCC(=O)O)C(=O)N[C@@H](CCCCN)C(=O)N[C@@H](CC(=O)N)C(=O)N[C@@H](CCC(=O)O)C(=O)N[C@@H](CC1=CC=C(C=C1)O)C(=O)N[C@@H](CCC(=O)O)C(=O)N[C@@H](CC(C)C)C(=O)N[C@@H](CCC(=O)N)C(=O)N[C@@H](CCCCN)C(=O)N[C@@H](CC(C)C)C(=O)N[C@@H](CC(=O)O)C(=O)N[C@@H](CCCCN)C(=O)N[C@@H](CC2=CNC3=CC=CC=C32)C(=O)N[C@@H](C)C(=O)N[C@@H](CO)C(=O)N[C@@H](CC(C)C)C(=O)N[C@@H](CC4=CNC5=CC=CC=C54)C(=O)N[C@@H](CCC(=O)O)C(=O)N[C@@H](CC6=CNC7=CC=CC=C76)C(=O)N[C@@H](CC8=CC=CC=C8)C(=O)N)NC(=O)[C@H](CCC(=O)N)NC(=O)[C@H](C)NC(=O)[C@H](CCC(=O)N)NC(=O)[C@H](CCC(=O)O)NC(=O)[C@H](CC(C)C)NC(=O)[C@H](CC(C)C)NC(=O)[C@H](C)NC(=O)[C@H]([C@@H](C)O)NC(=O)[C@H]([C@@H](C)CC)NC(=O)[C@H](CCCCN)NC(=O)[C@H](CCC(=O)N)NC(=O)[C@H](CCC(=O)O)NC(=O)[C@H](CC9=CNC1=CC=CC=C19)NC(=O)[C@H](CCC(=O)O)NC(=O)[C@H](CCC(=O)N)NC(=O)[C@H](CC1=CNC2=CC=CC=C21)NC(=O)C
DB05414,CC1=C(N(C2=C1C=C(C=C2)O)CC3=CC=C(C=C3)OCCN4CCCCC4)C5=CC=C(C=C5)O
DB05416,CC1=C(C=CC(=C1)SCC2=C(N=C(S2)C3=CC=C(C=C3)C(F)(F)F)C)OCC(=O)O
DB05420,CC1=C(C(=O)C=CO1)[O-].CC1=C(C(=O)C=CO1)[O-].CC1=C(C(=O)C=CO1)[O-].[Ga+3]
DB05421,COC1=C(C=C(C=C1)OC(F)(F)F)CN[C@H]2CCCN[C@H]2C3=CC=CC=C3
DB05422,COC1=CC=CC2=C1CCC(=O)N2CCCN3CCN(CC3)C4=CC(=CC=C4)Cl
DB05423,CC#C[C@@]1(CC[C@@H]2[C@@]1(C[C@@H](C3=C4CCC(=O)C=C4CC[C@@H]23)C5=CC6=C(C=C5)OCO6)C)O
DB05424,C=CC(=O)NC1=C(C=C2C(=C1)C(=NC=N2)NC3=CC(=C(C=C3)F)Cl)OCCCN4CCOCC4
DB05426,CC(C)C[C@@H](C(=O)NCC(=O)N[C@@H](CO)C(=O)NCC(=O)N[C@@H](CC1=CC=C(C=C1)O)C(=O)OC)NC(=O)[C@H](CC2=CC=C(C=C2)O)N
DB05428,CCC1=C(C2=CC3=NC(=CN=C4C=C(C(=CC4=NC=C5C(=C(C(=N5)C=C1[N-]2)CCCO)C)OCCOCCOCCOC)OCCOCCOCCOC)C(=C3CCCO)C)CC.CC(=O)[O-].CC(=O)[O-].[Gd+3]
DB05431,C1C[C@H](O[C@@H]1COC2=CC=C(C=C2)F)C#CCCN(C(=O)N)O
DB05434,CCC[C@@H](C(=O)N[C@@H]([C@@H](C)CC)C(=O)N[C@@H](CCCN=C(N)N)C(=O)N1CCC[C@H]1C(=O)NCC)NC(=O)[C@H]([C@@H](C)O)NC(=O)[C@@H]([C@@H](C)CC)NC(=O)[C@H](C(C)C)NC(=O)CNC(=O)CN(C)C(=O)C
DB05442,CCOC(=O)[C@]1(CC[C@@H]2[C@@]1(C[C@@H]([C@H]3[C@H]2CCC4=CC(=O)C=C[C@]34C)O)C)OC(=O)C(Cl)Cl
DB05444,C1CCN(CC1)CC2CONC(=N2)C3=CN=CC=C3
DB05446,C(CC(=O)NC(CSCO)C(=O)NCC(=O)O)C(C(=O)O)N
DB05448,CCC(C)SSC1=NC=CN1
DB05450,C[C@@H]1CC[C@@]2([C@H]([C@H]3[C@@H](O2)C[C@@H]4[C@@]3(CC[C@H]5[C@H]4CC[C@H]6[C@@]5(CC[C@@H](C6)O)C)C)C)OC1
DB05454,C1CN(CC=C1C2=CC(=CC=C2)C(F)(F)F)CCC3=CC=C(C=C3)C4=CC=CC=C4
DB05456,CCCCCCCCCCCCCCCC(=O)OC(COC(=O)CCCCCCC/C=C\CCCCCCCC)COP(=O)([O-])OCC[N+](C)(C)C
DB05458,CC1=C(C=CC=N1)OC[C@@H]2CCCN2
DB05460,CCOC(=O)[C@H](CCC(=O)N[C@@H](CSCC1=CC=CC=C1)C(=O)N[C@H](C2=CC=CC=C2)C(=O)OCC)N
DB05461,CCC(=O)NC1=C(C=C(C=C1C)C(=O)N2CCC(CC2)N(C)CCC3=CC=CC=C3)C.O.Cl
DB05462,CCC(C1=CC=CC=C1)C(C2=CC=CC=C2)C3=CC=C(C=C3)OCCN(C)C
DB05465,CC(C)OC1=CC=C(C=C1)NC(=O)N2CCN(CC2)C3=NC=NC4=CC(=C(C=C43)OC)OCCCN5CCCCC5
DB05470,C1=CC(=C(C(=C1)F)N(C2=NC(=C(C=C2)C(=O)N)C3=C(C=C(C=C3)F)F)C(=O)N)F
DB05475,C1=CC=C2C(=C1)C(=CN2)C[C@@H](C(=O)O)NC(=O)CC[C@H](C(=O)O)N
DB05476,CCOC(=O)N1CCN(CC1)C(=O)[C@H](CC2=CC(=CC=C2)C(=N)N)NS(=O)(=O)C3=C(C=C(C=C3C(C)C)C(C)C)C(C)C.Cl
DB05478,CS(=O)(=O)O.C1CO[P@@](=O)(O[C@@H]1C2=CC(=CC=C2)Cl)COCCN3C=NC4=C(N=CN=C43)N
DB05479,CC(C)[C@@H](C(=O)N)NC(=O)[C@@H]1CCCN1C(=O)[C@H](CCCCN)NC(=O)CNC(=O)[C@H](CC2=CNC3=CC=CC=C32)NC(=O)[C@H](CCCNC(=N)N)NC(=O)[C@H](CC4=CC=CC=C4)NC(=O)C(CC5=CN=CN5)NC(=O)[C@H](CCC(=O)O)NC(=O)[C@H](CCSC)NC(=O)[C@H](CO)NC(=O)[C@H](CC6=CC=C(C=C6)O)NC(=O)[C@H](CO)NC(=O)C
DB05482,CCC1=C2CN3C(=CC4=C(C3=O)COC(=O)[C@@]4(CC)O)C2=NC5=C1C=C(C=C5)O
DB05487,CC1=CN(C(=O)NC1=O)[C@H]2C[C@@H]([C@H](O2)COP(=S)(O)O[C@H]3C[C@@H](O[C@@H]3COP(=S)(O)O[C@H]4C[C@@H](O[C@@H]4COP(=S)(O)O[C@H]5C[C@@H](O[C@@H]5COP(=S)(O)O[C@H]6C[C@@H](O[C@@H]6COP(=S)(O)O[C@H]7C[C@@H](O[C@@H]7COP(=S)(O)O[C@H]8C[C@@H](O[C@@H]8COP(=S)(O)O[C@H]9C[C@@H](O[C@@H]9COP(=S)(O)O[C@H]1C[C@@H](O[C@@H]1COP(=S)(O)O[C@H]1C[C@@H](O[C@@H]1COP(=S)(O)O[C@@H]1[C@H](O[C@H]([C@@H]1OCCOC)N1C=C(C(=NC1=O)N)C)COP(=S)(O)O[C@@H]1[C@H](O[C@H]([C@@H]1OCCOC)N1C=NC2=C1N=C(NC2=O)N)COP(=S)(O)O[C@@H]1[C@H](O[C@H]([C@@H]1OCCOC)N1C=NC2=C(N=CN=C21)N)COP(=S)(O)O[C@@H]1[C@H](O[C@H]([C@@H]1OCCOC)N1C=C(C(=NC1=O)N)C)CO)N1C=NC2=C(N=CN=C21)N)N1C=NC2=C1N=C(NC2=O)N)N1C=CC(=NC1=O)N)N1C=NC2=C(N=CN=C21)N)N1C=NC2=C1N=C(NC2=O)N)N1C=NC2=C(N=CN=C21)N)N1C=NC2=C1N=C(NC2=O)N)N1C=C(C(=O)NC1=O)C)N1C=CC(=NC1=O)N)OP(=S)(O)OC[C@@H]1[C@H](C[C@@H](O1)N1C=C(C(=O)NC1=O)C)OP(=S)(O)OC[C@@H]1[C@H](C[C@@H](O1)N1C=CC(=NC1=O)N)OP(=S)(O)OC[C@@H]1[C@H](C[C@@H](O1)N1C=NC2=C(N=CN=C21)N)OP(=S)(O)OC[C@@H]1[C@H]([C@H]([C@@H](O1)N1C=C(C(=O)NC1=O)C)OCCOC)OP(=S)(O)OC[C@@H]1[C@H]([C@H]([C@@H](O1)N1C=C(C(=NC1=O)N)C)OCCOC)OP(=O)(OC[C@@H]1[C@H]([C@H]([C@@H](O1)N1C=NC2=C(N=CN=C21)N)OCCOC)OP(=S)(O)OC[C@@H]1[C@H]([C@H]([C@@H](O1)N1C=C(C(=O)NC1=O)C)OCCOC)O)S
DB05490,C1=CC=C2C(=C1)C=C(C=N2)OC3=C(C=C(C=C3Cl)NS(=O)(=O)C4=C(C=C(C=C4)Cl)Cl)Cl
DB05492,CC1=CC(=C(C=C1)NCCCN)[N+](=O)[O-]
DB05494,CCCCCCCC/C=C/CCCCCCCC(=O)OC[C@@H]1[C@H]([C@@H]([C@@H](O1)N2C=CC(=NC2=O)N)O)O
DB05498,C[C@](C(=O)NC1=C2C(=CC=C1)S(=O)(=O)CC3=C(C2=O)SC=C3)(C(F)(F)F)O
DB05501,C1C[C@@H](C2=C(C1)C=CC=N2)N(CCCCN)CC3=NC4=CC=CC=C4N3
DB05511,CNC(=O)[C@@H]1[C@H]([C@H]([C@@H](O1)N2C=NC3=C(N=CN=C32)NCC4=CC(=CC=C4)I)O)O
DB05518,CCOC(=O)[C@H](C)NP(=O)(C1=CC=C(O1)C2=C(SC(=N2)N)CC(C)C)N[C@@H](C)C(=O)OCC
DB05519,CC[C@H](C)OC(=O)CC1=C(C2=CC=CC=C2O1)C(=O)C3=CC(=C(C(=C3)I)OCCN(CC)CC)I
DB05520,C/C=C/1\[C@@H]2CC3=C([C@]1(CC(=C2)C)N=CC4=C(C(=CC(=C4)Cl)OC)O)C=CC(=O)N3
DB05524,CCOC1=C(C=C2C(=C1)N=CC(=C2NC3=CC(=C(C=C3)F)Cl)C#N)NC(=O)/C=C/CN(C)C
DB05532,COC1=CN=C(C2=C1C(=CN2)C(=O)C(=O)N3CCN(CC3)C(=O)C4=CC=CC=C4)OC
DB05540,C([C@@H](C(=O)O)N)/[N+](=N/O)/[O-]
DB05552,C1=CC(=CC(=C1)O)C2=NC3=C(N=C(N=C3N=C2C4=CC(=CC=C4)O)N)N
DB05585,CC1=NC2=CC=CC=C2C(=N1)N(C)C3=CC=C(C=C3)OC
DB05616,C=C(CC(C(=O)O)NC(=O)C1=CC=C(C=C1)CCC2=CC3=C(C=C2)N=C(N=C3N)N)C(=O)O
DB05624,C[C@H](C(=O)N)NC(=O)[C@@H]1CCCN1C(=O)[C@H](CCCCNC(C)C)NC(=O)[C@H](CC(C)C)NC(=O)[C@@H](CCCCNC(=O)N)NC(=O)[C@H](CC2=CC=C(C=C2)O)NC(=O)[C@H](CO)NC(=O)[C@@H](CC3=CN=CC=C3)NC(=O)[C@@H](CC4=CC=C(C=C4)Cl)NC(=O)[C@@H](CC5=CC6=CC=CC=C6C=C5)NC(=O)C
DB05631,CC1(CN[Se]C2=CC=CC=C21)C
DB05633,C1C[C@H](N(C1)C(=O)CN)C(=O)N[C@@H](CCC(=O)O)C(=O)O
DB05642,CC1=CC2=C(N=C(N=C2S1)N3CCNCC3)C4=CC=CC=C4F.O.Cl
DB05644,CCCCCCCOC(=O)NC1=NCN(C(=O)N1)[C@H]2C[C@@H]([C@H](O2)CO)O
DB05645,CC(C)C[C@@H](C(=O)N[C@@H](C(C)C)C(=O)N[C@@H](CCC(=O)N)C(=O)N1CCC[C@H]1C(=O)NCC(=O)O)NC(=O)[C@H](C(C)C)NC(=O)CNC(=O)CN
DB05650,CC1(CC(CC(N1O)(C)C)OC(=O)C2CC2)C
DB05659,CC1=C(OC(=O)O1)COC(=O)C2=C(S[C@H]3N2C(=O)[C@@H]3[C@@H](C)O)[C@H]4CCCO4
DB05667,CC(=O)N1CCN(CC1)C2=CC=C(C=C2)OC[C@@H]3CO[C@@](O3)(CN4C=CN=C4)C5=C(C=C(C=C5)Cl)Cl
DB05668,C(CCl)NP(=O)(NCCCl)O
DB05678,COC1=CC=CC(=C1C2=CC=C(C=C2)C(F)(F)F)C(=O)NC3=CC4=C(CN(CC4)C(=O)OC5=CC=CC=C5)C=C3
DB05706,C[C@H]1[C@H]([C@H](C[C@@H](O1)O[C@H]2C[C@@](CC3=C2C(=C4C(=C3O)C(=O)C5=C(C4=O)C(=CC=C5)OC)O)(CCO)O)N)O
DB05708,COC1=CC(=C(C=C1)/C=C/2\CCCN=C2C3=CN=CC=C3)OC
DB05710,C[N@+]1(CCC2=CC(=C(C=C2[C@H]1CC3=CC(=C(C(=C3)OC)OC)OC)OC)OC)CCCOC(=O)/C(=C/C(=O)OCCC[N@+]4(CCC5=CC(=C(C=C5[C@@H]4C6=CC(=C(C(=C6)OC)OC)OC)OC)OC)C)/Cl
DB05713,CN1CCC(CC1)N2CCN(CC2)C(=O)[C@@H](C3=CC=CC=C3)NC(=O)C4=CC5=C(C=C4)C=CN5
DB05719,CN(C(=S)C1=CC=CC=C1)NC(=O)CC(=O)NN(C)C(=S)C2=CC=CC=C2
DB05732,C(C(=O)[O-])C(=O)[O-].[Sr+2]
DB05737,CCC1=C(C2=C(N1CC3=CC=CC=C3)C=CC=C2OCC(=O)OC)C(=O)C(=O)N
DB05738,C1CN2C(=CN=C2C3(CCNCC3)C4=CC=CC=C41)C(=O)N
DB05767,C[C@@]12CC[C@H]([C@@]([C@H]1CCC(=C)[C@H]2C/C=C/3\[C@@H](COC3=O)O)(C)CO)O
DB05772,CC1=CC2=C(C=C1C)N=C3C(=N2)C4=C(N3CC(=O)NCCN(C)C)C=CC(=C4)Cl
DB05779,C1=CC=C2C(=C1)C(=CN2)C[C@@H](C(=O)O)NC(=O)[C@H](CCC(=O)O)N
DB05786,CC1=C(C2=C(C3(CC3)[C@@](C(=O)C2=C1)(C)O)C)CO
DB05790,CC(C)OC1=CC=CC(=C1)CC(=O)N2CCC[C@@](C2)(CC[N+]34CCC(CC3)(CC4)C5=CC=CC=C5)C6=CC(=C(C=C6)Cl)Cl.[Cl-]
DB05791,C(C(C(C(C(F)(F)Br)(F)F)(F)F)(F)F)(C(C(C(F)(F)F)(F)F)(F)F)(F)F
DB05792,CCN(C/C=C\C1=CC(=C(C=C1)C2CCCCC2)Cl)C3CCCCC3.Cl
DB05796,CCOC(=O)[C@H](CCC1=CC=CC=C1)CC2(CCCC2)C(=O)N[C@H]3CCC4=CC=CC=C4N(C3=O)CC(=O)O
DB05800,C(CN)C(=O)NCCSSCCNC(=O)CCN
DB05804,C[C@]12CC[C@H]3[C@H]([C@@H]1CCC2=O)CC=C4[C@@]3(CC[C@@H](C4)OS(=O)(=O)O)C
DB05805,CN1[C@H]2CC[C@@H]1[C@@H]([C@H](C2)C3=CC(=C(C=C3)Cl)Cl)COC
DB05806,CC[C@@]1(C2=C(COC1=O)C(=O)N3CC4=C(C5=CC=CC=C5N=C4C3=C2)CC[Si](C)(C)C)O
DB05814,CCC(C)(C)C(=O)C(=O)N1CCC[C@H]1C(=O)O
DB05817,CNC(=O)N(N(CCCl)S(=O)(=O)C)S(=O)(=O)C
DB05824,CN(C1=CC(=CC=C1)SC)C(=NC2=C(C=CC(=C2)SC)Cl)N
DB05830,C[C@@H]1CC2=CC(=O)CC[C@@H]2[C@@H]3[C@@H]1[C@@H]4CC[C@@H]([C@]4(CC3)C)O
DB05832,CC(C)C[C@H](C(=O)N)NC(=O)[C@@H](CC1=CC=CC=C1)NC(=O)[C@@H](CC2=CC=CC=C2)NC(=O)[C@@H](C(C)C)NC(=O)[C@@H](CC(C)C)NC
DB05835,C1=CC(=C(C=C1Br)NC(=O)NC2=CC(=CC(=C2)C(F)(F)F)C(F)(F)F)C3=NNN=N3
DB05837,C1=CN(C(=S)N=C1N)[C@]2([C@H]([C@@H]([C@H](O2)CO)O)O)O.Cl
DB05838,CC(C)NC(=O)C[C@H]1CCCN(C2=CC=CC=C12)C(=O)C3=C(C=C(C=C3)N4CCCC4)Cl
DB05855,CNCC/C=C/C1=CN=CC=C1
DB05861,CN1C2=C(C(=CC=C2)OC)C(=C(C1=O)C(=O)N(C)C3=CC=C(C=C3)C(F)(F)F)O
DB05864,CC(C)[C@H](C(=O)N)NC(=O)O[C@@H]1CC[C@]2(CO2)[C@H]([C@@H]1OC)[C@@]3([C@H](O3)CC=C(C)C)C
DB05868,CC(C)NC1=NC(=CS1)C2=NC3=C(C=CC(=C3)OC)C(=C2)O[C@@H]4C[C@H]5C(=O)N[C@@]6(C[C@H]6/C=C\CCCCC[C@@H](C(=O)N5C4)NC(=O)OC7CCCC7)C(=O)O
DB05869,CCOC(=O)C(=O)C
DB05871,CC1=C(C=CO1)C(=S)NC2=CC(=C(C=C2)Cl)OCC=C(C)C
DB05875,CC(C)C[C@@H](C(=O)N[C@@H](CCS(=O)(=O)C)C(=O)N)NC(=O)CN(C)C(=O)[C@H](CC1=CC=CC=C1)NC(=O)[C@H](CC2=CC=CC=C2)NC(=O)[C@H](CCC(=O)N)NC(=O)[C@H](CCC(=O)N)NC(=O)[C@@H]3CCCN3C(=O)[C@H](CCCCN)NC(=O)[C@@H]4CCCN4C(=O)[C@H](CCCN=C(N)N)N
DB05884,CC(C)OC1=C(C=C2C(=C1)C(=C(O2)C3=CC=C(C=C3)F)C(=O)NC)NS(=O)(=O)C
DB05885,CC[C@@H](C(=O)N)N1C[C@@H](CC1=O)C=C(F)F
DB05903,C[C@H]1/C=C/C/C(=C\C[C@H](OC(=O)C[C@@H](C(C(=O)[C@@H]([C@H]1O)C)(C)C)O)/C(=C/C2=CSC(=N2)C)/C)/C
DB05913,C1=CC=C2C(=C1)C(=CC=N2)CNC3=C(SC=C3)C(=O)NC4=CC=C(C=C4)OC(F)(F)F
DB05928,CN1CCN(CC1)C2=CC3=C(C=C2)N=C(N3)C4=C(C5=C(C=CC=C5F)NC4=O)N
DB05932,C[C@@H](C(=O)NC1=CC=C(C=C1)SC2=CC3=C(C=C2)N=C(N3)NC(=O)OC)N
DB05936,CCCN1C(=O)C2=C(N=C(N2)C3=CN(N=C3)CC4=CC(=CC=C4)C(F)(F)F)N(C1=O)CC
DB05938,C1C(CN1CCCOCCC2=CC3=C(C=C2)SC=C3)O
DB05939,C1CC2=C(C1)NN=C2C3=NNN=N3
DB05943,CCOC(=O)C1=CCCC[C@H]1S(=O)(=O)NC2=C(C=C(C=C2)F)Cl
DB05944,C[C@@H]1COC(=N1)NC2=CC3=C(C=C2)N=CN=C3NC4=CC(=C(C=C4)OCC5=NC=CS5)Cl
DB05974,C/C(=C\C=C\C=C(\C=C\C=C(\C(=O)O)/C)/C)/C=C/C=C(/C(=O)O)\C
DB06013,C[C@H]1[C@H]([C@H](C[C@@H](O1)O[C@H]2C[C@@](CC3=C2C(=C4C(=C3O)C(=O)C5=C(C4=O)C(=CC=C5)OC)O)(/C(=N/NC(=O)CCCCCN6C(=O)C=CC6=O)/CO)O)N)O
DB06040,CN(C(=O)N1[C@](SC(=N1)C2=C(C=CC(=C2)F)F)(CCCN)C3=CC=CC=C3)OC
DB06045,C[C@]1(CCCN1C(=O)CN)C(=O)N[C@@H](CCC(=O)O)C(=O)O
DB06061,CC1=CC(=C(N(C1=O)C)NC2=C(C=C(C=C2)I)F)C(=O)NOCCO
DB06070,CC1(CC2=C(C(=O)C1)C(=NN2C3=CC(=C(C=C3)C(=O)N)NC4CCC(CC4)OC(=O)CN)C(F)(F)F)C
DB06075,CC1(CC(C1)C2=NC(=C3N2C=CN=C3N)C4=CC5=C(C=C4)C=CC(=N5)C6=CC=CC=C6)O
DB06082,C1=CC(=CC=C1C[C@@H](C(=O)O)N)[N+](CCCl)(CCCl)[O-].Cl.Cl
DB06083,CC(C)C1=C(C=C(C=C1O)/C=C/C2=CC=CC=C2)O
DB06087,C[C@H]1[C@@H](C(=O)N2CCCC[C@@H]2C(=O)N[C@H](C(=O)N[C@H](C(=O)NCC(=O)N[C@H](C(=O)NCC(=O)N[C@@H](C(=O)N[C@H](C(=O)N3CCC[C@H]3C(=O)N1)C(C)C)[C@@H](C)N)CC(=O)O)CC(=O)O)[C@H](C)C(=O)O)NC(=O)[C@H](CC(=O)N)NC(=O)C/C=C\CCCCCCCC(C)C
DB06090,C1CN2CCC1[C@H]([C@@H]2CC3=CN=CC=C3)NC(=O)C4=CC5=CC=CC=C5O4
DB06091,CN1C(=CN=C1[N+](=O)[O-])COP(=O)(NCCBr)NCCBr
DB06094,CC1=CN(C(=NC1=N)O)C2CC(C(O2)COP(=S)(O)OC3CC(OC3COP(=S)(O)OC4CC(OC4COP(=S)(O)OC5CC(OC5COP(=S)(O)OC6CC(OC6COP(=S)(O)OC7CC(OC7COP(=S)(O)OC8CC(OC8COP(=S)(O)OC9CC(OC9COP(=S)(O)OC1CC(OC1COP(=S)(O)OC1CC(OC1COP(=S)(O)OC1C(OC(C1OCCOC)N1C=NC2=C(N=CN=C21)N)COP(=S)(O)OC1C(OC(C1OCCOC)N1C=NC2=C1NC(=N)N=C2O)COP(=S)(O)OC1C(OC(C1OCCOC)N1C=NC2=C1NC(=N)N=C2O)COP(=S)(O)OC1C(OC(C1OCCOC)N1C=NC2=C1NC(=N)N=C2O)CO)N1C=C(C(=N)N=C1O)C)N1C=NC2=C1NC(=N)N=C2O)N1C=C(C(=N)N=C1O)C)N1C=NC2=C1NC(=N)N=C2O)N1C=NC2=C1NC(=N)N=C2O)N1C=C(C(=N)N=C1O)C)N1C=NC2=C1NC(=N)N=C2O)N1C=C(C(=N)N=C1O)C)N1C=C(C(=NC1=O)O)C)OP(=S)(O)OCC1C(CC(O1)N1C=NC2=C1NC(=N)N=C2O)OP(=S)(O)OCC1C(CC(O1)N1C=NC2=C1NC(=N)N=C2O)OP(=S)(O)OCC1C(C(C(O1)N1C=C(C(=NC1=O)O)C)OCCOC)OP(=S)(O)OCC1C(C(C(O1)N1C=C(C(=N)N=C1O)C)OCCOC)OP(=S)(O)OCC1C(C(C(O1)N1C=NC2=C(N=CN=C21)N)OCCOC)OP(=S)(O)OCC1C(C(C(O1)N1C=C(C(=NC1=O)O)C)OCCOC)O
DB06106,C1CC(=O)N(C1)CCCNC(=O)CCN2C=NC3=C2N=CNC3=O
DB06112,CC(C)NC(C)CC1=CC2=C(C=C1)OCO2
DB06117,C[C@H](/C=C/[C@](C)(C(C)C)O)[C@H]1CC[C@@H]\2[C@@]1(CCC/C2=C\C=C/3\C[C@H](C[C@@H](C3=C)O)O)C
DB06124,CCOC([C@H](CCCN=C(N)N)NC(=O)[C@H](CC(C)C)NC(=O)CCC(=O)N[C@H](CC(=O)[O-])C[N+](C)(C)C)OCC
DB06127,CCOC(=O)C12CCC(CC1)(CC2)NCC(=O)N3C[C@H](C[C@H]3C#N)F
DB06133,COC1=C(C=C(C=C1)/C=C/C(=C/C(=O)/C=C/C2=CC(=C(C=C2)OC)OC)/O)OC
DB06134,C1=CC(=CC(=C1)Cl)NC(=O)NC2=NC=C(S2)CCNC3=NC=NC4=C3SC=C4
DB06137,C1COCCN1CCOC2=CC=C(C=C2)C3=CN=C(C=C3)CC(=O)NCC4=CC=CC=C4
DB06140,CN1CCN(CC1)CC2=CN(C3=C2C=C(C=C3)OC)S(=O)(=O)C4=CC=CC=C4Br
DB06160,C[C@@H]1C2=C(CN1)C=C(C=C2)C3=C(C4=C(C=C3)C(=O)C(=CN4C5CC5)C(=O)O)OC(F)F
DB06185,C1=C(C2=C(N1)C(=O)NC=N2)[C@H]3[C@@H]([C@@H]([C@H](N3)CO)O)O
DB06190,C1=CC(=CC(=C1)C(=O)O)C2=CC(=CC=C2)NCCNC[C@@H](C3=CC(=CC=C3)Cl)O
DB06191,C1CN(CCN1C[C@H](COC2=CC=CC3=C2C=CC=N3)O)C4C5=CC=CC=C5[C@H]6[C@H](C6(F)F)C7=CC=CC=C47
DB06194,CCC(CC)(/C=C/C[C@H](C)C1=CC[C@@H]\2[C@@]1(CCC/C2=C\C=C/3\C[C@H](C[C@@H](C3=C)F)O)C)O
DB06195,CC[C@H](CO)NC1=NC(=C2C(=N1)N(C=N2)C(C)C)NCC3=CC=CC=C3
DB06199,CCCCN(CCCC)C(=O)CN1C[C@@H]([C@H]([C@@H]1C2=CC=C(C=C2)OC)C(=O)O)C3=CC4=C(C=C3)OCO4
DB06200,C1CCC2(C1)C3CN(CC2CN(C3)CC4CC4)CC5CC5
DB06234,CC(C)NC1=NC2=CC(=C(C=C2N1[C@@H]3[C@H]([C@H]([C@@H](O3)CO)O)O)Cl)Cl
DB06250,C[C@]12CCCCC1=CC[C@@H]3[C@@H]2CC[C@]4([C@H]3C[C@H](C4=O)F)C
DB06253,C1CSS[C@@H]1CCCCC(=O)O.C(C(CO)(CO)N)O
DB06255,C1CCCC(CC1)NC(P(=O)(O)O)P(=O)(O)O
DB06258,C1CCN(CC1)CC(CO/N=C(/C2=CN=CC=C2)\Cl)O
DB06266,C1=CC=C2C(=C1)C(=NN2CC3=C(C=C(C=C3)Cl)Cl)C(=O)O
DB06280,C1=CC=C(C=C1)C(C2=CC=C(C=C2)F)(C3=CC=C(C=C3)F)C(=O)N
DB06281,CC[C@@H]1C[C@@H](C2=C(N1C(=O)OCC)C=CC(=C2)C(F)(F)F)N(CC3=CC(=CC(=C3)C(F)(F)F)C(F)(F)F)C(=O)OC
DB06299,CC1=CN(C(=O)C=C1)C2=CC=C(C=C2)O
DB06314,CN1C=C(C=N1)C2=NN3C(=NN=C3SC4=CC5=C(C=C4)N=CC=C5)C=C2
DB06333,C[C@H](CC[C@H](C(C)C)OS(=O)(=O)O)[C@H]1CC[C@@H]2[C@@]1(CC[C@H]3[C@H]2[C@@H](C[C@@H]4[C@@]3(CC[C@@H](C4)NCCCNCCCCNCCCN)C)O)C
DB06345,CC(=O)N1CCC(CC1)NC(=O)NC23CC4CC(C2)CC(C4)C3
DB06347,CC1=C(C=CC(=C1)NC2=NC=C(C(=N2)N[C@@H]3[C@@H]4C[C@H]([C@@H]3C(=O)N)C=C4)F)N5CCN(CC5)C
DB06350,CNC1=C(C=C2C(=C1)NC(=O)N(C2=O)C3=CC=C(C=C3)NC(=O)NS(=O)(=O)C4=CC=C(S4)Cl)F
DB06354,C1C[C@H]2CN[C@@H](C[C@H]2C[C@H]1CCC3=NNN=N3)C(=O)O
DB06362,CCN(CC)CCN1C(=O)C2=C3C4=C(C(=CC=C4)Cl)NC3=C5C(=C2C1=O)C6=C(N5[C@H]7[C@@H]([C@H]([C@@H]([C@H](O7)CO)OC)O)O)C(=CC=C6)Cl
DB06364,CC1=C2C(=CC=C1)N=C3C=CC=C(C3=N2)C(=O)NCCNCCNCCNC(=O)C4=CC=CC5=NC6=CC=CC(=C6N=C54)C
DB06368,COC1=CC=C(C=C1)SC2=NC(=NC3=C2N=CN3CCOCP(=O)(OCC(F)(F)F)OCC(F)(F)F)N
DB06374,CCNCCC1=CC=C(C=C1)CN(CC)C2=C(C=CC(=C2)OC)[C@@H]3CCC4=C(C3)C=CC(=C4)O
DB06405,C(CS(=O)(=O)O)CS(=O)(=O)O
DB06419,CC[C@@H]1[C@@]2([C@@H]([C@H](C(=O)[C@@H](C[C@@]([C@@H]([C@H](C(=O)[C@H](C(=O)O1)C)C)O[C@H]3[C@@H]([C@H](C[C@H](O3)C)N(C)C)O)(C)OC/C=C/C4=CC5=CC=CC=C5N=C4)C)C)NC(=O)O2)C
DB06429,CCC(C1=CC=CC=C1)NC(=O)C2=C(C(=NC3=CC=CC=C32)C4=CC=CC=C4)O
DB06433,C1=CN(C(=O)N=C1N)[C@H]2/C(=C/F)/[C@@H]([C@H](O2)CO)O
DB06447,CCCCCCCCCCCC(=O)CC(=O)N[C@@H]1[C@H]([C@@H]([C@H](O[C@@H]1OP(=O)(O)O)CO[C@H]2[C@@H]([C@H]([C@@H]([C@H](O2)COC)OP(=O)(O)O)OCC[C@@H](CCCCCCC)OC(=O)CCC/C=C\CCCCCC)NC(=O)CC(=O)CCCCCCCCCCC)O)OCC[C@@H](CCCCCCC)O
DB06451,CC1=CN(C(=O)N=C1O)C2CC(C(O2)COP(=S)(O)OC3CC(OC3CO)N4C=NC5=C4NC(=N)N=C5O)OP(=S)(O)OCC6C(CC(O6)N7C=C(C(=NC7=O)O)C)OP(=S)(O)OCC8C(CC(O8)N9C=CC(=N)N=C9O)OP(=S)(O)OCC1C(CC(O1)N1C=C(C(=NC1=O)O)C)OP(=S)(O)OCC1C(CC(O1)N1C=CC(=N)N=C1O)OP(=S)(O)OCC1C(CC(O1)N1C=NC2=C1NC(=N)N=C2O)OP(=S)(O)OCC1C(CC(O1)N1C=CC(=N)N=C1O)OP(=S)(O)OCC1C(CC(O1)N1C=C(C(=NC1=O)O)C)OP(=S)(O)OCC1C(CC(O1)N1C=NC2=C1NC(=N)N=C2O)OP(=S)(O)OCC1C(CC(O1)N1C=NC2=C1NC(=N)N=C2O)OP(=S)(O)OCC1C(CC(O1)N1C=C(C(=NC1=O)O)C)OP(=S)(O)OCC1C(CC(O1)N1C=NC2=C1NC(=N)N=C2O)OP(=S)(O)OCC1C(CC(O1)N1C=NC2=C(N=CN=C21)N)OP(=S)(O)OCC1C(CC(O1)N1C=NC2=C1NC(=N)N=C2O)OP(=S)(O)OCC1C(CC(O1)N1C=C(C(=NC1=O)O)C)OP(=S)(O)OCC1C(CC(O1)N1C=C(C(=NC1=O)O)C)OP(=S)(O)OCC1C(CC(O1)N1C=C(C(=NC1=O)O)C)OP(=S)(O)OCC1C(CC(O1)N1C=CC(=N)N=C1O)OP(=S)(O)OCC1C(CC(O1)N1C=NC2=C(N=CN=C21)N)O
DB06470,CC1=C(SC=N1)CCCl
DB06478,CC1=C(C(=O)C2=C(C1=O)N3C[C@H]4[C@@H]([C@@]3([C@@H]2COC(=O)N)OC)N4C)N
DB06481,C#CCC/C(=C(\C#N)/C(=O)NC1=CC=C(C=C1)C(F)(F)F)/O
DB06485,C1[C@@H]([C@H](O[C@H]1N2C=C(C=NC2=O)I)CO)O
DB06486,CN1C=C(C2=CC=CC=C21)C3=C(C(=O)NC3=O)C4=CN(C5=CC=CC=C54)C6CCN(CC6)CC7=CC=CC=N7
DB06497,CCCCN1C(=O)[C@H](NC(=O)C12CCN(CC2)CC3=CC=C(C=C3)OC4=CC=C(C=C4)C(=O)O)[C@@H](C5CCCCC5)O
DB06504,C1COCC2=C3C(=CN=C21)NC(=N3)C4=NOC=C4
DB06506,C1CC2=CC=CC=C2O[C@H]1CNCCCCN3C(=O)C4=CC=CC=C4S3(=O)=O
DB06510,CC1=C(N=C(O1)C2=CC=CC=C2)CCOC3=CC=C(C=C3)CN(CC(=O)O)C(=O)OC4=CC=C(C=C4)OC
DB06512,C[C@@]12CC[C@@H](C1(C)C)C[C@@]2(C3=CC=CC=C3)OCCN(C)C
DB06515,C[C@@H]1C[C@]2([C@H]3[C@H]4[C@]1([C@@H]5C=C(C(=O)[C@]5(CC(=C4)COC(=O)CC6=CC(=C(C=C6)O)OC)O)C)O[C@](O3)(O2)CC7=CC=CC=C7)C(=C)C
DB06521,CC1=CC(=CC(=C1O[C@H](CC2=CC=CC=C2)C(=O)O)C)C3=C4C(=C(SC4=C(C5=CC=CC=C53)Br)C)C
DB06525,CCC1=CC=CC=C1NC(=O)OC2=CC3=C(C=C2)N([C@@H]4[C@]3(CCN(O4)C)C)C
DB06530,CCOCC1=NC2=C(N1CC(C)(C)O)C3=CC=CC=C3N=C2N
DB06532,CO/N=C(\N)/C1=CC=C(C=C1)C2=CC=C(O2)C3=CC=C(C=C3)/C(=N/OC)/N
DB06536,CCO[C@@H](CC1=CC=C(C=C1)OCCC2=CC=C(C=C2)OS(=O)(=O)C)C(=O)O
DB06543,CC1=C(C(C[C@@H](C1=O)O)(C)C)/C=C/C(=C/C=C/C(=C/C=C/C=C(/C=C/C=C(/C=C/C2=C(C(=O)[C@H](CC2(C)C)O)C)\C)\C)/C)/C
DB06554,C1CNCC2=C1C(=O)NO2
DB06558,CC(C)C1=CN=C(C=C1)S(=O)(=O)NC2=C(C(=NC(=N2)C3=CC(=NC=C3)C4=NNN=N4)OCCO)OC5=CC=CC=C5OC
DB06579,CCCC1=C(N=CN2C1=NC(=N2)C)CN3C=CN=C3C4=C(C=CC=N4)F
DB06581,CC(=C)[C@@H]1CC[C@]2([C@H]1[C@H]3CC[C@@H]4[C@]5(CC[C@@H](C([C@@H]5CC[C@]4([C@@]3(CC2)C)C)(C)C)OC(=O)CC(C)(C)C(=O)O)C)C(=O)O
DB06586,CCCCCCCCCCCCCCCCOC1=NC2=C(C=C(C=C2)C)C(=O)O1
DB06587,CC[C@@H]1[C@@](C(=O)[C@H](C2=C(C[C@@](O2)([C@@H]([C@H]([C@@H]([C@H](C(=O)O1)C)O[C@H]3C[C@@]([C@H]([C@@H](O3)C)O)(C)OC)C)O[C@H]4[C@@H]([C@H](C[C@H](O4)C)N(C)C(C)C)O)C)C)C)(C)OC
DB06610,CC[C@H](C)[C@@H](C(=O)N[C@@H](CC(C)C)C(=O)N[C@@H](CCCNC(=N)N)C(=O)N[C@@H](CC1=CNC2=CC=CC=C21)C(=O)N3CCC[C@H]3C(=O)N[C@@H](CC4=CNC5=CC=CC=C54)C(=O)N[C@@H](CC6=CNC7=CC=CC=C76)C(=O)N8CCC[C@H]8C(=O)N[C@@H](CC9=CNC1=CC=CC=C19)C(=O)N[C@@H](CCCNC(=N)N)C(=O)N[C@@H](CCCNC(=N)N)C(=O)N[C@@H](CCCCN)C(=O)N)N
DB06614,CCC(CC)[C@@H]([C@H]1[C@@H](C[C@@H]([C@H]1O)C(=O)O)N=C(N)N)NC(=O)C
DB06623,CCOC(=O)NC1=C(N=C(C=C1)NCC2=CC=C(C=C2)F)N
DB06633,C(CS(=O)(=O)O)NCl
DB06635,C[C@H]([C@@H](CC1=CC(=CC=C1)C(=N)N)C(=O)OC)NC(=O)C2=CC=C(C=C2)C3=CC=[N+](C=C3)[O-]
DB06641,CCCCCCCCCCCCCCCCCCOP(=O)([O-])OC1CC[N+](CC1)(C)C
DB06651,CC[C@H](C)[C@@H](C(=O)N1CCC[C@H]1C(=N[C@@H](C)C(=N[C@@H](CC(C)C)C(=N[C@@H](CC(=O)O)C(=N[C@@H](CO)C(=N[C@@H](CC(C)C)C(=N[C@@H]([C@@H](C)O)C(=O)N2CCC[C@H]2C(=N[C@@H](C)C(=N[C@@H](CC(=N)O)C(=N[C@@H](CCC(=O)O)C(=N[C@@H](CC(=O)O)C(=O)O)O)O)O)O)O)O)O)O)O)O)N=C([C@H](C(C)C)N=C([C@H](CCCNC(=N)N)N=C([C@H](CC(C)C)N=C([C@H](CC(C)C)N=C([C@H](C)N=C([C@H](C(C)C)N=C(CN=C(CN=C(CN=C([C@H](CC(C)C)N=C([C@H](C(C)C)N)O)O)O)O)O)O)O)O)O)O)O
DB06652,C[C@H]1CN(CCN1[C@@H](COC)C2=CC=C(C=C2)C(F)(F)F)C3(CCN(CC3)C(=O)C4=C(N=CN=C4C)C)C
DB06656,C#C[C@]1([C@H](O[C@H]([C@@H]1O)N2C=CC(=NC2=O)N)CO)O
DB06660,CC(=O)NC1(CCN(CC1)CC[C@H](CN(C)C(=O)C2=CC=CC=C2)C3=CC(=C(C=C3)Cl)Cl)C4=CC=CC=C4
DB06670,CC(C)(C[C@@H](C(=O)NC1(CC1)C#N)N[C@@H](C2=CC=C(C=C2)C3=CC=C(C=C3)S(=O)(=O)C)C(F)(F)F)F
DB06678,CN1CCN2[C@H](C1)C3=CC=CC=C3CC4=C2N=CC=C4
DB06680,C[C@]12C[C@@H](C3=C4CCC(=O)C=C4CC[C@H]3[C@@H]1CC[C@]2(COC)OC)C5=CC=C(C=C5)/C=N/O
DB06685,CCN(C1=CC=CC=C1)C(=O)C2=C(C3=C(C=CC=C3Cl)N(C2=O)C)O
DB06693,CC[C@H](C)C(=O)O[C@H]1CCC=C2[C@H]1[C@H]([C@H](C=C2)C)CC[C@@H]3C[C@H](CC(=O)O3)O
DB06721,CC[C@@]1(C2=C(COC1=O)C(=O)N3CC4=C(C5=CC=CC=C5N=C4C3=C2)/C=N/OC(C)(C)C)O
DB06726,CCC1=CC=CC2=C1OC(=C2)C(CNC(C)(C)C)O
DB06727,C1CCN2C[C@@H]3C[C@H]([C@H]2C1)CN4[C@H]3CCCC4
DB06728,C1=CC=C(C=C1)N
DB06731,C1=CC=C(C=C1)[C@H](CCN)OC2=CC=C(C=C2)C(F)(F)F
DB06732,C1=CC=C(C=C1)C2=CC(=O)C3=C(O2)C=CC4=CC=CC=C43
DB06733,C[C@H]1C/C(=C/C=C/[C@@H]([C@H](OC(=O)/C(=C/C(=C/[C@H]([C@H]1O)C)/C)/OC)[C@@H](C)[C@H]([C@H](C)[C@]2(C[C@H]([C@@H]([C@H](O2)C(C)C)C)O)O)O)OC)/C
DB06740,CC(C)(C)C1CCC(CC1)C2=C(C3=CC=CC=C3C(=O)C2=O)O
DB06741,C1=CC=C(C=C1)NC(=O)/C=C/C2=C(NC3=C2C(=CC(=C3)Cl)Cl)C(=O)O
DB06743,C[C@@H]1C(=O)O[C@@H]2[C@]1([C@@]34C(=O)O[C@H]5[C@]3(C2)[C@@]6([C@@H](C5)C(C)(C)C)[C@H](C(=O)O[C@H]6O4)O)O
DB06749,CC(=CCC[C@@](C)([C@H]1CC[C@@]2([C@@H]1[C@@H](C[C@H]3[C@]2(CC[C@@H]4[C@@]3(CC[C@@H](C4(C)C)O[C@H]5[C@@H]([C@H]([C@@H]([C@H](O5)CO)O)O)O[C@H]6[C@@H]([C@H]([C@@H]([C@H](O6)CO)O)O)O)C)C)O)C)O[C@H]7[C@@H]([C@H]([C@@H]([C@H](O7)CO[C@H]8[C@@H]([C@H]([C@@H]([C@H](O8)CO)O)O)O)O)O)O)C
DB06750,CC(=CCC[C@@](C)([C@H]1CC[C@@]2([C@@H]1[C@@H](C[C@H]3[C@]2(C[C@@H]([C@@H]4[C@@]3(CC[C@@H](C4(C)C)O)C)O[C@H]5[C@@H]([C@H]([C@@H]([C@H](O5)CO)O)O)O)C)O)C)O[C@H]6[C@@H]([C@H]([C@@H]([C@H](O6)CO)O)O)O)C
DB06751,CCOC1=C(C=C(C=C1)/C=C\2/C3=CC(=C(C=C3CCN2)OCC)OCC)OCC
DB06756,C[N+](C)(C)CC(=O)[O-]
DB06762,CC(C(C)(C)C)N=C(NC#N)NC1=CC=NC=C1
DB06768,CC(C(=O)[O-])O.[NH4+]
DB06775,C(CC(=O)O)[C@@H](C(=O)O)NC(=O)N
DB06778,[O-]S(=O)(=O)[O-].[Cu+2]
DB06783,[C-]#N.[C-]#N.[C-]#N.[C-]#N.[C-]#N.[C-]#N.[C-]#N.[C-]#N.[C-]#N.[C-]#N.[C-]#N.[C-]#N.[C-]#N.[C-]#N.[C-]#N.[C-]#N.[C-]#N.[C-]#N.[Fe+2].[Fe+2].[Fe+2].[Fe+3].[Fe+3].[Fe+3].[Fe+3]
DB06784,C(C(=O)[O-])C(CC(=O)[O-])(C(=O)[O-])O.[67Ga+3]
DB06787,C[N+]1(CCN(CC1)CC(C2CCCCC2)(C3=CC=CC=C3)O)C
DB06793,CCC(=O)O[C@@](CC1=CC=CC=C1)(C2=CC=CC=C2)[C@@H](C)CN(C)C
DB06796,CC1=C(C(=CC(=N1)COP(=O)(O)O)CN(CCN(CC2=CC(=NC(=C2O)C)COP(=O)(O)O)CC(=O)[O-])CC(=O)[O-])O.[Mn+2]
DB06797,CCC(C)C(C)(COC(=O)N)COC(=O)N
DB06801,CCCCCCCC(=O)OCC(CO)O
DB06809,C1CNCCNCCCN(CCNC1)CC2=CC=C(C=C2)CN3CCCNCCNCCCNCC3
DB06811,CCCCCCCCCCCCOCCOCCOCCOCCOCCOCCOCCOCCOCCO
DB06814,CC(CC1=CC2=C(C=C1)OCO2)NCC(C3=CC(=C(C=C3)O)O)O
DB06815,C1=CC(=S)N(C=C1)O
DB06821,COC1=CN=C(N=C1)NS(=O)(=O)C2=CC=C(C=C2)N
DB06823,CC(C(=O)NCC(=O)O)S
DB06832,C=CC1=C2C(=CC(=C1)O)N=C(O2)C3=CC(=C(C=C3)O)F
DB06852,C1CN2CCC1[C@@H](C2)NC3=C(C(=O)NC4=C3C=C(C=C4)Cl)C5=NC6=CC=CC=C6N5
DB06894,CCCCCCCCCCCCO
DB06940,CCNC(=O)C1=CN2C(=C1C)C(=NC=N2)NC3=C(C=CC(=C3)C(=O)NOC)C
DB06941,CN1CCN(CC1)C2=CC=CC=C2CN=NC(=S)N
DB06942,C1C[C@H](N(C1)C(=O)CCC2=CC=CC=C2)C(=O)NCC3=CC=C(C=C3)C(=N)N
DB06943,CC#CCOC1=CC=C(C=C1)S(=O)(=O)N2CC[C@@H](C2)S
DB06944,C1CC1C2=CC(=NN2)NC(=O)CC3=CC4=CC=CC=C4C=C3
DB06945,C1COCCC1(C(=O)NO)S(=O)(=O)C2=CC=C(C=C2)OC3=CC=C(C=C3)C(F)(F)F
DB06962,C1CN(CCC12COC3=C2C=C(C=C3)CN)C(=O)C4=CC=C(O4)C#CC5=CC=CC=C5
DB07080,C1=CC=C(C=C1)S(=O)(=O)N(CC(F)(F)F)C2=CC=C(C=C2)C(C(F)(F)F)(C(F)(F)F)O
DB07101,C1=CC(=C(C=C1I)F)NC2=C(C=CC(=C2F)F)C(=O)NOC[C@@H](CO)O
DB07138,C1=CC(=C(C(=C1)Cl)C2=C3C=CC(=NN3C=NC2=O)SC4=C(C=C(C=C4)F)F)Cl
DB07223,CCCNC(=O)[C@@H]1[C@H](O1)C(=O)N[C@@H]([C@@H](C)CC)C(=O)N2CCC[C@H]2C(=O)OC
DB07238,CNC(=O)C1=C(OC2=CC(=C(C=C21)C3CC3)N(CCO)S(=O)(=O)C)C4=CC=C(C=C4)F
DB07266,CCN1C2=C(C=C3C(=C2)C4=C(N3)C5=NNC(=C5CCC4)C)C(C1=O)(C)C
DB07286,CC1=C(C=CC(=C1Cl)C#N)N2C(=O)[C@@H]3[C@@H](CCN3C2=O)O
DB07327,CC1=CC(=C(C=C1)C(=O)C)N[C@@H](C2=C(C=CC=C2Br)Br)C(=O)N
DB07338,C1=CC(=C(C=C1C(F)(F)F)Cl)OC2=CC(=C(C=C2)[N+](=O)[O-])C(=O)O
DB07348,C[C@H]1CCC/C=C/[C@@H]2C[C@@H](C[C@H]2[C@@H](/C=C/C(=O)O1)O)O
DB07374,CC(=O)O[C@@H]1[C@H](CN[C@@H]1CC2=CC=C(C=C2)OC)O
DB07392,CCNC1=NC(=NC(=N1)Cl)NC(C)C
DB07401,CO/C=C(\C1=CC=CC=C1OC2=NC=NC(=C2)OC3=CC=CC=C3C#N)/C(=O)OC
DB07419,C[C@](COC1=CC(=C(C=C1)Cl)F)(C(=O)NC2=CC(=C(C=C2)C#N)C(F)(F)F)O
DB07423,CC(=O)NC1=CC=C(C=C1)OC[C@@](C)(C(=O)NC2=CC(=C(C=C2)[N+](=O)[O-])C(F)(F)F)O
DB07565,C1=CC(=CC=C1[C@H]([C@@H](COC(=O)CCC(=O)O)NC(=O)C(Cl)Cl)O)[N+](=O)[O-]
DB07662,C=CC(=O)NC1=CC2=C(C=C1)N=CN=C2NC3=CC(=CC=C3)Br
DB07706,C[C@]12CC[C@H]3[C@H]([C@@H]1CC[C@@H]2O)CCC4=CC(=C(C=C34)O)O
DB07715,CC1=CC2=C(C(=C1)O)C(=O)C3=C(C2=O)C=C(C=C3O)O
DB07744,C[C@@H](C(=O)N[C@@H](CC(=O)O)C(=O)CF)NC(=O)[C@H](C(C)C)NC(=O)OCC1=CC=CC=C1
DB07768,C[C@]12CC[C@H]3[C@H]([C@@H]1CC[C@H]2O)CCC4=CC(=O)CC[C@]34C
DB07810,C1=CC(=CC=C1CCC(=O)C2=C(C=C(C=C2O)O)O)O
DB07885,CC(C)OC(=O)N1[C@H](C(=S)NC2=C1C=C(C=C2)OC)CSC
DB07914,C1=CC=C(C=C1)/C(=C\C=C\C(=O)C(=O)O)/O
DB07931,CC[C@H](C1=CC=C(C=C1)O)[C@@H](CC)C2=CC=C(C=C2)O
DB07933,C1C[C@H]2[C@@H](C1)C3=C(C=CC(=C3)O)O[C@H]2C4=CC=C(C=C4)O
DB07941,CC1=C(C=C(C=C1)C(=O)NC)N2C(=CC(=C(C2=O)Br)OCC3=C(C=C(C=C3)F)F)C
DB08009,CCN(CC)CCNC(=O)C1=C(NC(=C1C)/C=C\2/C3=C(C=CC(=C3)Cl)NC2=O)C
DB08012,CCOC(=O)C1=CC=C(C=C1)OCCC2CCN(CC2)C3=NN=C(C=C3)C
DB08037,CN1CC[C@@H]([C@@H](C1)F)N(C)C(=O)N2CC(=C[C@@]2(CO)C3=CC=CC=C3)C4=C(C=CC(=C4)F)F
DB08044,C1CN2C(=NN=C2C(F)(F)F)CN1C(=O)C3=CC[C@@H]([C@H](C3)N)C4=CC(=C(C=C4F)F)F
DB08059,CC(=O)O[C@@H]1C[C@]2([C@@H](CCC2=O)C3=C1[C@]4([C@H](OC(=O)C5=COC(=C54)C3=O)COC)C)C
DB08079,COC1=CC2=NC=CC(=C2C=C1)OCC3=NN=C4N3N=C(C=C4)C5=CC=CC=C5
DB08080,C[C@H]/1CC[C@@H]2C[C@H](C[C@@](O2)([C@@H]3CSC(=O)N3)O)OC(=O)/C=C(\CC/C=C1)/C
DB08089,C1=CC2=C(C=C1N(CC(F)(F)F)CC(F)(F)F)C(=CC(=O)N2)C(F)(F)F
DB08092,C1COCCN1C2=CC(=CC(=C2)C(=O)NC3=CC4=C(C=C3)NC=C4)F
DB08098,C1=C(OC(=C1)[N+](=O)[O-])C2=NN=C(O2)SCC(=O)O
DB08099,CCC1=C(C(=NC(=N1)N)N)C2=CC3=C(CC[C@H](N3CCCOC)C4=CC=CC=C4)C=C2
DB08142,C1CNCCC1NC(=O)C2=C(C=NN2)NC(=O)C3=C(C=CC=C3Cl)Cl
DB08162,C1CNCCN(C1)S(=O)(=O)C2=CC=CC3=C2C=CN=C3
DB08188,CCOCN1C(=C(C(=O)NC1=O)C(C)C)CC2=CC=CC=C2
DB08260,CCCCCCCCNC(=S)N1[C@H]2CO[C@@H]1[C@@H]([C@H]([C@@H]2O)O)O
DB08261,CC1=CC(=CC2=C1C=CC(=C2C(=O)OC3[C@@H](C=C[C@@H]3O)O)O)OC
DB08262,C1=CC2=C(C=CC(=C2)C(=O)O)C=C1C(=O)O
DB08263,C1=CC=C(C=C1)C[C@H](C(=O)O)NC(=O)C(=O)O
DB08264,C1=CC=C2[C@H]([C@H](C=CC2=C1)O)O
DB08267,C1=CC=C(C=C1)CCC2=C3C(=CC4=C2N=CN4)C(=O)NC(=N3)N
DB08313,COC(=O)NC1=NC2=C(N1)C=C(C=C2)C(=O)C3=CC=CS3
DB08382,C1CN(CC1(F)F)C(=O)[C@@H]2C[C@@H](CN2)N3CCN(CC3)C4=NC=CC=N4
DB08398,CN1C2=C(N=CC(=C2)C3=CC=CC=C3)N=C1N
DB08437,CN(C)C1=NC=NC2=C1N=CN2[C@H]3[C@@H]([C@@H]([C@H](O3)CO)NC(=O)[C@H](CC4=CC=C(C=C4)OC)N)O
DB08460,C1=CC(=C(C=C1OCC2=C3C=CC(=NC3=NN2)N)OC4=CC(=CC(=C4)C#N)Cl)Cl
DB08472,CNCC[C@H](C1=CC=CC=C1)OC2=CC=C(C=C2)C(F)(F)F
DB08490,C1COCCC1(CS(=O)(=O)C2=CC=C(C=C2)OC3=CC=C(C=C3)Cl)C(=O)NO
DB08496,CC(=O)C[C@H](C1=CC=CC=C1)C2=C(C3=CC=CC=C3OC2=O)O
DB08544,CNCC[C@@H](C1=CC=CC=C1)OC2=CC=C(C=C2)C(F)(F)F
DB08550,C1CNCC2=C1C=CC(=C2Cl)Cl
DB08552,B([C@H](C1=CC=CC=C1)NC(=O)CC2=CC=CS2)(O)O
DB08553,C1CNCCC1N2C=C(C(=N2)C3=CC=NC=C3)C4=CC5=C(C=C4)/C(=N/O)/CC5
DB08554,CCC[C@@H](C(=O)O)NC(=O)CCC(=O)O
DB08555,COC1=C(C=C2C(=C1)CCN=C2C3=CC(=CC=C3)Br)Cl
DB08559,CC1([C@@H](N2[C@H](S1O)[C@@H](C2=O)NC(=O)CC3=CC=CC=C3)C(=O)O)C
DB08587,COC1=CC(=CC(=C1O)OC)/C=C/C(=O)O
DB08604,C1=CC(=C(C=C1Cl)O)OC2=C(C=C(C=C2)Cl)Cl
DB08626,C1=CC=C(C=C1)C[C@H](CS)C(=O)NCC(=O)O
DB08633,CC(=CC[C@@H]1[C@@](O1)(C)[C@H]2[C@@H]([C@@H](CC[C@]23CO3)OC(=O)NC(=O)CCl)OC)C
DB08639,CC1=CC(=C(C(=C1)C)NC2=NC(=NC=C2)NC3=CC=C(C=C3)C#N)C
DB08666,C1=CC(=CC(=C1)NN=C2C(=N)N=NC2=N)C(F)(F)F
DB08667,C1=CC(=CC=C1NN=C2C(=N)N=NC2=N)F
DB08668,C1=CC(=CC(=C1)NN=C2C(=N)N=NC2=N)C(=O)O
DB08687,C1=CC=C2C(=C1)C(=C(N=C2Cl)C(=O)NCC(=O)O)O
DB08720,CC1=NOC(=C1)CCCCCOC2=CC=C(C=C2)C3=NCCO3
DB08721,C1COC(=N1)C2=CC(=C(C(=C2)Cl)OCCCCCC3=CC(=NO3)COCOCCO)Cl
DB08722,C[C@H]1COC(=N1)C2=CC(=C(C=C2)OCCCCCCCC3=CC(=NO3)C)Cl
DB08723,CC1=NOC(=C1)CCCCCOC2=C(C=C(C=C2Cl)C3=NCCO3)Cl
DB08724,C[C@H]1COC(=N1)C2=CC=C(C=C2)OCCCCCC3=CC(=NO3)C
DB08725,CC[C@H]1COC(=N1)C2=CC=C(C=C2)OCCCCCCCC3=CC(=NO3)C
DB08726,CC1=NOC(=C1)CCCCCCCOC2=CC=C(C=C2)C3=NCCO3
DB08727,C[C@@H]1COC(=N1)C2=CC=C(C=C2)OCCCCCCCC3=CC(=NO3)C
DB08728,CC1=NOC(=C1)CCCOC2=C(C=C(C=C2Cl)C3=NCCO3)Cl
DB08744,CN1C(=O)C=C(C2=C1C3=C(C=C2)OCO3)OC
DB08756,C[C@H](C1CCC(CC1)C(=O)NC2=CC=NC=C2)N
DB08792,CN(C1=CC=C(C=C1)O)C(=O)C(Cl)Cl
DB08794,CCOC(=O)C(C1=C(C2=CC=CC=C2OC1=O)O)C3=C(C4=CC=CC=C4OC3=O)O
DB08803,CC1=CC(=C(C=C1)C(C)C)OCC2=NCCN2
DB08805,CC1=C(N=CN1)CSCCNC(=S)NC
DB08809,C(C(=O)O)(Cl)Cl
DB08810,CCOC1=CC(=C(C=C1C(=O)NC2CCN(CC2)CC3CCC=CC3)[N+](=O)[O-])N
DB08818,CC(=O)N[C@H]1[C@@H](O[C@@H]([C@H](C1O[C@H]2[C@@H]([C@H]([C@@H]([C@H](O2)C(=O)O)O[C@H]3[C@@H](C([C@@H]([C@H](O3)CO)O)O[C@H]4[C@@H]([C@H]([C@@H]([C@H](O4)C(=O)O)O)O)O)NC(=O)C)O)O)O)CO)O
DB08823,CC[C@H]1CCC[C@@H]([C@H](C(=O)C2=C[C@H]3[C@@H]4C[C@@H](C[C@H]4C=C[C@H]3[C@@H]2CC(=O)O1)O[C@H]5[C@@H]([C@@H]([C@H]([C@@H](O5)C)OC)OC)OC)C)O[C@H]6CC[C@@H]([C@H](O6)C)N(C)C.CC[C@H]1CCC[C@@H]([C@H](C(=O)C2=C[C@H]3[C@@H]4C[C@@H](C[C@H]4C(=C[C@H]3[C@@H]2CC(=O)O1)C)O[C@H]5[C@@H]([C@@H]([C@H]([C@@H](O5)C)OC)OC)OC)C)O[C@H]6CC[C@@H]([C@H](O6)C)N(C)C
DB08830,C([C@@H]([C@@H]1C(=O)C(=O)C(=O)O1)O)O
DB08831,C(C=O)[C@H]([C@@H]([C@@H](CO)O)O)O
DB08833,C[C@H](CCC(=O)NCCS(=O)(=O)O)[C@H]1CC[C@@H]2[C@@]1(CC[C@H]3[C@H]2[C@@H](C[C@H]4[C@@]3(CC[C@H](C4)O)C)O)C
DB08834,C[C@H](CCC(=O)NCCS(=O)(=O)O)[C@H]1CC[C@@H]2[C@@]1(CC[C@H]3[C@H]2[C@H](C[C@H]4[C@@]3(CC[C@H](C4)O)C)O)C
DB08835,CC(=O)N[C@@H](CC(=O)N[C@@H](CCC(=O)O)C(=O)O)C(=O)O
DB08836,CCOC(=O)[C@H](CCC1=CC=CC=C1)N[C@H]2CS[C@@H](CN(C2=O)CC(=O)O)C3=CC=CS3
DB08837,CC[N+](CC)(CC)CC
DB08838,C(CCN=C(N)N)CN
DB08839,C1=CC2=C(C=C1O)C(=CN2)CCN
DB08840,CNC(=O)C1=CN=CC=C1
DB08841,C1=CC(=CC=C1CCN)O
DB08842,CC(=O)O[C@H](CC(=O)[O-])C[N+](C)(C)C
DB08844,C12=C(NC(=O)N1)NC(=O)NC2=O
DB08845,C(CC(=O)O)C(=O)C(=O)O
DB08846,C1=C2C3=C(C(=C1O)O)OC(=O)C4=CC(=C(C(=C43)OC2=O)O)O
DB08847,C1[C@H](CN[C@@H]1C(=O)O)O
DB08848,C1CNCC(=C1)C(=O)O
DB08855,CCCCC/C=C\C/C=C\C=C\C=C\[C@H]([C@H](CCCC(=O)O)O)SC[C@@H](C(=O)NCC(=O)O)NC(=O)CC[C@@H](C(=O)O)N
DB08856,C[C@H](C(=O)NCC(=O)N[C@@H](CC1=CC=CC=C1)C(=O)N[C@H](CC(C)C)C(=O)O)NC(=O)[C@H](CC2=CC=C(C=C2)O)N
DB08861,CC1([C@H](C(=O)NCC(=O)N[C@H](C(=O)N[C@H](C(SS1)(C)C)C(=O)O)CC2=CC=CC=C2)NC(=O)[C@H](CC3=CC=C(C=C3)O)N)C
DB08878,C1=CC(=CC=C1C(=O)N[C@@H](CCC(=O)O)C(=O)O)NCC2=CN=C3C(=N2)C(=NC(=N3)N)N
DB08891,C1=CC(=CC=C1[C@@H](CC(=O)O)CN)Cl
DB08892,CC(C)[C@@H](OC(=O)C(C)C)OC(=O)NC[C@H](CC(=O)O)C1=CC=C(C=C1)Cl
DB08915,CC1=C(N=C(O1)C2=CC=CC=C2)CCOC3=C4C=CSC4=C(C=C3)C[C@@H](C(=O)O)OC
DB08921,CC1=CC[C@@H](CC1)C(=C)C
DB08924,CC(CC1=CC=CC=C1)N=CC(Cl)(Cl)Cl
DB08926,C1=CC(=CC=C1N)S(=O)(=O)C2=CC=C(C=C2)NCC(=O)O
DB08927,CCNC(=O)N1CCN(CC1)CCCC(C2=CC=C(C=C2)F)C3=CC=C(C=C3)F
DB08928,CC(=O)NC1=C(C=CC(=C1)[As]2SCC(S2)CO)O
DB08939,CCOC(=O)CSCCC1NC(CS1)C(=O)O
DB08940,CC(=O)CCC1C(=O)N(N(C1=O)C2=CC=CC=C2)C3=CC=CC=C3
DB08942,CC1=CC(=NO1)NC(=O)C2=C(C3=CC=CC=C3S(=O)(=O)N2C)O
DB08944,C[C@@H](C[C@](C#N)(C1=CC=CC=C1)C(C)C)N(C)C
DB08945,C1=C(C(=C(C(=C1I)NC(=O)COCCOCCOCC(=O)NC2=C(C=C(C(=C2I)C(=O)O)I)I)I)C(=O)O)I
DB08948,CC(=O)NCC1=C(C(=C(C(=C1I)NC(=O)C)I)C(=O)O)I
DB08949,C1=CC(=CN=C1)C(=O)OC2C(C(C(C(C2OC(=O)C3=CN=CC=C3)OC(=O)C4=CN=CC=C4)OC(=O)C5=CN=CC=C5)OC(=O)C6=CN=CC=C6)OC(=O)C7=CN=CC=C7
DB08950,C1CN(CCC1NC(=O)C2=CC=CC=C2)CCC3=CNC4=CC=CC=C43
DB08951,CC(C1=CC=C(C=C1)N2CC3=CC=CC=C3C2=O)C(=O)O
DB08952,CC(C)NCC(COC1=CC=CC2=C1C=CC2)O
DB08953,C1CNCCC1CCC2=CNC3=CC=CC=C32
DB08955,CC(C)CC1=CC=C(C=C1)C(C)C(=O)NO
DB08956,C[C@]12CCC(=O)C[C@H]1CC[C@@H]3[C@@H]2CC[C@]4([C@H]3CC[C@@H]4C(=O)CO)C
DB08960,C[N+](C)(C)CCCCCC[N+](C)(C)C
DB08961,C1=CSC(=C1)CNC2=CC(=C(C=C2C3=NNN=N3)S(=O)(=O)N)Cl
DB08962,CC1=CC=C(C=C1)S(=O)(=O)NC(=O)N[C@H]2[C@H]3CC[C@@]([C@H]2O)(C3(C)C)C
DB08966,CC1=NC=C(C(=N1)N)CN(C=O)/C(=C(\CCO)/SSCC2CCCO2)/C
DB08968,CN(CC1=C(C=CC=C1Cl)NC(=O)C2=CC=CC=C2)CC(=O)N3CCOCC3
DB08969,C(C(F)(F)F)OCC(F)(F)F
DB08972,CC1CCC2=C3N1C=C(C(=O)C3=CC(=C2)F)C(=O)O
DB08973,C[C@]12C[C@@H]([C@]3([C@H]([C@@H]1C[C@@H]4[C@]2(OC(O4)(C)C)C(=O)CO)C[C@@H](C5=CC(=O)C=C[C@@]53C)F)Cl)Cl
DB08975,C1=CC2=C3C(=C1)C4=C(C3=CC=C2)C=C(C=C4)C(=O)CCC(=O)O
DB08978,C[N+]1([C@@H]2CC[C@H]1CC(C2)OC(=O)[C@H](CO)C3=CC=CC=C3)CC(=O)C4=CC=C(C=C4)C5=CC=CC=C5
DB08979,C1CN(CCC12CNC(=O)O2)CCC3=CC=CC=C3
DB08980,CC(C1=CC=CC=C1)NCCC(C2=CC=CC=C2)C3=CC=CC=C3
DB08982,CCOC(=O)/C=C\1/N(C(=O)C(S1)N2CCCCC2)C
DB08985,CCNCC(C1=CC(=CC=C1)O)O
DB08986,CCN=C1NC2=C(C=C(C=C2)Cl)C(O1)(C)C3=CC=CC=C3
DB08988,CCOC(=O)C1(CCCN(CC1)C)C2=CC=CC=C2
DB08989,CCN(CC)C(=O)C1=CC(=C(C=C1)O)OC
DB08990,CCOC(CN1CCN(CC1)CC(C)C(=O)C2=CC=CC=C2)C3=CC=CC=C3
DB08995,C[C@H]1[C@@H]([C@H]([C@H]([C@@H](O1)OC[C@@H]2[C@H]([C@@H]([C@H]([C@@H](O2)OC3=CC(=C4C(=C3)OC(=CC4=O)C5=CC(=C(C=C5)OC)O)O)O)O)O)O)O)O
DB08997,C1CN(CCC1[C@@]2(CCC(=O)NC2=O)C3=CC=CC=C3)CC4=CC=CC=C4
DB08998,CNCCON=C1C2=CC=CC=C2C=CC3=CC=CC=C31
DB08999,CC(CC1CCCC1)NC
DB09001,CCC1(C(=O)NC(=O)NC1=O)C2=CC=CC=C2.C[C@@H](CC1CCCCC1)NC
DB09002,C1CCN(CC1)CCOC(C2=CC=CC=C2)C3=CC=C(C=C3)Cl
DB09003,C1CCN(CC1)C2(CCN(CC2)CCCN3C4=CC=CC=C4CCC5=C3C=C(C=C5)Cl)C(=O)N
DB09004,CC(CN(C)C)C(C)(CC1=CC=C(C=C1)Cl)O
DB09006,CCC(C)(C(=O)O)OC1=CC=C(C=C1)C2(CCCCC2)C3=CC=C(C=C3)OC(C)(CC)C(=O)O
DB09007,CC(C1=CC=CC=C1)(C2=CC=C(C=C2)Cl)OCCN(C)C
DB09010,CCCCCCNC(=O)N1C=C(C(=O)NC1=O)F
DB09011,C1=CC=C(C=C1)CNC(=O)CCCl
DB09012,CN1CC(C2=CC(=C(C=C21)O)N=NC(=O)N)O
DB09013,CC(C)NCC(COC1=CC=CC2=C1OC(=C2)C(=O)C)O
DB09016,CC(CC1C2=CC=CC=C2CCC3=CC=CC=C13)CN(C)C
DB09019,CN(CC1=C(C(=CC(=C1)Br)Br)N)C2CCCCC2
DB09022,CC(CC1=CC(=CC=C1)C(F)(F)F)NCCOC(=O)C2=CC=CC=C2
DB09023,CCN(CC)CCOC(=O)C(C1=CC=CC=C1)(C2=CC=CC=C2)O
DB09028,C1[C@H]2CNC[C@@H]1C3=CC=CC(=O)N3C2
DB09056,CCC(C)(C)C1=CC=C(C=C1)CC(C)CN2C[C@H](O[C@H](C2)C)C
DB09059,CC[C@H](C)[C@H]1C(=O)N[C@H](C(=O)N[C@H](C(=O)N[C@@H](CSSCCC(=O)N[C@@H](C(=O)N1)CC2=CC=C(C=C2)OCC)C(=O)N3CCC[C@H]3C(=O)N[C@@H](CCCN)C(=O)NCC(=O)N)CC(=O)N)[C@@H](C)O
DB09062,CN1C(=NN=N1)SCC2=C(N3[C@@H]([C@@](C3=O)(NC(=O)CSC[C@H](C(=O)O)N)OC)SC2)C(=O)O
DB09081,CC1=C(C(=O)C(=C(C1=O)OC)OC)CCCCCCCCCCCCO
DB09086,COC1=C(C=CC(=C1)CC=C)O
DB09088,CCC(C)(CN(C)C)OC(=O)C1=CC=CC=C1
DB09089,CCC(COC(=O)C1=CC(=C(C(=C1)OC)OC)OC)(C2=CC=CC=C2)N(C)C
DB09092,CN1C2=C(C(=O)N(C1=O)C)N(C=N2)CC(CN(C)CCO)O
DB09114,CCCCCCCCCCCCCCCC(=O)OC[C@H](COP(=O)([O-])OCC[N+](C)(C)C)OC(=O)CCCCCCCCCCCCCCC
DB09116,C(=[N-])=[N-].[Ca+2]
DB09131,Cl[Cu]Cl
DB09139,C(O)(P(=O)(O)O)P(=O)(O)O.[99Tc]
DB09142,CSCC[C@@H](C(=O)NCC(=O)N[C@@H](CC1=CNC2=CC=CC=C21)C(=O)N[C@@H](CCSC)C(=O)N[C@@H](CC(=O)O)C(=O)N[C@@H](CC3=CC=CC=C3)C(=O)N)NC(=O)[C@H](CC4=CC=C(C=C4)OS(=O)(=O)O)NC(=O)[C@H](CC(=O)O)N
DB09144,CC(=O)OC[C@@H]1[C@H]([C@H]([C@@H](O1)N2C=CC(=O)NC2=O)OC(=O)C)OC(=O)C
DB09145,O
DB09148,CNC1=CC=C(C=C1)/C=C/C2=CC=C(C=C2)OCCOCCOCC[18F]
DB09149,CNC1=CC=C(C=C1)/C=C/C2=CN=C(C=C2)OCCOCCOCC[18F]
DB09151,CNC1=C(C=C(C=C1)C2=NC3=C(S2)C=C(C=C3)O)[18F]
DB09152,N#N
DB09155,[He]
DB09157,C(=O)=O
DB09158,CC1=C(C=CC(=C1)C2=CC(=C(C=C2)N=NC3=C(C4=C(C=C(C=C4C=C3S(=O)(=O)O)S(=O)(=O)O)N)O)C)N=NC5=C(C6=C(C=C(C=C6C=C5S(=O)(=O)O)S(=O)(=O)O)N)O
DB09160,CCOCCP(CCOCC)CCP(CCOCC)CCOCC.CCOCCP(CCOCC)CCP(CCOCC)CCOCC.O.O.[98Tc]
DB09164,CC(C)C1=C(C(=CC=C1)C(C)C)NC(=O)CN(CC(=O)O)CC(=O)O.[99Tc]
DB09165,[O-]P(=O)([O-])OP(=O)([O-])[O-].[99Tc+4]
DB09168,CCC(=O)N(C1=CC=CC=C1)C2(CCN(CC2)CCC3=CC=CC=C3)C4=CC=CC=C4
DB09169,CCC(=O)N([C@@H]1CCN(C[C@@H]1CC=C)CCC2=CC=CC=C2)C3=CC=CC=C3
DB09170,CCC(=O)N(C1CCN(CC1)CC(C2=CC=CS2)O)C3=CC=CC=C3
DB09171,CCC(=O)N(C1CCN(CC1)CC(C)C2=CC=CC=C2)C3=CC=CC=C3
DB09172,CCN1C(=O)N(N=N1)CCN2CC[C@@H]([C@@H](C2)C)N(C3=CC=CC=C3F)C(=O)COC
DB09173,CCCC(=O)N(C1CCN(CC1)CCC2=CC=CC=C2)C3=CC=CC=C3
DB09174,CCC(=O)N(C1=CC=CC=C1)[C@]2(CCN(C[C@H]2C)CCC3=CC=CC=C3)C(=O)OC
DB09175,C1CN(CCC1N(C2=NC=CN=C2)C(=O)C3=CC=CO3)CCC4=CC=CC=C4
DB09177,CCC(=O)N(C1CCN(CC1)CCC2=CC=CC=C2)C3=CC=C(C=C3)F
DB09178,CCC(=O)N(C1CC(N(CC1C)CCC2=CC=CC=C2)C)C3=CC=CC=C3
DB09179,CCC(=O)N(C1=CC=CC=C1)C2(CCN(CC2)CCC3=CC=CC=C3)COC
DB09180,CCC(=O)N(C1CCN(CC1)CCC2=CC=CS2)C3=CC=CC=C3
DB09181,CCC(=O)N(C1=CC=CC=C1F)C2(CCN(CC2)CCN3C(=O)N(N=N3)CC)C4=CC=CC=C4
DB09182,CCC(=O)N(C1CCN(CC1)CC2=CC=CC=C2)C3=CC=CC=C3
DB09184,COC1=C(C=C(C=C1)F)C[C@]([C@@H]2CNCCO2)(C3CCOCC3)O
DB09186,CNCCC(C1=CC=CC=C1)OC2=CC=CC=C2OC
DB09187,CN1CCC23C(C1)C(CC(=O)N2)C4=C(O3)C=CC(=C4)Cl
DB09188,C[C@@]1(C2=CC=CC=C2N(C1=O)C3=CC=CC=C3)CCCNC
DB09189,CC1(CN(C2=CC=CC=C21)C3=CC=CC=C3)CCCNC
DB09190,CC1(C2=CC=CC=C2C(O1)(CCCNC)C3=CC=CC=C3)C
DB09191,CC1(C2=CC=CC=C2C(S1)(CCCNC)C3=CC=CC=C3)C
DB09192,CCN1C2=CC=CC=C2C3=C1C(SCC3)(C)CCN(C)C
DB09193,CNC1CC(C2=CC=CC=C2C1)C3=CC=CC=C3
DB09194,CCC1=NN(C(=O)N1CC)CCCN2CCN(CC2)C3=CC(=CC=C3)Cl
DB09195,C1C[C@H]2CN3C(=NN=C3[C@H]2C1)CCN4CCN(CC4)C5=CC=CC(=C5)C(F)(F)F
DB09196,C1CC2=C(C=CC(=C2C1)F)OC[C@@H]3CNCCO3
DB09197,CC1=CC(=NN1)CCN2CCN(CC2)C3=CC(=CC=C3)Cl
DB09199,C1=CC=C(C(=C1)COC2=CC3=C(C=C2)C=C(C=C3)CC4C(=O)NC(=O)S4)F
DB09200,CN1C2=C(C=CC(=C2)OC)N=C1COC3=CC=C(C=C3)CC4C(=O)NC(=O)S4
DB09201,CC1(CCCCC1)COC2=CC=C(C=C2)CC3C(=O)NC(=O)S3
DB09202,C1CC1C2=CC=CC=C2OCC3=NCCN3
DB09203,CNCC(C1=CC=C(C=C1)O)O
DB09205,CC1=CC(=C(C=C1OC(=O)C)C(C)C)OCCN(C)C
DB09206,CC(C)(COC(=O)N1CCN(CC1)C2=NC3=C(C(=C(C=C3C(=N2)N)OC)OC)OC)O
DB09207,CCN1CCN(C[C@H](C1)NC(=O)C2=CC(=C(C=C2OC)NC)Br)C
DB09213,C[C@@H](C1=CC=C(C=C1)CC(C)C)C(=O)O
DB09217,CC1(C(=C(C(=O)O1)OCC2CC2)C3=CC=C(C=C3)S(=O)(=O)C)C
DB09219,C1=CC=C2C(=C1)NC(=O)C(O2)(C3=CC=C(C=C3)O)C4=CC=C(C=C4)O
DB09226,C1CN(CCN1CCCCOC2=CC3=C(C=C2)OCC(=O)N3)C4=C(C(=CC=C4)Cl)Cl
DB09229,CC1=C(C(C(=C(N1)C)C(=O)OCC(=O)C)C2=CC=CC=C2[N+](=O)[O-])C(=O)OC
DB09233,CC1=C(C(C(=C(N1)C)C(=O)OCC2COC3(O2)CCN(CC3)C4=CC=C(C=C4)Cl)C5=CC(=CC=C5)[N+](=O)[O-])C(=O)OC
DB09234,CCOC(=O)C1=C(NC(=C(C1C2=CC=CC3=NON=C32)C(=O)OCC)C)C
DB09239,CC1=C([C@@H](C(=C(N1)C)C(=O)OCCCN2CCC(CC2)(C3=CC=CC=C3)C4=CC=CC=C4)C5=CC(=CC=C5)[N+](=O)[O-])C(=O)OC
DB09240,CCCOCCOC(=O)C1=C(NC(=C(C1C2=CC(=CC=C2)[N+](=O)[O-])C(=O)OCCOCCC)C)C
DB09243,C1=CC(=NN=C1C(=O)N)NN
DB09246,CC(C1=CC=CC=C1)NNC(=O)C2=CC=CC=C2
DB09247,CC(C)NNC(=O)COC1=CC=C(C=C1)Cl
DB09248,CC(C1=CC=CC=C1)NN
DB09249,CCCCCCC(C)NN
DB09250,CC(CC1=CC=CC=C1)NN
DB09251,CC(COC1=CC=CC=C1)NN
DB09252,CC(C)(C)C(=O)NNCC1=CC=CC=C1
DB09253,CC(CCC1=CC2=C(C=C1)OCO2)NN
DB09254,C1C2=CC=CC=C2OC(=O)N1CC(=O)N
DB09271,C[N+]1([C@@H]2CC(C[C@H]1[C@H]3[C@@H]2O3)OC(=O)[C@H](CO)C4=CC=CC=C4)CC5CC5
DB09284,CCN(CC)CCN1C(=NOC1=N)C2=CC=CC=C2
DB09298,COC1=C(C=CC(=C1)[C@@H]2[C@H](OC3=C(O2)C=C(C=C3)[C@@H]4[C@H](C(=O)C5=C(C=C(C=C5O4)O)O)O)CO)O
DB09299,C[C@H](CN1C=NC2=C(N=CN=C21)N)OC[P@@](=O)(N[C@@H](C)C(=O)OC(C)C)OC3=CC=CC=C3
DB09304,CN1CCC2=C(C1)C3=CC=CC=C3CC4=CC=CC=C24
DB09305,CN1CCN2C(C1)C3=CC=CN3CC4=CC=CC=C42
DB09306,CN1CCN2C3=C(C=C(C=C3)OC)C4=C2C1=NCC4
DB09308,CC[C@@H]1[C@@]2([C@@H]([C@H](C(=O)[C@@H](C[C@@]([C@@H]([C@H](C(=O)[C@](C(=O)O1)(C)F)C)O[C@H]3[C@@H]([C@H](C[C@H](O3)C)N(C)C)O)(C)OC)C)C)N(C(=O)O2)CCCCN4C=C(N=N4)C5=CC(=CC=C5)N)C
DB09309,C[C@@H]1C/C=C/C=C/[C@@H]([C@@H](C[C@@H]([C@@H]([C@H]([C@@H](CC(=O)O1)O)OC)O[C@H]2[C@@H]([C@H]([C@@H]([C@H](O2)C)O[C@H]3C[C@@]([C@H]([C@@H](O3)C)OC(=O)CC(C)C)(C)O)N(C)C)O)CC=O)C)O
DB09313,CC(=O)N(C)C1=C(C(=C(C(=C1I)C(=O)NCC(=O)NC2=C(C(=C(C(=C2I)C(=O)O)I)C(=O)NCCO)I)I)C(=O)NC)I
DB09314,O.O.O.O.[98Tc]
DB09315,[133Xe]
DB09319,CC1([C@@H](N2[C@H](S1)[C@@H](C2=O)NC(=O)C(C3=CC=CC=C3)C(=O)OC4=CC5=C(CCC5)C=C4)C(=O)O)C
DB09325,[F-].[Na+]
DB09326,[13NH3]
DB09327,C1CC(OC1)N2C=C(C(=O)NC2=O)F.C1=CNC(=O)NC1=O
DB09332,CC1=C(C2=CC=CC=C2C(=C1)OP(=O)([O-])[O-])OP(=O)([O-])[O-].[Na+].[Na+].[Na+].[Na+]
DB09335,C[C@@H](C(=O)N[C@@H](C)C(=O)NC1[C@H]2[C@@H]1CN(C2)C3=C(C=C4C(=O)C(=CN(C4=N3)C5=C(C=C(C=C5)F)F)C(=O)O)F)N
DB09346,CC(=O)NC1=C(C(=C(C(=C1I)C(=O)O)I)N(C)C(=O)C)I
DB09347,CC(=O)NC1=C(C=C(C(=C1I)C(=O)O)I)I
DB09348,C1COC1=O
DB09350,CCCCOCCOCCOCC1=CC2=C(C=C1CCC)OCO2
DB09355,C1=CC=C(C=C1)C(=O)NS(=O)(=O)C2=CC=C(C=C2)N
DB09357,CC(C)(CO)[C@H](C(=O)NCCCO)O
DB09366,CCCOC(=O)CN1C=C(C(=O)C(=C1)I)I
DB09371,C[C@]12CC[C@H]3[C@H]([C@@H]1CC[C@]2(C#C)O)CCC4=C3CCC(=O)C4
DB09372,C1=C(C=C(C(=C1O)O)O)C(=O)OC2=CC(=CC(=C2O)O)C(=O)OC[C@@H]3[C@H]([C@@H]([C@H](C(O3)OC(=O)C4=CC(=C(C(=C4)OC(=O)C5=CC(=C(C(=C5)O)O)O)O)O)OC(=O)C6=CC(=C(C(=C6)OC(=O)C7=CC(=C(C(=C7)O)O)O)O)O)OC(=O)C8=CC(=C(C(=C8)OC(=O)C9=CC(=C(C(=C9)O)O)O)O)O)OC(=O)C1=CC(=C(C(=C1)OC(=O)C1=CC(=C(C(=C1)O)O)O)O)O
DB09374,CC1(C(=[N+](C2=C1C3=CC=CC=C3C=C2)CCCCS(=O)(=O)O)/C=C/C=C/C=C/C=C\4/C(C5=C(N4CCCCS(=O)(=O)O)C=CC6=CC=CC=C65)(C)C)C
DB09376,CCCCCCCCCCCC(=O)OCCNC(=O)C[N+]1=CC=CC=C1
DB09378,C[C@]12C[C@@H]([C@H]3[C@H]([C@@H]1CC[C@@]2(C(=O)CO)O)C[C@@H](C4=CC(=O)C=C[C@]34C)F)O
DB09394,OP(=O)(O)O
DB09397,S1SSSSSSS1.[99Tc]
DB09398,[18F-]
DB09403,CC(CN(C1=C(C=C(C(=C1I)N)I)I)C(=O)C)C(=O)O
DB09409,CC(=O)[O-].CC(=O)[O-].O.O.O.O.[Mg+2]
DB09419,C([C@H]([C@@H]([C@H](C=O)O)O)O)O
DB09421,C1C[C@H](N(C1)C(=O)[C@H](CC2=CN=CN2)NC(=O)[C@@H]3CCC(=O)N3)C(=O)N
DB09459,[C@@H]([C@H](C(=O)O)O)(C(=O)O)O
DB09460,C(=O)([O-])[O-].[Na+].[Na+]
DB09479,[82Rb+]
DB09484,[O-]P(=O)([O-])F.[Na+].[Na+]
DB09487,CN(C1=C(C(=C(C(=C1I)C(=O)NC(CO)C(CO)O)I)C(=O)NC(CO)C(CO)O)I)C(=O)CC(=O)N(C)C2=C(C(=C(C(=C2I)C(=O)NC(CO)C(CO)O)I)C(=O)NC(CO)C(CO)O)I
DB09490,Cl[111In](Cl)Cl
DB09494,CCCCCCCCCCCCCCCCO
DB09495,CC(C)(C)C1=CC=C(C=C1)C(=O)CC(=O)C2=CC=C(C=C2)OC
DB09496,CCCCC(CC)COC(=O)/C=C/C1=CC=C(C=C1)OC
DB09510,[13C](=O)(N)N
DB09513,[14C](=O)(N)N
DB09526,C1=CC(=CC=C1O)O
DB09534,CC1(C2(C(=O)/C(=C/C3=CC=C(C=C3)/C=C\4/C(=O)C5(C(C4CC5)(C)C)CS(=O)(=O)O)/C1CC2)CS(=O)(=O)O)C
DB09546,C1=CC(=CC(=C1)[123I])CN=C(N)N.C1=CC(=CC(=C1)[123I])CN=C(N)N.OS(=O)(=O)O
DB09552,CCCCCCCCCCCCCCCC[N+](C)(C)CCN(CC1=CC=C(C=C1)OC)C2=NC=CC=N2
DB09563,C[N+](C)([11CH3])CCO
DB11056,[Cl-].[Cl-].[Sn+2]
DB11062,CCCCC(CC)COC(=O)C1=CC=CC=C1O
DB11064,CC1CC(CC(C1)(C)C)OC(=O)C2=CC=CC=C2O
DB11068,O[Se](=O)(=O)O
DB11072,F
DB11073,CCCCCCCCCCCCCCCC[N+]1=CC=CC=C1
DB11081,[Al](Cl)(Cl)Cl
DB11090,[N+](=O)([O-])[O-].[K+]
DB11091,OO
DB11092,F[Sn]F
DB11096,CC1CCC(C(C1)OC(=O)C2=CC=CC=C2N)C(C)C
DB11100,C1(C(=O)NC(=O)N1)NC(=O)N
DB11102,CC(=O)N[C@@H](CC1=CC=C(C=C1)O)C(=O)O
DB11104,FS(F)(F)(F)(F)F
DB11107,[C@@H]([C@H](C(=O)[O-])O)(C(=O)O)O.[K+]
DB11109,ClCl
DB11115,C1=CC=C(C=C1)C2=NC3=C(N2)C=C(C=C3)S(=O)(=O)O
DB11117,C=CCCCCCCCCC(=O)O
DB11123,[O-]Cl
DB11125,CC(C)(C)CC(C)(C)C1=CC=C(C=C1)OCCOCC[N+](C)(C)CC2=CC=CC=C2
DB11127,O[Se](=O)O
DB11128,[NH4+].[NH4+].[NH4+].[NH4+].[NH4+].[NH4+].O.O.O.O.[O-2].[O-2].[O-2].[O-2].[O-2].[O-2].[O-2].[O-2].[O-2].[O-2].[O-2].[O-2].[O-2].[O-2].[O-2].[O-2].[O-2].[O-2].[O-2].[O-2].[O-2].[O-2].[O-2].[O-2].[Mo].[Mo].[Mo].[Mo].[Mo].[Mo].[Mo]
DB11129,C(=O)(N)N.OO
DB11132,O=[Si]=O
DB11134,[O-2].[Cu+2]
DB11137,[Mo]
DB11140,[51Cr]
DB11141,C([C@H]([C@H]([C@@H]([C@H](C(=O)[O-])O)O)O)O)O.C([C@H]([C@H]([C@@H]([C@H](C(=O)[O-])O)O)O)O)O.[Mn+2]
DB11142,C[Se]CC[C@@H](C(=O)O)N
DB11150,[O-]S(=O)(=O)[O-].[Ba+2]
DB11151,[OH-].[Na+]
DB11153,[OH-].[K+]
DB11154,C(C(=O)[O-])C(CC(=O)[O-])(C(=O)[O-])O.C(C(=O)[O-])C(CC(=O)[O-])(C(=O)[O-])O.[Zn+2].[Zn+2].[Zn+2]
DB11155,C1=CC(=CC=C1NC(=O)NC2=CC(=C(C=C2)Cl)Cl)Cl
DB11157,C1C2=C(C(=CC=C2)O)C(=O)C3=C1C=CC=C3O
DB11159,[Na+].[Na+].[S-2]
DB11164,CCOC(=O)[C@H](CS)NCCN[C@@H](CS)C(=O)OCC
DB11168,C([C@@H]([C@H](C(=O)[O-])O)O)O.C([C@@H]([C@H](C(=O)[O-])O)O)O.[Ca+2]
DB11171,O.O.O.O.O.[O-]S(=O)(=O)[O-].[O-]S(=O)(=O)[O-].[O-]S(=O)(=O)[O-].[Fe+3].[Fe+3]
DB11175,C1=CC=NC(=C1)C(=O)[O-].C1=CC=NC(=C1)C(=O)[O-].[Zn+2]
DB11176,CC1=C(C(C[C@@H](C1)O)(C)C)/C=C/C(=C/C=C/C(=C/C=C/C=C(/C=C/C=C(/C=C/C2=C(C[C@H](CC2(C)C)O)C)\C)\C)/C)/C
DB11182,C1=C2C(=C3C=C(C(=O)C(=C3OC2=C(C(=C1I)O)I)I)I)C4=C(C(=C(C(=C4Cl)Cl)Cl)Cl)C(=O)O
DB11183,CCN(CC1=CC(=CC=C1)S(=O)(=O)[O-])C2=CC=C(C=C2)C(=C3C=CC(=[N+](CC)CC4=CC(=CC=C4)S(=O)(=O)[O-])C=C3)C5=CC=C(C=C5)S(=O)(=O)[O-].[Na+].[Na+]
DB11184,C1=CC=C2C(=C1)C(=O)OC23C4=C(C=C(C(=C4)CN(CC(=O)O)CC(=O)O)O)OC5=C3C=C(C(=C5)O)CN(CC(=O)O)CC(=O)O
DB11185,COC1=C(C=C(C(=C1)O)C(=O)C2=CC=CC=C2)S(=O)(=O)O
DB11190,CC(C)(CO)[C@H](C(=O)NCCC(=O)NCCSSCCNC(=O)CCNC(=O)[C@@H](C(C)(C)CO)O)O
DB11191,CC1=CC2=C(C=C1C)N(C=N2)[C@@H]3[C@@H]([C@@H]([C@H](O3)CO)OP(=O)([O-])O[C@H](C)CNC(=O)CC[C@@]\4([C@H]([C@@H]5[C@]6([C@@]([C@@H](C(=N6)/C(=C\7/[C@@]([C@@H](C(=N7)/C=C\8/C([C@@H](C(=N8)/C(=C4\[N-]5)/C)CCC(=O)N)(C)C)CCC(=O)N)(C)CC(=O)N)/C)CCC(=O)N)(C)CC(=O)N)C)CC(=O)N)C)O.[CH2-][C@@H]1[C@H]([C@H]([C@@H](O1)N2C=NC3=C(N=CN=C32)N)O)O.[Co]
DB11195,C([C@H](C([C@H](CO)O)O)O)O
DB11200,C(C(=O)[O-])N.O.O.[Al+3].[Cl-].[Zr+4]
DB11201,C[C@@H]1CC[C@H]([C@@H](C1)OC(=O)C2=CC=CC=C2O)C(C)C
DB11203,[B]
DB11206,CCCCC(CC)COC1=CC(=C(C=C1)C2=NC(=NC(=N2)C3=CC=C(C=C3)OC)C4=C(C=C(C=C4)OCC(CC)CCCC)O)O
DB11207,CC(C)CCOC(=O)/C=C/C1=CC=C(C=C1)OC
DB11210,C(C(=O)[O-])N.C(C(=O)[O-])N.[Fe+2]
DB11217,C1=CC(=CC=C1O)O[C@H]2[C@@H]([C@H]([C@@H]([C@H](O2)CO)O)O)O
DB11219,CC1=CC=C(C=C1)/C=C/2\C3CCC(C2=O)(C3(C)C)C
DB11220,CCCCCCCCCCCCCCCCCCCCCCCCCCCCO
DB11221,COC1=CC(=C(C=C1)C(=O)C2=CC=CC=C2O)O
DB11226,CCCCC(CC)COC(=O)C(=C(C1=CC=CC=C1)C2=CC=C(C=C2)OC)C#N
DB11244,C[Si]1(O[Si](O[Si](O[Si](O[Si](O1)(C)C)(C)C)(C)C)(C)C)C
DB11250,CCCCCCCCCCCCCCCCCC(=O)OCC(CO)O
DB11257,[F-]
DB11259,COC1=C(C=C(C=C1)C2=CC(=O)C3=C(C=C(C=C3O2)O)O)O
DB11260,C[C@H]1C[C@]2([C@H]([C@H]1OC(=O)C3=CC=CC=C3)[C@H](C(=C)CC[C@H]4[C@H](C4(C)C)/C=C(/C2=O)\C)OC(=O)C)OC(=O)C
DB11262,CC(C)(C)CC(C)(C)C1=CC(=C(C(=C1)N2N=C3C=CC=CC3=N2)O)CC4=C(C(=CC(=C4)C(C)(C)CC(C)(C)C)N5N=C6C=CC=CC6=N5)O
DB11263,C1=CC(=CC=C1/C=C/C2=CC(=CC(=C2)O[C@H]3[C@@H]([C@H]([C@@H]([C@H](O3)CO)O)O)O)O)O
DB11269,CCCCCCOC(=O)C1=CC=CC=C1C(=O)C2=C(C=C(C=C2)N(CC)CC)O
DB11272,CC(C)C[C@@H](C(=O)OC)NC(=O)CCCCCCCCC=C
DB11273,CC(C)[C@H]1C(=O)N2CCC[C@H]2[C@]3(N1C(=O)[C@](O3)(C(C)C)NC(=O)[C@@H]4C[C@H]5[C@@H](CC6=CNC7=CC=CC5=C67)N(C4)C)O
DB11274,CC(C)C[C@H]1C(=O)N2CCC[C@H]2[C@]3(N1C(=O)[C@](O3)(C(C)C)NC(=O)[C@@H]4C[C@H]5[C@@H](CC6=CNC7=CC=CC5=C67)N(C4)C)O
DB11275,CC[C@@H](C)[C@H]1C(=O)N2CCC[C@H]2[C@]3(N1C(=O)[C@](O3)(C(C)C)NC(=O)[C@@H]4C[C@H]5[C@@H](CC6=CNC7=CC=CC5=C67)N(C4)C)O
DB11278,C[C@@H]([C@@H](C1=CC=CC=C1)O)N(C)C
DB11279,CCN(CC)C1=CC=C(C=C1)C(=C2C=CC(=[N+](CC)CC)C=C2)C3=CC=CC=C3
DB11282,CCN(CC)C(=O)C1=CC=CC(=C1)C
DB11283,CCCCCCCCCCCCCC(=O)OCC(COP(=O)([O-])OCC[N+](C)(C)C)OC(=O)CCCCCCCCCCCCC
DB11284,CCCCCCCCCCCCCC(=O)OCC(COP(=O)(O)OCC(CO)O)OC(=O)CCCCCCCCCCCCC
DB11296,C1=C(NC=N1)C[C@@H](C(=O)N[C@@H](CCCCN)C(=O)O)NC(=O)CN
DB11299,CCCCOCC1=CC(=C(C=C1)O)OC
DB11304,C1=CC=C(C=C1)OCCO
DB11323,C1=CC=C(C(=C1)C(=O)OCCO)O
DB11324,CCCCCCCCC(=O)NCC1=CC(=C(C=C1)O)OC
DB11326,B(O)(O)O
DB11327,C1=CC=[N+](C(=C1)SSC2=CC=CC=[N+]2[O-])[O-]
DB11328,CCCCC(CC)CCC(CC(C)C)OS(=O)(=O)O
DB11331,CCCCCCCCCCCCCCCC(=O)OC[C@H](COP(=O)(O)OCC(CO)O)OC(=O)CCCCCCC/C=C\CCCCCCCC
DB11332,CC(C)C[C@@H](C(=O)N[C@@H](CC(C)C)C(=O)N[C@@H](CC(C)C)C(=O)N[C@@H](CC(C)C)C(=O)N[C@@H](CCCCN)C(=O)N[C@@H](CC(C)C)C(=O)N[C@@H](CC(C)C)C(=O)N[C@@H](CC(C)C)C(=O)N[C@@H](CC(C)C)C(=O)N[C@@H](CCCCN)C(=O)N[C@@H](CC(C)C)C(=O)N[C@@H](CC(C)C)C(=O)N[C@@H](CC(C)C)C(=O)N[C@@H](CC(C)C)C(=O)N[C@@H](CCCCN)C(=O)N[C@@H](CC(C)C)C(=O)N[C@@H](CC(C)C)C(=O)N[C@@H](CC(C)C)C(=O)N[C@@H](CC(C)C)C(=O)N[C@@H](CCCCN)C(=O)O)NC(=O)[C@H](CCCCN)N
DB11336,C1=COC(=C1)CNC2=NC=NC3=C2NC=N3
DB11337,C/C(=C\CNC1=NC=NC2=C1NC=N2)/CO
DB11340,CC1=C(C(=C(C(=C1O)OC)OC)O)C/C=C(\C)/CC/C=C(\C)/CC/C=C(\C)/CC/C=C(\C)/CC/C=C(\C)/CC/C=C(\C)/CC/C=C(\C)/CC/C=C(\C)/CC/C=C(\C)/CCC=C(C)C
DB11343,O[Si]
DB11345,C[C@]12CC[C@H](C1(C)C)CC2=O
DB11349,CCCCCCCCCCCCCCCCOC(=O)C(CC)CCCC
DB11359,COC1=CC=CC=C1O
DB11364,C1CC(=O)N[C@@H]1C(=O)N2CSC[C@H]2C(=O)O
DB11365,C1=CC2=C(C(=C1)OC3C(C(C(C(O3)CO)O)O)O)C(=O)C4=C(C2C5C6=C(C(=CC=C6)OC7C(C(C(C(O7)CO)O)O)O)C(=O)C8=C5C=C(C=C8O)C(=O)O)C=C(C=C4O)C(=O)O
DB11366,CN1C2=CC=CC=C2C(=C(C1=O)C(=O)N(C)C3=CC=CC=C3)O
DB11367,COC1=C(N2[C@@H]([C@@H](C2=O)NC(=O)[C@@H](C3=CCC=CC3)N)SC1)C(=O)O
DB11368,C1=CC(=CC=C1OCCO)Cl
DB11371,CC(=O)[C@H]1CC[C@@H]2[C@@]1(CC(=O)[C@H]3[C@H]2CC[C@@H]4[C@@]3(CC[C@H](C4)O)C)C
DB11372,C[C@]12C=CC3=C4CCC(=O)C=C4CC[C@H]3[C@@H]1CC[C@]2(CC=C)O
DB11373,CC1=CC(=C(C=C1)N=CN(C)C=NC2=C(C=C(C=C2)C)C)C
DB11376,C1CN(CCN1CCCC(=O)C2=CC=C(C=C2)F)C3=CC=CC=N3
DB11377,C[C@@H]1[C@H]([C@@H]([C@H]([C@@H](O1)O[C@@H]2[C@H](O[C@H]([C@@H]([C@H]2O)NC(=O)C)O[C@@H]3[C@H]([C@]([C@H](O[C@@H]3OP(=O)(O)OC[C@H](C(=O)OCC/C=C(\C)/CC/C=C/C(C)(C)CCC(=C)C/C=C(\C)/CCC=C(C)C)O)C(=O)O)(C)O)OC(=O)N)CO[C@H]4[C@@H]([C@H]([C@@H]([C@H](O4)CO)O)O)O)NC(=O)C)O)O[C@H]5[C@@H]([C@H]([C@H]([C@H](O5)C(=O)NC6=C(CCC6=O)O)O)O)O
DB11382,C1=CC(=CC=C1NC(=O)N)[As](=O)(O)O
DB11383,C[C@@H]1C[C@@H]([C@@H]([C@H]([C@@H](CC(=O)O[C@@H](C[C@H]2[C@@H](O2)/C=C/C1=O)C)OC(=O)C)OC)O[C@H]3[C@@H]([C@H]([C@@H]([C@H](O3)C)O[C@H]4C[C@@]([C@H]([C@@H](O4)C)OC(=O)CC(C)C)(C)O)N(C)C)O)CC=O
DB11386,CC(C)(C(Cl)(Cl)Cl)O
DB11387,C(Cl)(Cl)Cl
DB11390,CCOP(=S)(OCC)OC1=CC2=C(C=C1)C(=C(C(=O)O2)Cl)C
DB11392,COP(=S)(OC)OC1=CC=C(C=C1)S(=O)(=O)N
DB11393,CN1C[C@@H]2C[C@H]1CN2C3=C(C=C4C(=C3)N(C=C(C4=O)C(=O)O)C5CC5)F
DB11394,CCCCCCCCCCOC1=C(C=C2C(=C1)C(=O)C(=CN2)C(=O)OCC)OCC
DB11395,COC1=C(C=C(C=C1)C2=CC(=NN2C3=CC=C(C=C3)S(=O)(=O)N)C(F)F)F
DB11396,C1=CC(=C(C=C1Cl)CC2=C(C=CC(=C2)Cl)O)O
DB11397,COP(=O)(OC)OC=C(Cl)Cl
DB11398,C1=CC(=CC=C1C(C#N)C2=C(C=C(C=C2Cl)N3C(=O)NC(=O)C=N3)Cl)Cl
DB11399,CN1C2=C(C=C(C=C2)NC(=O)C3=CC=CC=C3C4=CC=C(C=C4)C(F)(F)F)C=C1C(=O)N[C@@H](C5=CC=CC=C5)C(=O)N(C)CC6=CC=CC=C6
DB11400,C[C@H]1/C=C/C=C/2\CO[C@H]3[C@@]2([C@@H](C=C([C@H]3O)C)C(=O)O[C@H]4C[C@@H](C/C=C(/[C@H]1O[C@H]5C[C@@H]([C@H]([C@@H](O5)C)O[C@H]6C[C@@H]([C@H]([C@@H](O6)C)O)OC)OC)\C)O[C@]7(C4)C=C[C@@H]([C@H](O7)C8CCCCC8)C)O
DB11403,C[C@@H]1C(=O)N([C@H](C(=O)O[C@@H](C(=O)N([C@H](C(=O)O[C@@H](C(=O)N([C@H](C(=O)O[C@@H](C(=O)N([C@H](C(=O)O1)CC(C)C)C)CC2=CC=C(C=C2)N3CCOCC3)CC(C)C)C)C)CC(C)C)C)CC4=CC=C(C=C4)N5CCOCC5)CC(C)C)C
DB11404,CCN1CCN(CC1)C2=C(C=C3C(=C2)N(C=C(C3=O)C(=O)O)C4CC4)F
DB11410,COC(=O)NC1=NC2=C(N1)C=C(C=C2)SC3=CC=CC=C3
DB11412,CC1=C(C=CC(=C1)OP(=S)(OC)OC)SC
DB11413,CS(=O)(=O)C1=CC=C(C=C1)[C@H]([C@@H](CF)NC(=O)C(Cl)Cl)O
DB11416,CCCN1C[C@@H]([C@H]([C@]([C@H](OC(=O)[C@@H]([C@H]([C@@H]([C@H]([C@](C[C@H]1C)(C)O)O[C@H]2[C@@H]([C@H](C[C@H](O2)C)N(C)C)O)C)O[C@H]3C[C@@]([C@H]([C@@H](O3)C)O)(C)OC)C)CC)(C)O)O)C
DB11417,C([C@@H]1[C@H]([C@@H]([C@H]([C@H](O1)OCC(C(C(C(C(C(=O)[O-])O)O)O)O)O)O)O)O)O.OO.[Fe]
DB11421,C1CN(/C(=N/[N+](=O)[O-])/N1)CC2=CN=C(C=C2)Cl
DB11423,CC[C@H]([C@@H]1[C@H](C[C@@](O1)(CC)[C@H]2CC[C@@]([C@@H](O2)C)(CC)O)C)C(=O)[C@@H](C)[C@H]([C@H](C)CCC3=C(C(=C(C=C3)C)O)C(=O)O)O
DB11424,C1=CC(=C(C(=C1)F)C(=O)NC(=O)NC2=CC(=C(C=C2Cl)OC(C(C(F)(F)F)F)(F)F)Cl)F
DB11426,CN1CCN(CC1)C2=C(C=C3C4=C2OCN(N4C=C(C3=O)C(=O)O)C)F
DB11427,CC(C)(C)C1=CC(=C(C=C1)OC)CN[C@@H]2[C@@H](N3CCC2CC3)C(C4=CC=CC=C4)C5=CC=CC=C5
DB11428,CC1=C(C(=CC=C1)C(C)C2=CN=CN2)C
DB11429,C[C@@H]1CC2=CC(=O)CC[C@@H]2[C@@H]3[C@@H]1[C@@H]4CC[C@]([C@]4(CC3)C)(C)O
DB11430,CC[C@]1(CC[C@@H](O1)[C@@]2(CC[C@@]3(O2)C[C@@H]([C@H]([C@H](O3)[C@@H](C)[C@H]([C@H](C)C(=O)O)OC)C)O)C)[C@H]4[C@H](C[C@@H](O4)[C@@H]5[C@H](C[C@H]([C@@](O5)(CO)O)C)C)C
DB11431,C[C@@H]\1C/C(=C/C[C@@H]2C[C@@H](C[C@@]3(O2)C/C(=N\OC)/[C@@H]([C@H](O3)/C(=C/C(C)C)/C)C)OC(=O)[C@@H]4C=C([C@H]([C@@H]5[C@]4(/C(=C/C=C1)/CO5)O)O)C)/C
DB11432,CC[C@H]([C@H]1[C@H](C[C@@H]([C@@H](O1)[C@@H](C)[C@@H]([C@H](C)C(=O)[C@H](CC)[C@@H]2[C@H](C[C@H]([C@]3(O2)C=C[C@H]([C@@]4(O3)CC[C@@](O4)(C)[C@H]5CC[C@@]([C@@H](O5)C)(CC)O)O)C)C)O)C)C)C(=O)O
DB11433,CCCCC1=CC2=C(C=C1OCC3=CC=CC=C3)NC=C(C2=O)C(=O)OC
DB11437,C1=CC(=CC=C1[N+](=O)[O-])[As](=O)(O)O
DB11438,CCN(CC1=CN=C(C=C1)Cl)/C(=C/[N+](=O)[O-])/NC
DB11440,C[C@H]1C[C@]2([C@@H](CC[C@@]2(C(=O)C)OC(=O)C)[C@H]3[C@H]1[C@H]4CCC(=O)C=C4CC3)C
DB11442,C[C@@H]1C[C@@H]([C@H]([C@@H](O1)O[C@H]2[C@H](C[C@@]3(CO3)C(=O)[C@@H]([C@H]([C@H]([C@H](OC(=O)[C@@H]([C@H]([C@@H]2C)O[C@H]4C[C@@H]([C@H]([C@@H](O4)C)O)OC)C)C)C)O)C)C)O)N(C)C
DB11443,C[C@@H]1CN(C[C@@H](N1)C)C2=C(C3=C(C(=C2F)F)C(=O)C(=CN3C4CC4)C(=O)O)F
DB11446,COC(=O)NC1=NC2=C(N1)C=C(C=C2)S(=O)C3=CC=CC=C3
DB11447,C1=CC=C2C(=C1)NC3=CC=CC=C3S2
DB11448,COP(=S)(OC)SCN1C(=O)C2=CC=CC=C2C1=O
DB11451,CC1CO1.C1CO1
DB11452,CC1=C(C=CC(=C1)N2C(=O)NC(=O)N(C2=O)C)OC3=CC=C(C=C3)S(=O)(=O)C(F)(F)F
DB11453,C1C[C@H]2CN(C[C@H]2NC1)C3=C(C=C4C(=C3C#N)N(C=C(C4=O)C(=O)O)C5CC5)F
DB11454,CCCCC[C@](C)(/C=C/[C@H]1[C@@H](C[C@@H]([C@@H]1CC=C=CCCC(=O)OC)O)O)O
DB11455,CCC1=CC(=C(C=C1)NC2=C(C(=CC(=C2F)F)F)F)CC(=O)O
DB11457,CC(=C)[C@H]1CC2=C(O1)C=CC3=C2O[C@@H]4COC5=CC(=C(C=C5[C@@H]4C3=O)OC)OC
DB11458,C1=CC(=C(C=C1[As](=O)(O)O)[N+](=O)[O-])O
DB11459,C[C@H]1CC[C@]2(C[C@@H]3C[C@H](O2)C/C=C(/[C@H]([C@H](/C=C/C=C/4\CO[C@H]\5[C@@]4([C@@H](C=C(/C5=N/O)C)C(=O)O3)O)C)O[C@H]6C[C@@H]([C@H]([C@@H](O6)C)O)OC)\C)O[C@@H]1C7CCCCC7
DB11460,CC(=CCC/C(=C/CC/C(=C/CC/C=C(/CC/C=C(/CCC=C(C)C)\C)\C)/C)/C)C
DB11461,C1=CC(=CC=C1N)S(=O)(=O)NC2=NN=C(C=C2)Cl
DB11464,C1=CC=C2C(=C1)N=CC(=N2)NS(=O)(=O)C3=CC=C(C=C3)N
DB11466,CN(C(=O)CCC1=NN(C(=C1)C2=CC=C(C=C2)Cl)C3=CC=C(C=C3)OC)O
DB11467,CCC(C)C1C(=NC(C(=NC(=C)C(=NC(C(=NC23CCC(=NC2C4=CSC(=N4)C(C(OC(=O)C5=NC6=C(C=CC(C6O)N1)C(=C5)C(C)O)C)N=C(C7=CSC(=N7)C(N=C(C8CSC(=N8)/C(=C\C)/N=C(C(N=C(C9=CSC3=N9)O)C(C)O)O)O)C(C)(C(C)O)O)O)C1=NC(=CS1)C(=NC(=C)C(=NC(=C)C(=N)O)O)O)O)C)O)O)C)O
DB11468,CCN(CC)CCSCC(=O)O[C@@H]1C[C@@]([C@H]([C@@H]([C@@]23CC[C@H]([C@@]1([C@@H]2C(=O)CC3)C)C)C)O)(C)C=C
DB11470,CC[C@@H]1[C@H](/C=C(/C=C/C(=O)[C@@H](C[C@@H]([C@@H]([C@H]([C@@H](CC(=O)O1)O)C)O[C@H]2[C@@H]([C@H]([C@@H]([C@H](O2)C)O)N(C)C)O)CCN3CCCCC3)C)\C)CN4CCCCC4
DB11471,CC[C@@H]1[C@H](/C=C(/C=C/C(=O)[C@@H](C[C@@H]([C@@H]([C@H]([C@@H](CC(=O)O1)O)C)O[C@H]2[C@@H]([C@H]([C@@H]([C@H](O2)C)O)N(C)C)O)CCN3C[C@@H](C[C@@H](C3)C)C)C)\C)CO[C@H]4[C@@H]([C@@H]([C@@H]([C@H](O4)C)O)OC)OC
DB11473,COP(=O)(C(C(Cl)(Cl)Cl)O)OC
DB11474,CCCNC[C@@]1([C@@H](O[C@H](C[C@@]1(C)OC)O[C@H]2[C@@H]([C@H]([C@](C[C@H](CN[C@@H]([C@H]([C@]([C@H](OC(=O)[C@@H]2C)CC)(C)O)O)C)C)(C)O)O[C@H]3[C@@H]([C@H](C[C@H](O3)C)N(C)C)O)C)C)O
DB11475,CC[C@@H]1[C@H](/C=C(/C=C/C(=O)[C@@H](C[C@@H]([C@@H]([C@H]([C@@H](CC(=O)O1)O)C)O[C@H]2[C@@H]([C@H]([C@@H]([C@H](O2)C)O[C@H]3C[C@@]([C@H]([C@@H](O3)C)O)(C)O)N(C)C)O)CC=O)C)\C)CO[C@H]4[C@@H]([C@@H]([C@@H]([C@H](O4)C)O)OC)OC
DB11476,CC[C@@H]1C(=O)N2CCC[C@H]2C(=O)N([C@H](C(=O)N3CCC(=O)C[C@H]3C(=O)N[C@H](C(=O)O[C@@H]([C@@H](C(=O)N1)NC(=O)C4=C(C=CC=N4)O)C)C5=CC=CC=C5)CC6=CC=CC=C6)C.C[C@@H]1/C=C/C(=O)NC/C=C/C(=C/[C@H](CC(=O)CC2=NC(=CO2)C(=O)N3CCC=C3C(=O)O[C@@H]1C(C)C)O)/C
DB11477,CC1=C(C(=CC=C1)C)NC2=NCCCS2
DB11478,C[C@H]1CCC[C@@H](CCCCCC2=C(C(=CC(=C2)O)O)C(=O)O1)O
DB11479,CC(C)N[C@@H]1CCN2C3=C([C@H]1O)C=CC=C3NC2=O
DB11480,CC1=C(C=C(C=C1[N+](=O)[O-])[N+](=O)[O-])C(=O)N
DB11481,CCC1(CC2=CC=CC=C2C1)C3=CN=CN3
DB11485,CO/N=C(/C1=CSC(=N1)N)\C(=O)N[C@H]2[C@@H]3N(C2=O)C(=C(CS3)CSC(=O)C4=CC=CO4)C(=O)O
DB11487,C[C@@H]1C[C@H]2[C@@H]3CCC4=CC(=O)C=C[C@@]4([C@]3([C@H](C[C@@]2([C@]1(C(=O)COC(=O)C5=CC=NC=C5)O)C)O)F)C
DB11490,C=CCN1CC[C@]23[C@@H]4[C@H]1CC5=C2C(=C(C=C5)O)O[C@H]3[C@H](C=C4)O
DB11491,C1CN(CCN1)C2=C(C=C3C(=C2)N(C=C(C3=O)C(=O)O)C4=CC=C(C=C4)F)F
DB11493,[O-]P(=O)([O-])OP(=O)([O-])OP(=O)([O-])[O-].[Na+].[Na+].[Na+].[Na+].[Na+]
DB11501,CCCCCCOC1=CC=C(C2=CC=CC=C21)C(=N)N(CCCC)CCCC
DB11504,CCN(CC)CCOC(=O)C1(CCCC1)C2=CC=CC=C2
DB11510,CCNC(=O)[C@@H]1CCCN1C(=O)[C@H](CCCN=C(N)N)NC(=O)[C@H](CC(C)C)NC(=O)[C@@H](CC2=CNC3=CC=CC=C32)NC(=O)[C@H](CC4=CC=C(C=C4)O)NC(=O)[C@H](CO)NC(=O)[C@H](CC5=CNC6=CC=CC=C65)NC(=O)[C@H](CC7=CN=CN7)NC(=O)[C@@H]8CCC(=O)N8
DB11511,CN1CCN(CC1)C2=C(C=C3C(=C2)N(C=C(C3=O)C(=O)O)C4=CC=C(C=C4)F)F
DB11512,C[C@H]1[C@@]([C@H]([C@@H](O1)O[C@@H]2[C@H]([C@@H]([C@H]([C@@H]([C@H]2O)O)N=C(N)N)O)N=C(N)N)O[C@H]3[C@H]([C@@H]([C@H]([C@@H](O3)CO)O)O)NC)(CO)O
DB11518,CC1=C(C=CC=C1NC2=C(C=CC=N2)C(=O)O)C(F)(F)F
DB11520,CN[C@H]1C[C@H]([C@@H]([C@H]([C@@H]1O)O[C@H]2[C@@H]3[C@H]([C@H]([C@H](O2)CO)O)OC4(O3)[C@@H]([C@H]([C@H]([C@H](O4)[C@H](CO)N)O)O)O)O)N
DB11521,C1CN=C(N1)C2=CC(=CC=C2)NC(=O)NC3=CC=CC(=C3)C4=NCCN4
DB11525,C[C@H]1C[C@H]([C@@](O[C@@H]1[C@H]2C[C@@H]([C@@H](O2)[C@@]3(CC[C@@H](O3)[C@@]4(CC[C@@]5(O4)C[C@@H]([C@H]([C@H](O5)[C@@H](C)[C@H]6[C@@H]([C@H]([C@@H]([C@](O6)(CC(=O)O)O)C)OC)OC)C)O)C)C)O[C@@H]7C[C@@H]([C@H]([C@@H](O7)C)OC)OC)(C)O)C.N
DB11526,CC1=C(C=C(C=C1)NC(=O)C2=CC=C(C=C2)CN3CCN(CC3)C)NC4=NC(=CS4)C5=CN=CC=C5
DB11529,CC1=C[C@@H]2[C@H](CC[C@]3([C@H]2CC(=C)[C@@]3(C(=O)C)O)C)[C@@]4(C1=CC(=O)CC4)C
DB11537,CC[C@@H]1CCN[C@@H](C1)C(=O)N[C@@H]([C@@H]2[C@@H]([C@@H]([C@H]([C@H](O2)SC)O)O)O)[C@H](C)Cl
DB11543,C1CN=C(N1)NC2=C(C=CC=C2Br)F
DB11549,CCNC1(CCCCC1=O)C2=CC=CS2
DB11551,C[C@]12C=CC3=C4CCC(=O)C=C4CC[C@H]3[C@@H]1CC[C@@H]2O
DB11552,CCOC(=O)C1=CC(=CC=C1)N
DB11555,CC1=NN(C2=C1C(=NCC(=O)N2C)C3=CC=CC=C3F)C
DB11556,CC1=C(C(=CC=C1)CC2=CN=CN2)C
DB11558,CC1=CC=CC=C1
DB11561,C1=CC=C2C(=C1)C(=C3C=CC=CC3=N2)N
DB11562,CN1CCC2=CC3=C(C=C2[C@H]1[C@H]4C5=C(C6=C(C=C5)OCO6)C(=O)O4)OCO3
DB11570,CCCCC(CC)COC(=O)C1=CC=C(C=C1)N(C)C
DB11573,O.[OH-].[OH-].[OH-].[OH-].[OH-].[Al+3].[Al+3].[Cl-]
DB11576,O=[Fe]O[Fe]=O
DB11577,C1=CC2=C(C=C1S(=O)(=O)O)C(=C(N2)C3=NC4=C(C3=O)C=C(C=C4)S(=O)(=O)O)O
DB11582,CC(=O)N[C@H]1CCC2=CC(=C(C(=C2C3=CC=C(C(=O)C=C13)SC)OC)OC)O[C@H]4[C@@H]([C@H]([C@@H]([C@H](O4)CO)O)O)O
DB11583,CCCCCCCCCCCCCCCC[N+](C)(C)CC1=CC=CC=C1
DB11584,C1CCNC(C1)C(C2=CC=CC=C2)(C3=CC=CC=C3)O
DB11585,CC1=CC(=C(C(=C1)N2N=C3C=CC=CC3=N2)O)CC(C)C[Si](C)(O[Si](C)(C)C)O[Si](C)(C)C
DB11587,CCN(C)[C@@H](C)[C@@H](C1=CC=CC=C1)O
DB11588,[C-]#[O+]
DB11589,[Ne]
DB11591,CCOCCN1C2=CC=CC=C2N=C1C3CCN(CC3)CCC4=CC=C(C=C4)C(C)(C)C(=O)O
DB11592,C1C(=C(N2[C@H](S1)[C@@H](C2=O)NC(=O)CC3=CC=CS3)C(=O)O)/C=C/C4=C(C=C(C=C4)[N+](=O)[O-])[N+](=O)[O-]
DB11594,CCCCCCCCCCCC[N+](C)(C)CCOC1=CC=CC=C1
DB11602,CC(COCC1C(C(C(C(O1)OC2C(OC(C(C2OCC(C)O)OCC(C)O)OCC(C)O)COCC(C)O)OCC(C)O)OCC(C)O)OCC(C)O)O
DB11611,CS(=O)(=O)C1=CC=CC(=C1)C[C@@H](C(=O)O)NC(=O)C2=C(C=C3CN(CCC3=C2Cl)C(=O)C4=CC5=C(C=C4)C=CO5)Cl
DB11618,C[C@H]1[C@H]([C@H](C[C@@H](O1)O[C@H]2C[C@@](CC3=C2C(=C4C(=C3O)C(=O)C5=C(C4=O)C(=CC=C5)OC)O)(C(=NNC(=O)C6=CC=CC=C6)C)O)N)O
DB11622,C[C@H](CCC(=O)O)[C@H]1CC[C@@H]2[C@@]1(C(=O)C[C@H]3[C@H]2C(=O)C[C@H]4[C@@]3(CCC(=O)C4)C)C
DB11623,COCCOC[C@H](CC1(CCCC1)C(=O)NC2CCC(CC2)C(=O)O)C(=O)O
DB11625,C(C(C(F)(F)F)(F)F)(C(C(F)(F)F)(F)F)(F)F
DB11628,CC(C)[C@H]1C(=O)N[C@H](C(=O)N([C@H](C(=O)N[C@H](C(=O)N[C@@H](C(=O)N[C@H](C(=O)N1)CCCCN)CC2=CNC3=CC=CC=C32)CC4=CC=C(C=C4)O)CC5=CC=CC=C5)C)CCSCC(=O)NC[C@@H](C(=O)N[C@@H](CCCCN)C(=O)N[C@@H](CS)C(=O)N[C@@H](CCCCN)C(=O)N)N
DB11629,CS(=O)(=O)C1=CC(=CC2=C1N(C3=C2CC[C@@H]3CC(=O)O)CC4=CC=C(C=C4)Cl)F
DB11637,C[C@@]1(CN2C=C(N=C2O1)[N+](=O)[O-])COC3=CC=C(C=C3)N4CCC(CC4)OC5=CC=C(C=C5)OC(F)(F)F
DB11638,C[C@@H]1CC[C@H]2[C@H](C(O[C@H]3[C@@]24[C@H]1CC[C@](O3)(OO4)C)O)C
DB11645,CN1C(=CC=N1)C2=CC=C(C=C2)SC3=CC=CC(=C3)C4(CCOCC4)C(=O)N
DB11647,C1[C@@H]2CC3=C(C(=CC=C3)O)C(=C2C(=O)[C@]4([C@@H]1CC(=O)C(=C4O)C(=O)N)O)O
DB11648,CN1C(=C(C=N1)Cl)C2=C(SC(=C2)C(=O)N[C@@H](CC3=CC(=CC=C3)F)CN)Cl
DB11649,CCC1=C(C(=NN1CCO)CC)OC2=CC(=CC(=C2)C#N)C#N
DB11650,CC1=CC(=CC=C1)C[C@@H]2C[C@H](CNC2=O)C3=CC(=C(C=C3)OC)OC4CCCC4
DB11651,CC(C)(C#N)C1=CC=C(C=C1)N2C3=C4C=C(C=CC4=NC=C3N(C2=O)C)C5=CC6=CC=CC=C6N=C5
DB11654,COCN1C(=O)C(C(=O)N(C1=O)COC)(C2=CC=CC=C2)C3=CC=CC=C3
DB11655,CC1=CC(=C2C(=C1)[C@H](CCCN2CC3CCC(CC3)C(=O)O)N(CC4=CC(=CC(=C4)C(F)(F)F)C(F)(F)F)C5=NN(N=N5)C)C
DB11656,C1=CC=C2C(=C1)C(=CC(=O)N2)CC(C(=O)O)NC(=O)C3=CC=C(C=C3)Cl
DB11658,CC1=C(C2=C(N1CC3=CC=C(C=C3)S(=O)(=O)C)N=CC=C2)CC(=O)O
DB11659,[In]
DB11662,CC1=CC(=C(C=C1Br)NC(=O)NC2=NC=C(N=C2)C)OC[C@@H]3CNCCO3
DB11663,CS(=O)(=O)N1CCN(CC1)CC2=CC3=C(S2)C(=NC(=N3)C4=C5C=NNC5=CC=C4)N6CCOCC6
DB11664,CN(C)CCC1=CNC2=C1C(=CC=C2)OP(=O)(O)O
DB11665,COC1=CC=CC(=C1)NC2=NC=NN3C2=C(C=C3)CN4CC[C@H]([C@@H](C4)O)N
DB11666,C1COCCN1C2=NC(=NC(=C2)C3=CN=C(C=C3C(F)(F)F)N)N4CCOCC4
DB11667,C1=CN(C(=O)N=C1N)[C@H]2[C@H]([C@@H]([C@H](O2)CO)O)C#N
DB11669,CC1=C2[C@H](C(=O)[C@@]3([C@H](C[C@@H]4[C@]([C@H]3[C@@H]([C@@]5(C2(C)C)[C@H]([C@@H]1OC(=O)[C@@H]([C@H](CC(C)C)NC(=O)OC(C)(C)C)O)OC(=O)O5)OC(=O)C6=CC=CC=C6)(CO4)OC(=O)C)O)C)OC(=O)C
DB11670,CC(=O)N(CCCCNCCCN1C(=O)C2=CC=CC=C2NC1=O)CCCN3C(=O)C4=CC=CC=C4NC3=O
DB11671,CC1=CC=C(C=C1)C(=O)N(CCCN)C(C2=NC3=C(C(=NS3)C)C(=O)N2CC4=CC=CC=C4)C(C)C
DB11672,COC1=C(C=CC(=C1)/C=C/C(=O)CC(=O)/C=C/C2=CC(=C(C=C2)O)OC)O
DB11673,CC1=NC=C(C(=C1O)CN)CO
DB11674,C1[C@H](COC2=C1C=CC(=C2)O)C3=CC=C(C=C3)O
DB11675,CCOC1=CC(=C(C=C1C(=O)NCC2CN(CCO2)CC3=CC=C(C=C3)F)Cl)N
DB11676,C1=C(C2=C(N1)C(=NC=N2)N)[C@H]3[C@@H]([C@@H]([C@H](N3)CO)O)O
DB11678,CS(=O)(=O)OC[C@@H]([C@H](COS(=O)(=O)C)O)O
DB11679,CC1=C(C2=C(O1)C=C(C=C2)OC3=NC=NC4=CC(=C(C=C43)OC)OC)C(=O)NC
DB11681,CCC1=NN(C2=C1CCN3C2=NN=C3C4=CC=CS4)C5CCCC5
DB11682,C1CCC(CC1)N2C(=O)C(C(=O)N(C2=O)C3CCCCC3)C(=O)NCC(=O)O
DB11683,COC1=C(C=C(C=C1)Cl)C2=CC(=O)NC(=S)N2CC(=O)N
DB11684,COCC1(C(=O)C2CCN1CC2)CO
DB11686,CN1CCCC[C@H]1CCC2=CC=CC=C2NC(=O)/C=C/C3=CC=CC=C3
DB11687,CCNC1=CC\2=C(C(=C1)O)C(=O)O[C@H]([C@@H](/C=C\C(=O)[C@H]([C@H](C/C=C2)O)O)C)C
DB11688,CN(CC(=O)N)C(=O)N(CCCl)N=O
DB11692,CC[C@@H](C1=CC=CC=C1)NC(=O)C2=C(C(=NC3=CC=CC=C32)C4=CC=CC=C4)NS(=O)(=O)C
DB11693,CC[C@H]1C(=O)N(CC(=O)N([C@H](C(=O)N[C@H](C(=O)N([C@H](C(=O)N[C@H](C(=O)N[C@@H](C(=O)N([C@H](C(=O)N([C@H](C(=O)N([C@H](C(=O)N([C@H](C(=O)N1)[C@@H]([C@H](C)C/C=C/C=C)O)C)C(C)C)C)CC(C)C)C)CC(C)C)C)C)C)CC(C)C)C)C(C)C)CC(C)C)C)C
DB11694,C1=CC(=CC(=C1)F)NC(=O)NC2=CC=C(C=C2)C3=CSC4=C3C(=NC=C4C5=CN(N=C5)CCO)N
DB11695,C1=C(NC=N1)C[C@@H](C(=O)O)NC(=O)CCN
DB11696,CC(=O)SCC(CC1=CC=CC=C1)C(=O)NCC(=O)OCC2=CC=CC=C2
DB11697,C1CCN(C1)CCOC2=C3COC/C=C/COCC4=CC(=CC=C4)C5=NC(=NC=C5)NC(=C3)C=C2
DB11698,C1=CC=C2C(=C1)C=C(S2)CC3=C(C=CC(=C3)[C@H]4[C@@H]([C@H]([C@@H]([C@H](O4)CO)O)O)O)F
DB11700,C[C@@H]1C(=O)N[C@H](C(=O)N[C@@H](C(=O)N[C@H](C(=O)N[C@H](C(=O)N[C@@H](CSSC[C@@H](C(=O)N1)NC(=O)[C@H](CCCN=C(N)N)NC(=O)C)C(=O)N)CC2=CNC3=CC=CC=C32)CCCN=C(N)N)CC4=CC=CC=C4)CC5=CN=CN5
DB11701,CC1=C(C(=CC=C1)C)N(CC(=O)NC2=CC=C(C=C2)C3=NOC=N3)C(=O)C4CCS(=O)(=O)CC4
DB11702,C1CC(=O)NC(=O)[C@H]1NC(=O)CC2=CC=CC=C2
DB11704,CC1=CC(=CC(=C1C2=CC=C(C=C2)C(C)(C)C)C)O[C@@H](CCC(F)(F)F)C3=CC=C(C=C3)C(=O)NCCC(=O)O
DB11705,CN(C1=C(C(=C(C(=C1I)C(=O)NCC(CO)O)I)C(=O)NCC(CO)O)I)C(=O)CO
DB11706,C1C[C@H](N[C@H]1C2=CC=C(C=C2)OCC3=CC=CC=C3F)C(=O)N
DB11708,C1[C@@H]2CC3(C[C@@H](C2NC4=C5C=CNC5=NC=C4C(=O)N)CC1C3)O
DB11709,CC(=O)N[C@@H](CCC(=O)O)C(=C)N[C@@H](CCC(=O)O)C(=O)N[C@@H](CCSC)C(=O)N[C@@H](CCC(=O)N)C(=O)N[C@@H](CCCN=C(N)N)C(=O)N[C@@H](CCCN=C(N)N)C(=O)N
DB11710,C[N+]1=CC=CC(=C1)C(=O)N
DB11711,CCC[C@H](C1=CC=C(O1)C)NC2=C(C(=O)C2=O)CC3=C(C(=CC=C3)C(=O)N(C)C)O
DB11712,CC(C)(CO)C1=CC2=CC(=C(C=C2N1C[C@H](CO)O)F)NC(=O)C3(CC3)C4=CC5=C(C=C4)OC(O5)(F)F
DB11713,CC(C)[C@@H](C(=O)N1CCC[C@H]1C2=NC=C(N2)C3=CC4=C(C=C3)N5[C@@H](OC6=C(C5=C4)C(=CC(=C6)C7=CN=C(N7)[C@@H]8CCCN8C(=O)[C@H](C(C)C)NC(=O)OC)F)C9=CN=C(S9)C1CC1)NC(=O)OC
DB11716,COCC(CN1C=CN=C1[N+](=O)[O-])O
DB11717,C1=CC(=C(C=C1N=C(C2=NON=C2NCCNS(=O)(=O)N)NO)Br)F
DB11719,CN(C)CC1=C(C=CC(=C1)S(=O)(=O)N)OC2=CC=C(C=C2)SC
DB11720,CC[C@H](C)[C@@H](C(=O)N[C@@H](CC1=CN=CN1)C(=O)N2CCC[C@H]2C(=O)O)NC(=O)[C@H](CC3=CC=C(C=C3)O)NC(=O)[C@H](C(C)C)NC(=O)[C@H](CCCN=C(N)N)NC(=O)[C@H](CC(=O)O)N
DB11721,CCC1=CN=C(C=C1)C(=O)COC2=CC=C(C=C2)CC3C(=O)NC(=O)S3
DB11723,B([C@@H]1CCCN1C(=O)CN[C@@H]2CCNC2)(O)O
DB11724,C[C@@H](C(=O)N[C@@H](C(C)C)C(=O)NCC(=O)N[C@@H](CC1=CNC=N1)C(=O)N[C@@H](CC(C)C)C(=O)N[C@@H](CCSC)C(=O)N)NC(=O)[C@H](CC2=CNC3=CC=CC=C32)NC(=O)[C@H](CCC(=O)N)NC(=O)[C@H](CC(=O)N)NC(=O)CNC(=O)[C@H](CC(C)C)NC(=O)[C@H](CCCNC(=N)N)NC(=O)[C@H](CCC(=O)N)NC(=O)[C@@H]4CCC(=O)N4
DB11725,CC1=CC2=C(C=C1)N(C3=C2CN(CC3)C)CCC4=CN=C(C=C4)C
DB11726,C1CN2CCC1[C@H](C2)NC(=O)C3=CC4=C(S3)C(=CC=C4)Cl
DB11729,CCCC[C@@]1(CS(=O)(=O)C2=C(C=C(C(=C2)CNC(CC(=O)O)CC(=O)O)OC)[C@H](N1)C3=CC=CC=C3)CC
DB11734,CC1=C(C=CC(=C1)C(=O)N2CCCCC3=CC=CC=C32)CNC(=O)N4CCC[C@H]4C(=O)N(C)C
DB11735,C([C@H]([C@@H]([C@@H]([C@H](C=O)O)O)O)O)O
DB11736,CCN(C)C1=NC2=C(C(=N1)NC3=NC=CC(=C3)C)N(N=C2C(=O)NS(=O)(=O)C)CCOCC
DB11738,C1CC1C(C2CC2)NC3=NCCO3
DB11739,CNCC1=CN(C(=C1)C2=CC=CC=C2F)S(=O)(=O)C3=CN=CC=C3
DB11740,CC(C)(C1=NC(=CC=C1)N2C3=NC(=NC=C3C(=O)N2CC=C)NC4=CC=C(C=C4)N5CCN(CC5)C)O
DB11741,CCN(CC)CCN1CCC2=C(C1=O)C(=C(N2)/C=C\3/C4=C(C=CC(=C4)F)NC3=O)C
DB11742,CC(C)(C)C1=CC=C(C=C1)C(=O)CCCN2CCC(CC2)OC(C3=CC=CC=C3)C4=CC=CC=C4
DB11743,C[C@@H]1C[C@H](C2=C1C(=NC=N2)N3CCN(CC3)C(=O)[C@H](CNC(C)C)C4=CC=C(C=C4)Cl)O
DB11744,B1(C2=C(C=CC=C2OCCCO)[C@H](O1)CN)O
DB11745,CCNC1(CCN(CC1)C2=NC=NC3=C2N=C(N3C4=CC=C(C=C4)Cl)C5=CC=CC=C5Cl)C(=O)N
DB11747,CCN(CCCOC1=CC2=C(C=C1)C(=NC=N2)NC3=NNC(=C3)CC(=O)NC4=CC(=CC=C4)F)CCOP(=O)(O)O
DB11748,CC1=NC=C(C(=N1)N)CN(C=O)/C(=C(/CCOP(=O)(O)O)\SC(=O)C2=CC=CC=C2)/C
DB11749,C1CCC(CC1)C(=O)N2C[C@H]3C4=CC=CC=C4CCN3C(=O)C2
DB11753,C[C@H]1/C=C/C=C(\C(=O)NC2=CC(=C3C(=C2O)C(=C(C4=C3C(=O)[C@](O4)(O/C=C/[C@@H]([C@H]([C@H]([C@@H]([C@@H]([C@@H]([C@H]1O)C)O)C)OC(=O)C)C)OC)C)C)O)O)/C
DB11755,CCCC1=CC(=C2[C@@H]3C=C(CC[C@H]3C(OC2=C1)(C)C)C)O
DB11758,CCCCOCCOC1=CC=C(C=C1)C2=CC/3=C(C=C2)N(CCC/C(=C3)/C(=O)NC4=CC=C(C=C4)[S@@](=O)CC5=CN=CN5CCC)CC(C)C
DB11759,C1CC2=CC=CC=C2[C@H]1NC3=C4C=CN(C4=NC=N3)[C@@H]5C[C@H]([C@H](C5)O)COS(=O)(=O)N
DB11761,CN1C[C@H](C2=C(C1)C(=CC(=C2)Cl)Cl)C3=CC(=CC=C3)S(=O)(=O)NCCOCCOCCNC(=O)NCCCCNC(=O)NCCOCCOCCNS(=O)(=O)C4=CC=CC(=C4)[C@@H]5CN(CC6=C5C=C(C=C6Cl)Cl)C
DB11762,C[C@]12[C@H](C(=O)N[C@]1(C(=O)O2)[C@H]([C@H]3CCCC=C3)O)CCCl
DB11763,C1COCCN1C2=CC=C(C=C2)NC3=NC=CC(=N3)C4=CC=C(C=C4)C(=O)NCC#N
DB11764,COCCOC1=CC=C(C=C1)NC2=NC=C(C(=N2)NC3=CC(=CC=C3)NC(=O)C=C)F
DB11765,C1CCC(C1)C[C@@H](C(=O)NC2=NC=C(C=C2)C(=O)O)N3C=C(N=C3)C(F)(F)F
DB11766,CC(C)(C)OC(=O)NCCN1C[C@@H]2CN(C[C@H](C1)O2)CCOC3=C(C=C(C=C3)C#N)F
DB11768,CC(C)NP(=S)(OC)OC1=C(C=C(C=C1)Cl)Cl
DB11769,C1[C@]2(C3=CC=CC=C3N(C2=O)CC4=CC=C(O4)C(F)(F)F)C5=CC6=C(C=C5O1)OCO6
DB11770,CC(C)(C)NCC(COC1=CC=C(C=C1)NC(=O)NC2CCCCC2)O
DB11772,CC(C)(C(=O)NC1=CC(=CC=C1)S(=O)(=O)NC2=NC3=CC=CC=C3N=C2NC4=C(C=CC(=C4)OC)Cl)N
DB11773,CS(=O)(=O)C1=CC(=C(C=C1)N2C=C(C(=CC2=O)OC3CCN(CC3)C4=NC=C(C=N4)Cl)Cl)F
DB11774,C[C@H]1COC2=C3N1C=C(C(=O)C3=CC(=C2C4(CC4)N)F)C(=O)O
DB11775,CC1=NC2=C(C(=N1)NC3=NNC4=C3CN(C4(C)C)C(=O)N[C@H](CN(C)C)C5=CC=CC=C5)SC=C2
DB11778,CN1CCN(CC1)C2=CC=C(C=C2)C(=O)NC3=NNC4=C3CN(C4)C(=O)[C@@H](C5=CC=CC=C5)OC
DB11779,CC(C)(C)OC(=O)N[C@H]1CCCCC/C=C\[C@@H]2C[C@]2(NC(=O)[C@@H]3C[C@H](CN3C1=O)OC(=O)N4CC5=C(C4)C(=CC=C5)F)C(=O)NS(=O)(=O)C6CC6
DB11780,C=CCSS(=O)CC=C
DB11781,CC(C)C[C@H]([C@@H](C(=O)NO)O)C(=O)N[C@@H](C1=CC=CC=C1)C(=O)OC2CCCC2
DB11782,CC[C@@H](C(=O)N1C[C@H](C[C@H]1CC2=C(NC3=C2C=CC(=C3)F)C4=C(C5=C(N4)C=C(C=C5)F)C[C@@H]6C[C@@H](CN6C(=O)[C@H](CC)NC(=O)[C@H](C)NC)O)O)NC(=O)[C@H](C)NC
DB11783,CCOC(=O)[C@H](CCC1=CC=CC=C1)N[C@@H](C)C(=O)N2[C@@H](CN(C2=O)C)C(=O)O
DB11784,C[C@H]([C@@H](C(=O)N1CCC[C@H]1C(=O)N2CCC[C@@]2(CC3=CC=CC=C3)C(=O)N[C@@H]([C@@H](C)O)C(=O)N)N)O
DB11785,CN1[C@H]2C[C@@H](C[C@@H]1[C@H](C2)O)OC(=O)[C@H](CO)C3=CC=CC=C3
DB11786,C[C@@H](C1=CC[C@@H]\2[C@@]1(CCC/C2=C\C=C/3\C[C@H](C[C@@H](C3=C)O)O)C)OCC(=O)NCC(C(F)(F)F)(F)F
DB11787,CC(C)(C)CN1C2=C(C=CC(=N2)C3=C(N=C(N3)C(C)(C)C)C4=CC=C(C=C4)F)N=C1N
DB11789,C[C@H](CCC(=O)O)[C@H]1CC[C@@H]2[C@@]1(CC[C@H]3[C@H]2C[C@@H]([C@H]4[C@@]3(CC[C@H](C4)O)C)O)C
DB11790,C[C@H]1[C@@](OCC(N1)(C)C)(C2=CC(=CC=C2)Cl)O
DB11792,CCCC1=CN(C2=C1N=C(NC2=O)C3=C(C=CC(=C3)S(=O)(=O)N4CCN(CC4)CCO)OCCC)CC
DB11794,CC(C)S(=O)(=O)C1=CC=C(C=C1)C2=CN=C(C(=N2)C3=CC(=NO3)C4=CC=C(C=C4)CNC)N
DB11795,CC1=C(C=CC=C1C(F)(F)F)CN2C(=NC3=C(C=C(C=C32)N4CCOCC4)C(=O)O)C
DB11797,CC(=O)N[C@H]([C@H](CC(=O)C(=O)O)O)[C@H]([C@@H]([C@@H](CO)O)O)O
DB11798,C1COC[C@H]1N2C3=NC(=NC=C3N=C2NC4=C(C=C(C=C4F)F)F)NC5CCC(CC5)O
DB11801,C[C@H]([C@@H](C(=O)N1CCC[C@H]1C(=O)N2CCC[C@H]2C(=O)N[C@@H]([C@@H](C)O)C(=O)N)N)O
DB11804,CCN(C1CCN(CC1)CC[C@H](C2=CC=C(C=C2)S(=O)(=O)C)C3=CC(=CC(=C3)F)F)C(=O)CC4=CC=C(C=C4)S(=O)(=O)C
DB11805,CN1CCN(CC1)CCOC2=CC3=C(C(=C2)OC4CCOCC4)C(=NC=N3)NC5=C(C=CC6=C5OCO6)Cl
DB11806,C/C(=C\C(=O)O)/C=C/[C@@H]1C[C@]1(C)C2=CC3=C(C=C2)C(CCC3(C)C)(C)C
DB11807,C[C@@]1([C@@H]2CC[C@@H](C2)C1(C)C)NC
DB11808,CC(C)C(=O)NC1=NC(=CS1)C2=NC3=C(C=CC(=C3Br)OC)C(=C2)O[C@@H]4C[C@H](N(C4)C(=O)[C@H](C(C)(C)C)NC(=O)OC5CCCC5)C(=O)N[C@@]6(C[C@H]6C=C)C(=O)O
DB11809,C1CC2(CCC1C3=CC=C(C=C3)OCCN4CCOCC4)OC5(C6CC7CC(C6)CC5C7)OO2
DB11810,C1=CC(=CC=C1C(=O)N[C@H](CCC(=O)NC[C@@H](C(=O)N[C@@H](CC(=O)O)C(=O)N[C@@H](CS)C(=O)O)N)C(=O)O)NCC2=CN=C3C(=N2)C(=O)NC=N3
DB11811,CC(=O)NCCOC(=O)[C@@H](C1=CC=C(C=C1)Cl)OC2=CC=CC(=C2)C(F)(F)F
DB11812,CCC1=C(C2=CC3=C(C(=C(N3)C=C4[C@H]([C@@H](C(=N4)C(=C5C(=C(C(=N5)C=C1N2)C)C(=O)O)CC(=O)N[C@@H](CC(=O)O)C(=O)O)CCC(=O)O)C)C)C=C)C
DB11813,CCCCCCCC(=O)O[C@H]1[C@H]2C(=C([C@@H]1OC(=O)/C(=C\C)/C)C)[C@H]3[C@]([C@H](C[C@]2(C)OC(=O)C)OC(=O)CCCCCCCCCCCNC(=O)C[C@@H](C(=O)N[C@@H](CCC(=O)N[C@@H](CCC(=O)N[C@@H](CCC(=O)N[C@@H](CCC(=O)O)C(=O)O)C(=O)O)C(=O)O)C(=O)O)N)([C@](C(=O)O3)(C)O)O
DB11814,C1CCC(C1)[C@H]2[C@H]3CCC4=C(C3=NN2C5=CC(=C(C=C5)C#N)Cl)C=CC(=C4)C(=O)O
DB11815,CN=C(N)NCCC[C@@H](C(=O)O)N
DB11816,CC1=NC=C(C=C1)NC(=O)NC2=CC=CC(=C2F)CN3CCN(CC3)C(=O)OC
DB11818,CC[C@H](C)[C@@H]1C(=O)N[C@@H](C(=O)N1[C@H](C2=COC(=N2)C)C(=O)N3CCOCC3)C4CC5=CC=CC=C5C4
DB11819,C[C@@H](C(F)(F)F)OC1=C(C=C(C=C1)C2=NC(=NO2)C3=CC4=C(C=C3)N=CN4)C(F)(F)F
DB11821,C1[C@H](CN([C@@H]1C(=O)O)C(=O)CN)NC(=O)C2=CC=CC=C2
DB11822,CN1CCOCCN(S(=O)(=O)NC(=O)C2=CC3=C(C=C2)C(=C4N3CC(=CC5=C4C=CC(=C5)OC)C1=O)C6CCCCC6)C
DB11824,CCC1=CC=C(C=C1)CC2=CC3=C(CO[C@@]34[C@@H]([C@H]([C@@H]([C@H](O4)CO)O)O)O)C=C2
DB11825,CCC1=C[C@@H]2[C@H](C1)C[C@@]2(CC(=O)O)CN
DB11829,CN(C)C[C@@H]1CCN2C=C(C3=CC=CC=C32)C4=C(C5=CN(CCO1)C6=CC=CC=C65)C(=O)NC4=O
DB11830,C1=CC=C(C(=C1)N)NC(=O)C2=CC=C(C=C2)CNC3=NC=CC(=N3)C4=CN=CC=C4
DB11831,C1=CC(=C(C=C1[N+](=O)[O-])[N+](=O)[O-])Cl
DB11832,CC1(COC1)COC2=CC3=C(C=C2)N(C=N3)C4=NC5=C(C=CC=C5N6CCC(CC6)N)C=C4
DB11833,CC1=C(N=C(N1C2=CC=C(C=C2)F)C)C#CC3=CC(=NC=C3)Cl
DB11836,CC(C)N1C2=NC=NC(=C2C(=N1)C3=CC4=C(C=C3)OC(=N4)N)N
DB11838,C1=CC(=C2C(=C1C(=O)N=C3C(=CN(C=C3Cl)O)Cl)C4=C(O2)C=CN=C4)OC(F)F
DB11839,CCCCCCCCCCCCCCCC(=O)N[C@@H](CCCCN)C(=O)N[C@@H](CCCCN)C(=O)N[C@@H](CO)C(=O)N[C@@H](CCCN=C(N)N)C(=O)N[C@@H](C)C(=O)N[C@@H](CC(C)C)C(=O)N[C@@H](CC1=CC=CC=C1)C(=O)N
DB11841,C1=CC=C(C(=C1)N)NC(=O)C2=CC=C(C=C2)CNC(=O)OCC3=CN=CC=C3
DB11843,CC(C)S(=O)(=O)N[C@H]1COC[C@H]1OC2=CC=C(C=C2)C3=CC=C(S3)C#N
DB11844,CC1=C(SC(=N1)N(C)C(=O)CC2=CC=C(C=C2)C3=CC=CC=N3)S(=O)(=O)N
DB11845,CNC(=O)C1=CC=CC2=C1C=CC(=C2)OC3=C4C=C(C(=CC4=NC=C3)OCC5(CC5)N)OC
DB11846,CN1CC(=O)NC1=N
DB11847,C1CC1N2C=C(C(=O)C3=CC(=C(C=C32)N4CCC(CC4)(COC5=C(C=C(C=C5)N6C[C@@H](OC6=O)CO)F)O)F)C(=O)O
DB11848,C([C@H]([C@H]([C@@H]([C@@H](C=O)O)O)O)O)OP(=O)(O)O
DB11851,CC1=C(C=C(C=C1)NC(=O)C2=CC(=C(C=C2)CN3CC[C@@H](C3)N(C)C)C(F)(F)F)NC4=NC=CC(=N4)C5=CN=CN=C5
DB11852,C1=CC=C(C(=C1)C2=NC3=CN(C=CC3=N2)CC4=NN=C(C=C4)C5=C(C=C(C=C5)C(F)(F)F)C(F)(F)F)F
DB11858,CCCCC/C=C\C/C=C\C=C\C=C\[C@H]([C@H](CCCC(=O)O)O)SC[C@@H](C(=O)NCC(=O)O)N
DB11860,CCCCCCCCCCCCCCCCCCCC(=O)N[C@H]1CC[C@]2([C@@H](C1)C[C@H]([C@@H]3[C@@H]2C[C@@H]([C@]4([C@H]3CC[C@@H]4[C@H](C)CCC(=O)O)C)O)O)C
DB11861,CCNCCS(=O)(=O)NC[C@@]1(N(N=C(S1)NC(=O)C(C)(C)C)C(=O)C(C)(C)C)C2=CC=CC=C2
DB11863,CC1=C(C=C(C(=O)N1C2=CC=CC(=C2)C(F)(F)F)C(=O)NCC3=NC=C(C=C3)S(=O)(=O)C)C4=CC=NN4C
DB11864,COCCOC1=CC=C(C=C1)N2CCN(CC2)CCN3C4=C(C=N3)C5=NC(=NN5C(=N4)N)C6=CC=CO6
DB11865,CC1=CC2=C(N1)C=CC(=C2F)OC3=NC=NN4C3=C(C(=C4)OC[C@@H](C)OC(=O)[C@H](C)N)C
DB11867,CN(C)C(=O)CCN1C(=NC(=N1)NC2=CC3=C(C=C2)OC(O3)(F)F)C4=CC=NC=C4
DB11868,CCC(C(=O)N)N1CCCC1=O
DB11869,C/C=C/C[C@@H](C)C(=O)[C@H]1C(=O)N[C@H](C(=O)N(CC(=O)N([C@H](C(=O)N[C@H](C(=O)N([C@H](C(=O)N[C@H](C(=O)N[C@@H](C(=O)N([C@H](C(=O)N([C@H](C(=O)N([C@H](C(=O)N1C)C(C)C)C)CC(C)C)C)CC(C)C)C)C)C)CC(C)C)C)C(C)C)CC(C)C)C)C)C(C)C
DB11870,CC(C)(C(=O)NCC(C(F)(F)F)(F)F)C(=O)N[C@H]1C2=CC=CC=C2C3=CC=CC=C3NC1=O
DB11871,CC(C)(CC1=CC=CC(=C1)CC(=O)NCC2=CC(=CC=C2)C3=CC=C(C=C3)O)NC[C@@H](C4=CC(=C(C=C4)O)NS(=O)(=O)C)O
DB11872,CC(=O)N[C@H]1CCC2=CC(=C(C(=C2C3=C1C=C(C=C3)OP(=O)(O)O)OC)OC)OC
DB11873,CC(C)(C(=O)O)SC1=C(C=NC=C1)C2=CC=C(C3=CC=CC=C32)C#N
DB11874,C/C(=C\C=C\C=C(\C=C\C=C(\C(=O)O[C@@H]1O[C@@H]([C@H]([C@@H]([C@H]1O)O)O)CO[C@@H]2O[C@@H]([C@H]([C@@H]([C@H]2O)O)O)CO)/C)/C)/C=C/C=C(/C(=O)O[C@@H]3O[C@@H]([C@H]([C@@H]([C@H]3O)O)O)CO[C@@H]4O[C@@H]([C@H]([C@@H]([C@H]4O)O)O)CO)\C
DB11875,C1=CC=C2C(=C1)C(=CN2)CC3=CNC4=CC=CC=C43
DB11876,C[C@@H](C(=O)N[C@@H](CCC(=O)N)C(=O)O)N
DB11877,CC1=C(C(=NO1)C2=CC=C(C=C2)F)COC3=NC=C(C=C3)C(=O)N4CCS(=O)(=O)CC4
DB11878,CCC1=CC(=CC(=N1)CC)CC[C@@]2(CC(=C(C(=O)O2)CC3=NN4C(=CC(=NC4=N3)C)C)O)C5CCCC5
DB11879,CC[C@H](C)C(C(=O)N[C@@H](C(C)C)C(=O)N1CCC[C@H]1C(=O)N[C@@H](C)C(=O)N)NC(=O)[C@H](CCCN=C(N)N)N
DB11880,CN(C)CCNC(=O)C1=CC=CC2=CC3=CC=CC=C3N=C21
DB11881,CCNC(=O)C1=NOC(=C1C2=CC=C(C=C2)CN3CCOCC3)C4=CC(=C(C=C4O)O)C(C)(C)C
DB11882,C[C@@H](C(=O)N[C@@H](CC(=O)O)C(=O)N[C@@H](CC(=O)O)C(=O)N[C@@H](C)C(=O)NCC(=O)N[C@@H](CC(C)C)C(=O)N[C@@H](C(C)C)C(=O)O)NC(=O)[C@@H]1CCCN1C(=O)[C@H](CCCCN)NC(=O)CNC(=O)[C@@H]2CCCN2C(=O)[C@@H]3CCCN3C(=O)[C@@H]4CCCN4C(=O)[C@H](CCC(=O)O)NC(=O)CN
DB11883,C1CN(C[C@@H]1NC(=O)NC2=CC=CC=C2Br)C3=NC=C(C=C3)C(F)(F)F
DB11885,CC1=CC2=C(N1)C=CC(=C2F)OC3=C4C=C(C(=CC4=NC=C3)OCC5(CC5)N)OC
DB11886,CCN1CCN(CC1)C2=CC=C(C=C2)NC3=CC(=NC=N3)N(C)C(=O)NC4=C(C(=CC(=C4Cl)OC)OC)Cl
DB11888,CCCCCCCC(=O)OC[C@H]([C@H]([C@H]1[C@@H]([C@H](C=C(O1)C(=O)O)N=C(N)N)NC(=O)C)OC)O
DB11889,C1=CC=C(C=C1)[C@H](CC2=CC=CC=N2)N
DB11890,CC(C)[C@H]1C(=O)N[C@H](C(=O)NCC(=O)N[C@H](C(=O)N[C@@H](C(=O)N1C)CC2=CC=CC=C2)CC(=O)O)CCCN=C(N)N
DB11891,CN(CC1=CC2=C(S1)C(=NC(=N2)C3=CN=C(C=C3)OC)N4CCOCC4)C5=NC=C(C=N5)C(=O)NO
DB11892,CC1N2C3=CC(=C(C=C3C(=O)C(=C2S1)C(=O)O)F)N4CCN(CC4)CC5=C(OC(=O)O5)C
DB11893,C1=CC(=CC=C1S(=O)(=O)N(CC2=C(C=C(C=C2)C3=NOC=N3)F)[C@H](CCC(F)(F)F)C(=O)N)Cl
DB11894,CC1=CC(=CC(=C1N)C)OC2=CC3=C(C=C2)N=C(N3C)COC4=CC=C(C=C4)CC5C(=O)NC(=O)S5
DB11896,CN(C)C1CCN(CC1)C(=O)C2=CC=C(C=C2)NC(=O)NC3=CC=C(C=C3)C4=NC(=NC(=N4)N5CCOCC5)N6CCOCC6
DB11898,C1C(=O)NC(=O)S1
DB11899,CN1C=C(C=N1)C2=C3N=C(C(=C(N3N=C2)N)Br)[C@@H]4CCCNC4
DB11900,CC1=C(C2=C(N1CC(=O)O)C=CC(=C2)F)CC3=NC4=CC=CC=C4C=C3
DB11902,CCC1=C2C(=NN1CCOC)C(=O)NC(=N2)C3=C(N=CC(=C3)S(=O)(=O)N4CCN(CC4)CC)OCC
DB11903,C1COCCC1CNC(=O)C2=CN=C(N=C2C(F)(F)F)NC3=C(C=C(C=C3)Cl)Cl
DB11904,CC1=C(C=C(C=N1)NC(=O)C2=CC(=C(C=C2)CN3CCN(CC3)C)C(F)(F)F)NC4=NC=CC(=N4)C5=CN=CC=C5
DB11905,CC(=O)NC[C@H]1CN(C(=O)O1)C2=CC(=C(C=C2)N3CCSCC3)F
DB11906,C[C@H](C(=O)N)NC(=O)[C@@H]1CCCN1C(=O)[C@H](CCCCNC(C)C)NC(=O)[C@H](CC(C)C)NC(=O)[C@@H](CC2=CC=C(C=C2)NC(=O)C)NC(=O)[C@H](CC3=CC=C(C=C3)NC(=O)C)NC(=O)[C@H](CO)NC(=O)[C@@H](CC4=CN=CC=C4)NC(=O)[C@@H](CC5=CC=C(C=C5)Cl)NC(=O)[C@@H](CC6=CC7=CC=CC=C7C=C6)NC(=O)C
DB11907,CC(=O)N1CCN(CC1)C2=CC(=C(C=C2)NC3=NC=C(C(=N3)NC4=CC(=CC=C4)NC(=O)C=C)C(F)(F)F)OC
DB11909,CCC1=C(C2=C(N1CC3=CC=CC=C3)C=CC=C2OCC(=O)O)C(=O)C(=O)N
DB11910,CC1=NC2=CC=CC(=C2C(=O)N1C3=CC=C(C=C3)OCCCN4CCCC4)C(F)(F)F
DB11911,CC1=NC(=CC=C1)C2=NN3CCCC3=C2C4=C5C=C(C=CC5=NC=C4)C(=O)N
DB11912,CC1=NC(=C(C(=N1)N2CCN3CCOC[C@@H]3C2)F)NNC(=O)[C@H](CC4CCCC4)CN(C=O)O
DB11913,C1CCN(CC1)C(=O)N2CCN3C=C(C4=CC(=CC(=C43)C2)F)C5=C(C(=O)NC5=O)C6=CN=C7N6C=CC=C7
DB11916,[111In]
DB11917,CC1=C(C(=O)C(=C(C1=O)C)CC[C@@](C)(CC/C=C(\C)/CC/C=C(\C)/CCC=C(C)C)O)C
DB11918,C1[C@@H]([C@H](O[C@H]1N2C=NC3=C2N=C(NC3=O)N)COP(=O)(O)O[C@H]4C[C@@H](O[C@@H]4CO)N5C=NC(=NC5=O)N)O
DB11919,C1=CC=C(C=C1)COC2=NC(=NC3=C2NC=N3)N
DB11920,C([C@H](C[P+](=O)O)F)N
DB11922,CC1=C(C=CC=C1F)NC(=O)NC2=C(C(=C(C=C2)Cl)S(=O)(=O)[C@H]3CCCNC3)O
DB11923,C1=CC(=CC=C1C2=NC3=C(C=NN3C(=C2)C(F)(F)F)C#CC4=CN=C(C=C4)N)C(F)(F)F
DB11924,CCCCCCCCCCCCCCC[C@@H]([C@H](CO)N)O
DB11925,C[C@H]1COCCN1C2=NC(=NC3=C2C=CC(=N3)C4=CC(=CC=C4)C(=O)NC)N5CCOC[C@@H]5C
DB11927,CCCC1=NN(C2=C1N=C(NC2=O)C3=C(C=CC(=C3)S(=O)(=O)N4CCN(CC4)CCOC(=O)OCCN5CCN(CC5)S(=O)(=O)C6=CC(=C(C=C6)OCC)C7=NC8=C(C(=O)N7)N(N=C8CCC)C)OCC)C
DB11929,CC[C@@H]1C[C@@]1(C(=O)NS(=O)(=O)C2CC2)NC(=O)[C@@H]3C[C@@H]4CN3C(=O)[C@@H](NC(=O)OCC(CCCCC5=C6CN(CC6=CC=C5)C(=O)O4)(C)C)C(C)(C)C
DB11933,CC(=CCNC1=C2C(=NC=N1)N(C=N2)[C@H]3[C@@H]([C@@H]([C@H](O3)CO)O)O)C
DB11934,CC[C@H](C)[C@@H]1C(=O)N[C@@H](C(=O)N1[C@H](C2=C(N=C(C=C2)C)C)C(=O)N3CCOCC3)C4CC5=CC=CC=C5C4
DB11935,CO[C@@]1([C@@H]2N(C1=O)C(=C(CO2)CSC3=NN=NN3CCO)C(=O)O)NC(=O)CSC(F)F
DB11937,C1=CC=C2C(=C1)C(=O)C=C(N2)C(=O)O
DB11938,CC(C)C[C@H](C(=O)N[C@H](CCCCN)C(=O)N1CCC(CC1)(C(=O)O)N)NC(=O)[C@@H](CC2=CC=CC=C2)NC(=O)[C@@H](CC3=CC=CC=C3)N
DB11939,CCOC1=C(C=C(C=C1)CC2=C(C=CC(=C2)[C@]34[C@@H]([C@H]([C@@H]([C@](O3)(CO4)CO)O)O)O)Cl)F
DB11940,C1=CC(=C(N=C1)/C=N/NC(=S)N)N
DB11941,C1=CC(=C(C=C1Cl)Cl)C(=O)NS(=O)(=O)C2=CC=C(S2)Br
DB11944,C1=C(NC=N1)CCNC(=O)CCCC(=O)O
DB11946,CC1=C(C2=C(C=CC=C2N1CC(=O)O)NC(=O)C)SC3=CC=C(C=C3)Cl
DB11947,CCCN1CCC(CC1)C2=CC(=CC=C2)S(=O)(=O)C
DB11948,CC1(CCC2=C(O1)C3=CC=CC=C3C(=O)C2=O)C
DB11949,CC1=C(C=CC(=C1)F)[C@H]2CNCCN2C(=O)N(C)[C@H](C)C3=CC(=CC(=C3)C(F)(F)F)C(F)(F)F
DB11950,CC1=NN(C(=C1)N2CCN(CC2)[C@H]3C[C@H](NC3)C(=O)N4CCSC4)C5=CC=CC=C5
DB11953,C[C@@H]1CN(C[C@H]1C2=NC3=C(C=NN3C4CCOCC4)C(=O)N2)CC5=NC=CC=N5
DB11954,CC1CCC(CC1)C(=O)N(C2CCC(CC2)O)C3=C(SC(=C3)C#CC(C)(C)C)C(=O)O
DB11956,B([C@H](CC(C)C)NC(=O)[C@H]([C@@H](C)O)NC(=O)C1=CC=CC(=N1)C2=CC=CC=C2)(O)O
DB11957,C1=CC(=CC(=C1)OCC(C(F)F)(F)F)CNCCC2=CNC3=C2C=CC(=C3)F
DB11958,CC1=CC2=C(N1)C=CC(=C2F)OC3=NC=NN4C3=C(C(=C4)OC[C@@H](C)O)C
DB11960,C1=CC(=CC=C1C(=O)C2=C(C=C(C=C2Cl)CN3C(=C(N=N3)C(=O)N)N)Cl)Cl
DB11961,C[C@]1(C(=O)NC(=O)N1)CS(=O)(=O)N2CCC(CC2)OC3=NC=C(C=C3)Cl
DB11962,C1=CC2=NC=CC(=C2C=C1/C=C\3/C(=O)NC(=O)S3)C4=CC=NC=C4
DB11964,CC1=C(C=CN=C1CS(=O)C2=NC3=C(N2)C=C(C=C3)N4C=CC=C4)OC
DB11965,COC1=C(C=C2C(=C1)C(=O)N3CC(=C)C[C@H]3C=N2)OCCCOC4=C(C=C5C(=C4)N=C[C@@H]6CC(=C)CN6C5=O)OC
DB11966,C[C@@H](C(=O)OCC(C)(C)C)NP(=O)(OC[C@@H]1[C@H]([C@@]([C@@H](O1)N2C=NC3=C2N=C(N=C3OC)N)(C)O)O)OC4=CC=CC5=CC=CC=C54
DB11968,CC1=C(C=CC2=C1COC2=O)[C@H](CN3CCN(CC3)C[C@@H](C4=C(C5=C(C=C4)C(=O)OC5)C)O)O
DB11969,CN1C(=C(C=N1)Cl)C2=C(OC(=C2)C(=O)N[C@@H](CC3=CC(=C(C=C3)F)F)CN)Cl
DB11970,C1CCC(CC1)NCCCNCC2CCC(CC2)CNC3=NC(=CC(=N3)N4CCN(CC4)CCP(=O)(O)O)N
DB11971,C[C@]12C[C@@H](C3=C4CCC(=O)C=C4CC[C@H]3[C@@H]1CC[C@]2(C(C(F)(F)F)(F)F)O)C5=CC=C(C=C5)S(=O)(=O)C
DB11973,CN1C[C@H]2CC(C[C@H]2C1)COC3=C(C=C4C(=C3)N=CN=C4NC5=C(C(=C(C=C5)Cl)Cl)F)OC
DB11974,CC1=C2C=C(C(=O)N(C2=NC(=N1)N)C3CCC(CC3)OCCO)C4=CN=C(C=C4)OC
DB11975,C[C@H]([C@@H](C(=O)N[C@@H](CC1=CC=CC=C1)C(=O)NNC(=O)N[C@@H](CC(C)C)C(=O)N[C@@H](CCCNC(=NC)N)C(=O)N[C@@H](CC2=CNC3=CC=CC=C32)C(=O)N)NC(=O)[C@H](CC(=O)N)NC(=O)[C@@H]4C[C@H](CN4C(=O)[C@@H](CC5=CC=C(C=C5)O)NC(=O)C)O)O
DB11977,CN1CCN(CC1)C2CCN(CC2)C(=O)NC3=NC=CC(=C3)OC4=CC(=C(C=C4)NC(=O)C5(CC5)C(=O)NC6=CC=C(C=C6)F)F
DB11981,CC1=CC(=CC(=C1C[C@@H](C(=O)N[C@@H](CCCCN)C(=O)N[C@@H](CC2=CC=CC=C2)C(=O)N)NC(=O)[C@@H](CCCN=C(N)N)N)C)O
DB11982,C1=CC(=C(C=C1I)F)NC2=C(C=CC3=CN=CN32)C(=O)NOCCO
DB11984,C1CNC(=O)N(C1)C2CCN(CC2)C(=O)[C@@H](CS(=O)(=O)C3=CC4=C(C=C3)C=C(C=C4)Cl)O
DB11985,C1=CC(=CC=C1COC(CN2C=CN=C2)C3=C(C=C(C=C3)Cl)Cl)C(F)(F)F
DB11987,CC(C)OC1=C(C=C(C=N1)C2=NC(=NO2)C3=C4C=CN(C4=CC=C3)CCCC(=O)O)Cl
DB11990,CC(C)[C@@]1(CC[C@H](C1)N[C@H]2CCOC[C@H]2OC)CN3CCC4=C(C3)C=C(C=N4)C(F)(F)F
DB11991,CC1=NC=C(S1)C(=O)N[C@@H](COC)C(=O)N[C@@H](COC)C(=O)N[C@@H](CC2=CC=CC=C2)C(=O)[C@]3(CO3)C
DB11992,CS(=O)(=O)N1C=C2CN(CC2=N1)[C@@H]3C[C@@H]([C@H](OC3)C4=C(C=CC(=C4)F)F)N
DB11993,CN1C[C@@H]2[C@H](C1)C2CN(CC3=CC(=C(C=C3)F)Cl)C(=O)C4=CN(C=N4)C
DB11996,CC(C)C(C(=O)N[C@@H](CC1=CC=C(C=C1)O)C(=O)O)NC(=O)[C@H](CC(=O)O)NC(=O)[C@H](CCCCN)NC(=O)[C@H](CCCN=C(N)N)N
DB11998,C1=C(C(=O)NC(=O)N1[C@H]2[C@H]([C@@H]([C@H](O2)CO)O)O)/C=C/Br
DB11999,CN[C@H]1CN(C[C@@H]1OC)C2=NC3=C(C=C2)C(=O)C(=CN3C4=NC=CS4)C(=O)O
DB12000,CC1=CC(=CC(=C1OCCO)C)C2=NC3=C(C(=CC(=C3)OC)OC)C(=O)N2
DB12002,CC(C)(C(=O)O)OC1=C(C=C(C(=C1)OC[C@H](CN2CCC3(CC2)CC4=C(O3)C=CC(=C4)Cl)O)C(=O)NC)Cl
DB12004,COC1=C(C=C(C=C1)CS(=O)(=O)/C=C/C2=C(C=C(C=C2OC)OC)OC)OP(=O)(O)O
DB12005,CCC[C@@H](C(=O)NC1=CN(C=N1)C(C)(C)CNCC(C)(C)C)N[C@H]2CCC3=C(C2)C(=CC(=C3)F)F
DB12006,CN1C2=CC=CC=C2C(=N[C@@H](C1=O)NC(=O)[C@H](CCC(F)(F)F)[C@H](CCC(F)(F)F)C(=O)N)C3=CC=CC=C3
DB12007,C1=CC=C(C=C1)C2=COC3=CC=CC=C3C2=O
DB12008,COC1=C(C(=CC=C1)OCCCN)C2=CC(=NN2)NC3=NC=C(N=C3)C#N
DB12009,CCOC1=CC=C(C=C1)C2=NN3C(=C2C4=CC=C(C=C4)S(=O)(=O)C)C=CC=N3
DB12011,CC1=C(C2=C(N1CC3=C(C=C(C=C3)S(=O)(=O)C)C(F)(F)F)N=CC=C2)CC(=O)O
DB12012,C1CN(CCC1=CC2=CC(=CC=C2)OC3=NC=C(C=C3)C(F)(F)F)C(=O)NC4=NN=CC=C4
DB12013,C1CCC(CC1)CN(CCN2[C@@H]3CC[C@H]2CC(C3)C4=CC(=CC=C4)C(=O)N)C(=O)[C@H](CO)O
DB12016,CCCN=C1N(C(=O)/C(=C/C2=CC(=C(C=C2)OC[C@@H](CO)O)Cl)/S1)C3=CC=CC=C3C
DB12017,C1=CC(=CC=C1CN2C=CN=C2)/C=C/C(=O)O
DB12019,CC1=C2[C@@H]3[C@H]([C@@]4(CC[C@@H]5[C@]([C@H]4[C@@H]([C@@](C2(C)C)(C[C@@H]1OC(=O)[C@@H]([C@H](C6=C(C=CC=N6)F)NC(=O)OC(C)(C)C)O)O)OC(=O)C7=CC=CC=C7)(CO5)OC(=O)C)C)O[C@@H](O3)CN(C)C
DB12020,C1[C@@H]2[C@H]1[C@@H]3C=C[C@H]2[C@@H]4[C@H]3C(=O)N(C4=O)NC(=O)C5=CC=C(C=C5)C(F)(F)F
DB12021,CCC1=C2N=C(C=C(N2N=C1)NCC3=C[N+](=CC=C3)[O-])N4CCCC[C@H]4CCO
DB12022,CC(C)(C)C1=CC=C(C=C1)CN(CC2=CC(=CC=C2)OCC(=O)O)S(=O)(=O)C3=CN=CC=C3
DB12024,COC1=CC2=C(C=C1)C=C(C=C2)OCC3(CN(C3)C(=O)C4=CC=C(C=C4)F)C(=O)O
DB12025,CC(C)[C@@]12[C@@H](O1)[C@H]3[C@@]4(O3)[C@]5(CCC6=C([C@@H]5C[C@H]7[C@]4([C@@H]2O)O7)COC6=O)C
DB12027,C1=CC=C2C(=C1)C(=CN2)CCNC3=CC=C(C=C3)NC4=CC=NC=C4
DB12028,C1[C@@H]([C@H](O[C@H]1N2C=C(C(=O)NC2=O)Br)CO)O
DB12029,C1[C@H]([C@H]([C@@H](C[C@@]1(C(=O)O)O)OC(=O)/C=C/C2=CC(=C(C=C2)O)O)O)O
DB12030,C[C@H](CCC(=O)N[C@@H](CCCCNC(=S)NC1=CC(=C(C=C1)C2C3=C(C=C(C=C3)O)OC4=C2C=CC(=C4)O)C(=O)O)C(=O)O)[C@H]5CC[C@@H]6[C@@]5([C@H](C[C@H]7[C@H]6[C@@H](C[C@H]8[C@@]7(CC[C@H](C8)O)C)O)O)C
DB12032,C[C@H]1CC(C[C@@H]1C)(CC(=O)O)CN
DB12036,CCC1=C(N=C(C(=N1)C(=O)N)NC2=CC=C(C=C2)N3CCC(CC3)N4CCN(CC4)C)O[C@@H]5CCN(C5)C(=O)C=C
DB12037,CC[C@@H]1C[C@@]1(C(=O)O)NC(=O)[C@@H]2C[C@H](CN2C(=O)[C@H](C(C)(C)C)NC(=O)OC3C[C@H]4C[C@H]4C3)OC5=CC(=NC6=C5C=CC(=C6Cl)OCCN7CCOCC7)C8=CSC(=N8)NC(C)C
DB12039,C1[C@H]([C@H](OC2=CC(=CC(=C21)O)O)C3=CC(=C(C=C3)O)O)O
DB12040,CCCCCCC(C)OC(=O)C(=C)C#N
DB12041,CC1=NC2=C(C=C1)C(=CC=C2)NC[C@](CC(C)(C)C3=CC(=CC4=C3OCC4)F)(C(F)(F)F)O
DB12042,CC1=CC2=C(C=C1)C=C(S2)C(=O)NC3(CCCC3)C(=O)N[C@H](CC4=CC=CC=C4)C(=O)NCC5CCN(CC5)CC6CCOCC6
DB12043,CC(C)OC(=O)CCC[C@H]1CC[C@H]2[C@H](C[C@H]([C@@H]2/C=C/[C@H](COC3=C(C=CC(=C3)F)F)O)O)OC1
DB12044,C[C@@H](C1=CC=C(C=C1)C(=O)NCCC(=O)O)N2C(=CC(=N2)C3=CC(=CC(=C3)Cl)Cl)C4=CC5=C(C=C4)C=C(C=C5)OC
DB12045,CC(C)C(=O)OC[C@@H]1[C@H]([C@@]([C@@H](O1)N2C=CC(=NC2=O)N)(C)F)OC(=O)C(C)C
DB12046,CCOC1=C(C(=C2C(=C1)CN(C2=N)CC(=O)C3=CC(=C(C(=C3)N4CCOCC4)OC)C(C)(C)C)F)OCC
DB12047,CC(C)C1=C(C=C(C(=C1)C2=NNC(=O)N2C3=CC4=C(C=C3)N(C=C4)C)O)O
DB12048,C[C@@H](C1=CN2C=CN=C2C=C1)N3C4=NC(=CN=C4N=N3)C5=CN(N=C5)C
DB12049,CCC(CC)COC(=O)[C@@H]1C[C@H]2C[C@H](CC[C@H]2CN1)OC3=C(C(=CC=C3)Cl)C4=NNN=N4
DB12050,C[C@@H](C(=O)N[C@H]1C2=CC=CC=C2C3=C(N=CC=C3)N(C1=O)CCO)NC(=O)CCC(F)(F)F
DB12051,CS(=O)(=O)NC1=CC2=C(C=C1)NC(=NS2(=O)=O)C3=C([C@@H]4[C@H]5CC[C@H](C5)[C@@H]4N(C3=O)CC6=CC=C(C=C6)F)O
DB12052,C[C@H]1[C@@H]([C@H]([C@H]([C@@H](O1)OC2=C(OC3=C(C2=O)C(=CC(=C3CC=C(C)C)O[C@H]4[C@@H]([C@H]([C@@H]([C@H](O4)CO)O)O)O)O)C5=CC=C(C=C5)OC)O)O)O
DB12054,CC(C)C[C@H]1C(=O)N[C@@H](C(=O)N[C@@H](C(=O)N2CCC[C@H]2C(=O)N[C@@H](C(=O)N1)C(C)C)CC(=O)O)CC3=CNC4=CC=CC=C43
DB12055,COC1=C(C=C(C=C1)CC2C(=O)NC(=O)O2)C(=O)NCC3=CC=C(C=C3)C(F)(F)F
DB12057,C[C@@]1(CCCN2[C@@H]1C3=C(CC2)C4=CC=CC=C4O3)COC
DB12058,COC1=C(C=C(C=C1)C2=CC(=O)C3=C(O2)C=C(C=C3OC)OCC(=O)O)OC
DB12059,CCCCN1C=CC(=C(C1=O)Cl)N2CCC(CC2)C3=CC=CC=C3
DB12060,C1C(CN1C(=O)CBr)([N+](=O)[O-])[N+](=O)[O-]
DB12061,CN1CCN(CC1)C2=CC=CC3=C2OC(=O)N3
DB12062,CC[C@@H]1C(=O)N(C2=CN=C(N=C2N1C(C)C)NC3=C(C=C(C=C3)C(=O)NC4CCC(CC4)N5CCN(CC5)CC6CC6)OC)C
DB12063,CC1=CC=C(C=C1)COC(=O)N2CC[C@@H]([C@@H](C2)F)CNC3=NC=CC=N3
DB12064,CCOC1=C(C(=O)N(C=C1)C2=CC=C(C=C2)F)C(=O)NC3=CC(=C(C=C3)OC4=C(C(=NC=C4)N)Cl)F
DB12065,CC1=CC[C@@H](CC1)C(=O)N(C2CCC(CC2)(CO[C@H]3CCOC3)O)C4=C(SC(=C4)C#CC(C)(C)C)C(=O)O
DB12066,CNC(=O)C1=CC2=C(C=C1)C=C(C=C2)[C@]3(CCN4C3=CN=C4)O
DB12067,CC1=C([C@H](N2C(=CC=N2)N1)C3=CC(=C(C=C3)Cl)Cl)C(=O)N4CCC[C@H]4C5=CC=C(C=C5)F
DB12068,COC1=C(C=C(C=C1)NS(=O)(=O)C2=C(C(=C(C(=C2F)F)F)F)F)NC(=O)N
DB12069,CC(C)(C)[C@H](CC(=O)N1CCCCC1)C(=O)N2C[C@@H](C[C@H]2C(=O)N[C@@]3(C[C@H]3C=C)C(=O)NS(=O)(=O)C4CC4)OC5=CC(=NC6=C5C=CC(=C6)OC)C7=CC=CC=C7
DB12071,C1C[C@H]2CN3CCNCC4=C3C(=CC=C4)[C@H]2C1
DB12072,CC1=C(NC(=C1CCC(=O)O)C)/C=C\2/C3=CC=CC=C3NC2=O
DB12073,C[C@H]([C@](CN1C=NC=N1)(C2=C(C=C(C=C2)F)F)O)N3C=NC4=C(C3=O)C=CC(=C4)Cl
DB12074,CC1=CN(C(=O)NC1=O)[C@H]2C=C[C@](O2)(CO)C#C
DB12078,C[C@](COC1=CC=C(C=C1)C#N)(C(=O)NC2=CC(=C(C=C2)C#N)C(F)(F)F)O
DB12079,CC(=CCC/C(=C/CC/C(=C/CCC(=O)OC/C=C(\C)/CCC=C(C)C)/C)/C)C
DB12080,CC1=CC(=C(C=C1OCC(=O)O)C)CCN[C@@H](C)[C@@H](C2=CC=C(C=C2)O)O
DB12081,C[C@]12CCC(=O)C=C1CC[C@@H]3C2=CC[C@]4([C@H]3CC[C@@]4(C(=O)CO)O)C
DB12082,COC1=C(C=C(C=C1)C(=O)N2CCN(CC2)C3=CC4=C(C=C3)NC(=O)CC4)OC
DB12083,C1CO[P@@](=O)(N[C@H]1SCCS(=O)(=O)O)N(CCCl)CCCl
DB12084,CC1=C(C=CC(=N1)S(=O)(=O)C)NC2=C(C(=NC=N2)OC3CCN(CC3)C(=O)OC(C)C)OC
DB12085,C[C@@H](C(=O)N[C@@H](C1CCCCC1)C(=O)N2CCC[C@H]2C3=NC(=CS3)C(=O)C4=CC=C(C=C4)F)NC
DB12086,CC[N+]1([C@@H]2CC(C[C@H]1[C@H]3[C@@H]2O3)OC(=O)[C@H](CO)C4=CC=CC=C4)C
DB12087,COC1=C(C=CC(=C1)CO)O
DB12088,C[C@H]([C@@H](C(=O)N)NC(=O)[C@@H]1CSSC[C@@H](C(=O)N[C@H](C(=O)N[C@@H](C(=O)N[C@H](C(=O)N1)CCCCN)CC2=CNC3=CC=CC=C32)CC4=CC=C(C=C4)O)NC(=O)[C@@H](CC5=CC=CC=C5)N)O
DB12091,[Gd]
DB12092,COC1=CC=CC=C1N2CCN(CC2)CC(COC3=CC=CC4=CC=CC=C43)O
DB12093,COC1=C(C2=C(C[C@H]3C4=CC(=C(C=C4CCN3C2)OC)OC)C=C1)OC
DB12094,C/C(=N\N=C(N)N)/C1=CC(=CC(=C1)NC(=O)CCCCCCCCC(=O)NC2=CC(=CC(=C2)/C(=N/N=C(N)N)/C)/C(=N/N=C(N)N)/C)/C(=N/N=C(N)N)/C
DB12096,CC1=NC2=C(N1)C=C(C=C2)C(=O)N3CCC4(CC3)CC5=C(C(=O)C4)N(N=C5)C(C)C
DB12097,CS(=O)(=O)OC[C@H]([C@H]([C@@H]([C@@H](COS(=O)(=O)C)O)O)O)O
DB12098,C1=CC(=CC=C1[C@H](CC(=O)O)CN)Cl
DB12099,CCCN1C=C(N=C1)C[C@H](CCCN)C(=O)O
DB12100,C1=CC=C(C=C1)C(COCCCCCCNC[C@@H](C2=C3C=CC(=O)NC3=C(C=C2)O)O)(F)F
DB12101,C1CC(=O)NC(=O)[C@H]1N2CC3=C(C2=O)C=CC=C3OCC4=CC=C(C=C4)CN5CCOCC5
DB12105,CCC[C@@H](C)C[C@@H](CC(=O)O)N
DB12106,C[C@H]([C@@H](C1=NC2=C(N1)C=C(C=C2)C(C)(C)C)N)C(=O)N
DB12107,B1([C@H](CC[C@H](O1)CC(=O)O)NC(=O)CC2=CC=CS2)O
DB12108,CC1=NN(C(=N1)C2=CN3CCOC4=C(C3=N2)C=CC(=C4)C5=CN(N=C5)C(C)(C)C(=O)N)C(C)C
DB12109,C1=CC=C(C=C1)CSCCC(CCCCC(=O)O)SCC2=CC=CC=C2
DB12110,C1CN(CCN1)C2=CC(=CC=C2)Cl
DB12111,C1CN(CCN1)C2=CN=CC(=N2)Cl
DB12112,CC1=C(C(CCC1)(C)C)/C=C/C(=C\C=C\C(=C\COC(=O)C)\C)/C
DB12113,COC[C@@H](CN1C(=O)C=NN(C1=O)C2=CC(=C(C=C2)Cl)C(=O)NCC3(CCCCCC3)O)O
DB12114,COC1=C(C=C2C(=C1)N=CN=C2NC3=C(C(=C(C=C3)Cl)Cl)F)OC4CCN(CC4)C(=O)C=C
DB12115,C[C@](C1=CC=CC=C1)(C(=O)O[C@H]2C[N+]3(CCC2CC3)CCC4=CC=C(C=C4)F)N5CCCCC5
DB12116,C1[C@H]([C@H](OC2=CC(=CC(=C21)O)O)C3=CC(=C(C(=C3)O)O)O)OC(=O)C4=CC(=C(C(=C4)O)O)O
DB12117,CC(C(C1=CC=C(C=C1)Cl)C2=CC=CC=C2Cl)(Cl)Cl
DB12120,COC1=CC(=C(C=C1C=C)C(=O)NC2=CC=C(C=C2)C(=N)N)C3=C(N=C(C=C3)C(=O)NCC4CC4)C(=O)O
DB12121,C1COCCN1C2=CC=C(C=C2)NC3=NC(=CN4C3=NC=C4)C5=CC6=C(C=C5)C=NN6
DB12122,CN(CCC1=CC(=CC(=C1)C(F)(F)F)C(F)(F)F)C(=O)[C@H](C2=CC=CC=C2)N3CCN(CC3)CC4CC4
DB12123,COC1=CC(=CC(=C1OC)OC)/C=C/C(=O)N2CCN(CC2)CC(=O)N3CCCC3
DB12124,CC[C@@]1(C2=C(COC1=O)C(=O)N3CC4=C(C5=CC=CC=C5N=C4C3=C2)/C=N/OCCN)O
DB12125,C1CN2CC[C@@]3(C2)[C@H]1OC4=C(C3)N=CC=C4
DB12126,C1C[C@H](N(C1)C(=O)[C@@H]2CCCN2C(=O)[C@H](CCCN=C(N)N)N)C(=O)NCC(=O)N[C@@H](CC3=CC=CC=C3)C(=O)N[C@@H](CO)C(=O)N4CCC[C@H]4C(=O)N[C@@H](CC5=CC=CC=C5)C(=O)N[C@@H](CCCN=C(N)N)C(=O)O
DB12127,CC1([C@@H](N2[C@H](S1)[C@@H](C2=O)NC(=O)[C@@H](C3=CC=CC=C3)N)C(=O)OCOC(=O)[C@H]4C(S(=O)(=O)[C@H]5N4C(=O)C5)(C)C)C
DB12128,C[C@@H]1CN[C@H](C(=O)N([C@@H](C(=O)N[C@@H](C(=O)NCCCC2=CC=CC=C2O1)CC3=CC=C(C=C3)F)C)C)C4CC4
DB12129,C1=CC=C(C=C1)CN2C(=O)N(SC2=O)C3=CC=CC4=CC=CC=C43
DB12131,CC[C@@]12CCCN3[C@@H]1C4=C(CC3)C5=CC=CC=C5N4C(=C2)C(=O)OCC
DB12133,CCCCC[C@H](/C=C/C1=CC=CC=C1/C=C/[C@H]([C@H](CCCC(=O)O)O)O)O
DB12134,C1CC2=CC(=NC=C2OC1)CNC3CCN(CC3)C[C@@H]4CN5C(=O)C=CC6=C5N4C(=O)C=N6
DB12135,C1CN(CCN1)S(=O)(=O)C2=C(C=CC(=C2O)NC(=O)NC3=C(C(=CC=C3)F)Cl)Cl
DB12137,CC1=CC(=CC2=C(C(=CN=C12)C(=O)N)NC3=CC(=CC=C3)OC)S(=O)(=O)C4=CC=CC(=C4)C(=O)N(C)C
DB12138,CC(C)(C)C1=NN(C(=C1)NC(=O)NCC2=CC=CC=C2SC3=CN4C(=NN=C4C5=CC=CC=C5SCCO)C=C3)C6=CC(=C(C=C6)O)Cl
DB12139,CC[C@H]1C(=O)N([C@@H](C(=O)N([C@H](C(=O)N[C@H](C(=O)N([C@H](C(=O)N[C@H](C(=O)N[C@@H](C(=O)N([C@H](C(=O)N([C@H](C(=O)N([C@H](C(=O)N([C@H](C(=O)N1)[C@@H]([C@H](C)C/C=C/C)O)C)C(C)C)C)CC(C)C)C)CC(C)C)C)C)C)CC(C)C)C)C(C)C)C(C)C)CC)C)C
DB12140,CC1=C(C=CC(=C1)F)C2=C3C=CC(=O)N(C3=NC(=N2)NC(CO)CO)C4=C(C=CC=C4F)F
DB12143,CC1=C(C(=CC=C1)[C@H](C)C2=CNC(=S)N2)C
DB12144,CC1=C2[C@H](C(=O)[C@@]3([C@H](C[C@@H]4[C@]([C@H]3[C@@H]([C@@](C2(C)C)(C[C@@H]1OC(=O)[C@@H]([C@H](C(C)(C)C)NC(=O)OC(C)(C)C)O)O)OC(=O)C5=CC=CC=C5)(CO4)OC(=O)OC)O)C)OC(=O)C
DB12145,C1CN2CCC1[C@@]3(C2)CC4=C(O3)N=CC=C4
DB12146,COC1=C(C=C(C=C1)CS(=O)(=O)/C=C/C2=C(C=C(C=C2OC)OC)OC)NCC(=O)O
DB12148,CC1=C(C(=O)C2=CC=CC=C2C1=O)C/C=C(\C)/CC/C=C(\C)/CC/C=C(\C)/CCC=C(C)C
DB12149,CC1=CC=C(C=C1)C#CC2=CC=C(S2)S(=O)(=O)N[C@H](CC3=CNC4=CC=CC=C43)C(=O)O
DB12150,CC(C1=CC=C(C=C1)/C=C/2\CCCCC2=O)C(=O)O
DB12151,CCCCCCCCCCCCCCCCOCCCOP(=O)(CO[C@@H](CN1C=CC(=NC1=O)N)CO)O
DB12154,C1CN(CCC1N2CC(C2)(CC#N)N3C=C(C=N3)C4=C5C=CNC5=NC=N4)C(=O)C6=C(C(=NC=C6)C(F)(F)F)F
DB12155,CC(=O)C1=CC2=C(O1)C(=O)C3=CC=CC=C3C2=O
DB12156,C1[C@H](O[C@H]([C@@H]1O)N2C=NC3=C(N=CN=C32)N)CO
DB12158,C[C@@H]1CC[C@H](CN1C(=O)C2=C(C=CC(=C2)C)C3=NC=CC=N3)COC4=NC=C(C=C4)F
DB12160,CC(C)(C(=O)N[C@@H](CS)C(=O)O)S
DB12162,CCCCCCOC1=C(C(=C(C(=C1)C)O)C)C
DB12163,CN(C)CC(COC1=CC=CC=C1CCC2=CC(=CC=C2)OC)OC(=O)CCC(=O)O
DB12165,CC1=CN2C(=CC(=N2)[C@@H]3CCCCN3C(=O)C4=C(C=CC(=C4)Cl)NS(=O)(=O)C)N=C1N5CC[C@@H](C5)N
DB12167,C[C@@H](CN1C2=C3C=C(C=CC3=NC=C2N(C1=O)C)C4=CC(=CN=C4)C(C)(C)O)OC
DB12168,C1CC2(CCC1C(=O)NC3=NN(C=C3)C4=CC=CC=C4F)C5=C(C=CN=C5)C(=O)O2
DB12170,CCC[C@H](C(C)(C)C)N(C(=O)C1=CC(=CC(=C1)C)C)NC(=O)C2=C(C(=CC=C2)OC)CC
DB12172,C1COCCN1CCN2C=NC=C2[N+](=O)[O-]
DB12173,C1=CC=C(C=C1)C2=C(C2=O)C3=CC=CC=C3
DB12174,COC1=C(C=C2C(=C1)N=CN=C2NC3=CC=CC(=C3)C#C)OCCCCCCC(=O)NO
DB12176,CCCCCCCC(=O)OCC(COC(=O)CCCCCCC)OC(=O)CCCCCCC
DB12177,CN(C)CCO/N=C(/C=C/C1=CC=C(C=C1)O)\C2=CC=CC=C2F
DB12178,CC(C)CN(C[C@H]([C@H](CC1=CC=CC=C1)NC(=O)[C@H](CC(=O)N)NC(=O)C2=NC3=CC=CC=C3C=C2)O)C(=O)NC(C)(C)C
DB12179,COC1=C(C=CC(=C1)C[C@@H](CO)[C@@H](CC2=CC(=C(C=C2)O)OC)CO)O
DB12180,CC1=C(SC2=C1N=C(N=C2N3CCOCC3)C4=CN=C(N=C4)N)CN5CCN(CC5)C(=O)[C@H](C)O
DB12181,CCC(CC)CC1(CCCCC1)C(=O)NC2=CC=CC=C2SC(=O)C(C)C
DB12183,CNC(=O)CN1CCC(CC1)OC2=C(C=C3C(=C2)C(=NC=N3)NC4=C(C(=CC=C4)Cl)F)OC
DB12184,CC1(CC(=O)N(C(=O)C1)CCCCN2CCN(CC2)C3=NC=CC=N3)C
DB12185,CC[C@@]1(C2=C(COC1=O)C(=O)N3CC4=C5[C@H](CCC6=C5C(=CC(=C6C)F)N=C4C3=C2)N)O
DB12186,CC1=C(SC(=N1)C2=CN=CC=C2)C(=O)NC3=CC=CC=C3C4=CN5C(=CSC5=N4)CN6CCOCC6
DB12187,C1CC1NC2=C3C(=NC(=N2)N)N(C=N3)[C@@H]4C[C@@H](C=C4)COC(=O)CO
DB12188,CC1(CN(CCN1C)[C@@H]2C[C@H](C3=C2C=C(C=C3)Cl)C4=CC=CC=C4)C
DB12190,C[C@H]([C@@H]1[C@@H]2N(C1=O)C(=C(S2)[C@H]3CCCO3)C(=O)O)O
DB12191,CC1=CC(=C(N1)/C=C\2/C(=C/C(=C/3\C=C4C=CC=CC4=N3)/N2)OC)C
DB12192,C1=CC(=CC(=C1)C(=O)NCCS)C(=O)NCCS
DB12193,CCCCCCC(C)(C)C1=CC(=C2[C@@H]3CC(=CC[C@H]3C(OC2=C1)(C)C)C(=O)O)O
DB12194,CC1=CC(=O)C=C2[C@]1([C@H]3CC[C@]4([C@H]([C@@H]3CC2)CCC4=O)C)C
DB12195,CC1=NN=NN1/N=C/C2=CC(=C(C=C2)O)C(C3=C(C=CC(=C3)/C=N/N4N=NN=C4C)O)C5=CC=C(C=C5)O
DB12196,CCC1([C@H]2[C@@H]1CN(C2)CC3(CC4=CC=CC=C4C3)O)C5=CC(=CC=C5)NS(=O)(=O)C
DB12197,CC(C)(CS(=O)(=O)O)N(Cl)Cl
DB12198,CC1=C(C=CC=N1)NC(=O)C2=CC3=C(C=C2)[C@@]4(CC[C@@](C[C@H]4CC3)(C(F)(F)F)OP(=O)(O)O)CC5=CC=CC=C5
DB12199,CC[C@H](C)[C@@H](C(=O)N[C@@H](CC1=CN=CN1)C(=O)N2CCC[C@H]2C(=O)N[C@H](C)C(=O)O)NC(=O)[C@H](CC3=CC=C(C=C3)O)NC(=O)[C@H](C(C)C)NC(=O)[C@H](CCCN=C(N)N)NC(=O)CNC
DB12200,C1CC2=C3C(=CC=C2)C(=CN3C1)[C@H]4[C@@H](C(=O)NC4=O)C5=CNC6=CC=CC=C65
DB12201,CCNC(=O)C1CC(C1)(C2=CC(=C(C=C2)CN3CCCC3)F)F
DB12203,CC1(CCN(CC1)C(=O)NC2=NC3=C(C=CC(=C3S2)N4CCOCC4)OC)O
DB12204,CC(C)(C)N=C(NC#N)NC1=CC=CC(=C1)/C(=C\CCCC(=O)O)/C2=CN=CC=C2
DB12206,CC1=C(C=CC(=C1)C(=O)N)N2C(=CC=C2C3=CC=C(C=C3)N4C=CN=C4)CCC(=O)O
DB12207,C1=CC=NC(=C1)NNC(=O)/C=C\N2C=NC(=N2)C3=CC(=CC(=C3)C(F)(F)F)C(F)(F)F
DB12209,CCC(CC)N1C2=NC(=CN=C2NC1=O)C#C
DB12210,CCCNC(=O)C1=NN=C2C(=C1N)C=CC=C2C3=C(C=CC(=C3)OC)OC
DB12211,C1CCC2=C(C1)C=CC3=C(C(=C(N=C23)CC4=CC=C(C=C4)Cl)O)C(=O)O
DB12212,CC1(OC[C@H](O1)COC(=O)CCC2=CC=C(C=C2)OC[C@H](CNCCNC(=O)N3CCOCC3)O)C
DB12214,CCOC1=CC=C(C=C1)CC2=CC(=C(C=C2C)OC)[C@H]3[C@@H]([C@H]([C@@H]([C@H](S3)CO)O)O)O
DB12216,COC1=C2C=CC(=O)OC2=CC3=C1C=CO3
DB12218,C1CN(CCC1(C(=O)N[C@@H](CCO)C2=CC=C(C=C2)Cl)N)C3=NC=NC4=C3C=CN4
DB12219,C[C@@H](C1=CC(=CC2=CC=CC=C21)Cl)N(C)C(=O)CC3(CCN(CC3)C)C4=CC=C(C=C4)F
DB12220,CN(C[C@H]1CCC2=C([C@H]1C3=CC=CC=C3)C=CC(=C2)OC)CC(=O)O
DB12221,C[C@]12CCC(=O)C=C1C=C[C@@H]3[C@@H]2CC[C@]4([C@H]3CC[C@@]45CCC(=O)O5)C
DB12222,CC[C@@]1(C2=C(COC1=O)C(=O)N3CC4=C(C5=CC6=C(C=C5N=C4C3=C2)OCCO6)CN7CCN(CC7)C)O
DB12223,CCCCOC1=C(C(=O)C1=O)OCCCC
DB12224,C1[C@H](NC(=O)S1)C(=O)O
DB12225,CN1C[C@H]2CC[C@@H](C1)N2C(=O)[C@]34C[C@H]3C5=C(C=CC(=C5)OC)C6=C(C7=C(N6C4)C=C(C=C7)C(=O)NS(=O)(=O)N(C)C)C8CCCCC8
DB12226,C[C@H](CC1=CC(=C(C=C1)OC)OC)[C@@H](C)CC2=CC(=C(C=C2)OC)OC
DB12227,C1CN(CCN(C(CN(CCN1CC(=O)O)CC(=O)O)CC2=CC=C(C=C2)NC(=S)NCCCC[C@@H](C(=O)O)N)CC(=O)O)CC(=O)O
DB12228,C1C[C@H](C(=O)N(C[C@@H]1C2=C(C(=CC=C2)F)F)CC(F)(F)F)NC(=O)N3CCC(CC3)N4C5=C(NC4=O)N=CC=C5
DB12229,CN(C)CCCOC1=CC2=C(NN=C2C=C1)S(=O)(=O)C3=CC=CC4=CC=CC=C43
DB12230,CCCC(=O)N1CCCN(CC1)C2=NC3=CC(=C(C=C3C(=N2)N)OC)OC
DB12231,COP(=S)(OC)OC1=CC=C(C=C1)SC2=CC=C(C=C2)OP(=S)(OC)OC
DB12232,CCCCCCCCCCCCCCCCCCCCCCCCCC(=O)N[C@@H](CO[C@@H]1[C@@H]([C@H]([C@H]([C@H](O1)CO)O)O)O)[C@@H]([C@@H](CCCCCCCCCCCCCC)O)O
DB12233,CS(=O)(=O)NC1=C(C=C2C(=C1)OC=C(C2=O)NC=O)OC3=CC=CC=C3
DB12234,C1[C@H](N(CC2=C(N1CC3=CN=CN3)C=CC(=C2)C#N)S(=O)(=O)C4=CC=CS4)CC5=CC=CC=C5
DB12235,C[C@]12CC[C@H]3[C@H]([C@@H]1[C@H]([C@H]([C@@H]2O)O)O)CCC4=C3C=CC(=C4)O
DB12236,C1CC1OCCOC2=CC=C(C=C2)CC3=C(C=CC(=C3)[C@H]4[C@@H]([C@H]([C@@H]([C@H](O4)CO)O)O)O)Cl
DB12237,CC(=NCCSCC[C@@H](C(=O)O)N)N
DB12238,CCN1C(=NC=N1)COC2=NN3C(=NN=C3C4=CC=CC=C4F)C=C2C(C)(C)C
DB12239,CCCN1CCN(CC1)C2=CC=C(C=C2)C(=O)NC3(CCCCC3)C(=O)NCC#N
DB12241,CN1C2=C(C(=C(C1=O)F)NC3=C(C=C(C=C3)I)F)C(=O)N(C=N2)C[C@H](CO)O
DB12242,C1C[C@@H](CNC1)NC(=O)C2=C(C=C(S2)C3=CC(=CC=C3)F)NC(=O)N
DB12243,CC1=NN(C(=O)C1)C2=CC=CC=C2
DB12244,C1[C@H]2CNC[C@@H]1C3=C2C=CC(=C3)C(F)(F)F
DB12247,C[C@@H]1CN(C[C@@H](N1)C)C2=CC=C(C=C2)C(=O)NC3=NNC(=C3)CCC4=CC(=CC(=C4)OC)OC
DB12248,CC(C)(C)NCC(C1=CC=CC=C1Cl)O
DB12251,CCC1=NC(=C2C=C(C(=CC2=C1)OC)OC)CC3=CC=CC=C3
DB12252,CC(C)[C@@]12[C@@H](O1)[C@H]3[C@@]4(O3)[C@]5(CCC6=C([C@@]5(C[C@H]7[C@]4([C@@H]2O)O7)O)COC6=O)C
DB12253,CC/C(=C(/C1=CC=C(C=C1)/C=C/C(=O)O)\C2=CC3=C(C=C2)NN=C3)/C4=C(C=C(C=C4)F)Cl
DB12254,COC1=CC=C(C=C1)S(=O)(=O)NC2=C(N=CC=C2)NC3=CC=C(C=C3)O
DB12255,C1=CC(=CC(=C1)Cl)C2=CC(=C(N=C2)C(=O)NCC(=O)O)O
DB12257,[Pt]
DB12259,CN(C)CCCNC(=O)/C(=C/CCCCC(=O)NO)/COC1=CC=CC2=CC=CC=C21
DB12260,C1CN(CCC1CC2=CC=C(C=C2)F)C(=O)C(=O)NC3=CC4=C(C=C3)NC(=O)O4
DB12262,C1COC2=C([C@@H]1NCCCNC3=CC(=O)C4=C(N3)C=CS4)C=C(C=C2Br)Br
DB12263,C1=C(SC(=C1)Cl)S(=O)(=O)N[C@H](CO)C(C(F)(F)F)C(F)(F)F
DB12264,CCNC1=C(N=CC=C1)N2CCN(CC2)C(=O)C3=CC4=C(N3)C=CC(=C4)OC
DB12265,CN1C(=CN=C1COC2=CC=C(C=C2)SC)[N+](=O)[O-]
DB12268,COC1=C(C=C2[C@@H]3C[C@@H]([C@H](CN3CCC2=C1)N4C[C@H](CC4=O)CF)N)OC
DB12269,CC(C)(CO)N1C=C(C2=CN=C(N=C21)N)C(=O)C3=CC(=CN=C3)NC(=O)CC4=NC=C(C=C4)Cl
DB12270,CC1=C(C=C(C=C1F)C(=O)NC2CC2)C3=NC=C(C=C3)C(=O)NCC(C)(C)C
DB12271,CC(C)C[C@@H](C(=O)O)N[C@@H](CC1=CN=CN1CC2=CC(=CC(=C2)Cl)Cl)C(=O)O
DB12272,CC(C)(C)NC(=O)C1=CC(=C(C=C1)OC2=C(C=C(C(=C2)F)CC(=O)O)Cl)NS(=O)(=O)C3=C(C=C(C=C3)C4CC4)Cl
DB12273,CN1CCC2=CC(=C(C=C2[C@@H]3[C@@H]1CCC4=CC=CC=C34)O)Cl
DB12275,CC(C)[C@](C1=CC2=CC(=C(C=C2C=C1)OC(F)F)OC(F)F)(C3=NNN=C3)O
DB12276,CC(C)OP(=O)(C(CC1=CC(=C(C(=C1)C(C)(C)C)O)C(C)(C)C)P(=O)(OC(C)C)OC(C)C)OC(C)C
DB12279,C[C@@H]1C(=O)N[C@@H]2CSSCC/C=C/[C@H](CC(=O)N1)OC(=O)C[C@@H]([C@H](NC2=O)C(C)C)O
DB12280,C[C@@H]([C@@H](C1=CC(=CC=C1)OC)OC2=CC3=C(C=C2)N(N=C3)C4=CC=C(C=C4)F)NC(=O)C(F)(F)F
DB12282,CNC(=O)C1=CC=C(C=C1)NC2=NC=C(C(=N2)NCC3=NC=CN=C3N(C)S(=O)(=O)C)C(F)(F)F
DB12283,CC(C)C(=O)OC[C@@]1([C@H]([C@H]([C@@H](O1)N2C=CC(=NC2=O)N)OC(=O)C(C)C)OC(=O)C(C)C)N=[N+]=[N-]
DB12284,C1CCC(CC1)[C@@H]2C[C@@]2(C3=CC=C(C=C3)S(=O)(=O)C4CC4)C(=O)NC5=NC=C(S5)SCCN6CCCC6
DB12285,C[C@]1(CS(=O)(=O)N(C(=N1)N)C)C2=C(C=CC(=C2)NC(=O)C3=NC=C(C=C3)F)F
DB12286,CC1CC(=O)NN=C1C2=CC=C(C=C2)NN=C(C#N)C#N
DB12287,C#CCO[C@H]1CN2CCC1CC2
DB12288,COC1=CC2=C(C=C1)NC=C2CCNC(=O)C3=CC(=O)C=CO3
DB12289,CN1CCCN(CC1)C2=CC=C(C=C2)C(=O)NC3=C(C=CC=C3O)NC(=O)C4=CC=C(C=C4)OC
DB12290,C1=CC(=CC=C1C2=COC3=C(C2=O)C=CC(=C3[C@H]4[C@@H]([C@H]([C@@H]([C@H](O4)CO)O)O)O)O)O
DB12291,CC(=O)NC1=CC=C(C=C1)C(=O)NC2=CC=CC=C2N
DB12292,CC[C@H](C)[C@H]1C(=O)N[C@H](C(=O)N[C@H](C(=O)N[C@@H](CCSCCC(=O)N[C@@H](C(=O)N1)CC2=CNC3=CC=CC=C32)C(=O)N(C)[C@@H](CCCN)CO)CC(=O)N)[C@H](C)CC
DB12293,CN1CCOC(C2=CC=CC=C2C1)C3=CC=CC=C3
DB12295,COC(=O)N1CCC(CC1)CC#CC2=NC(=C3C(=N2)N(C=N3)[C@H]4[C@@H]([C@@H]([C@H](O4)C(=O)NC5CC5)O)O)N
DB12297,CC1=C(N=C(N=C1N2CCC(CC2)C3=NC4=C(CCCN4)C=C3)C)NC[C@@H](C(=O)O)NS(=O)(=O)C5=CC=C(C=C5)OC
DB12298,C1=C(OC(=C1)C=O)CO
DB12299,C1CC1N2CCN(CC2)C(=O)C3=CC=C(C=C3)CN4CCOCC4
DB12300,C1=CC=C(C=C1)C2=CC=C(C=C2)[N+](=O)[O-]
DB12302,CC1=NC=C(C=C1)OC2=C(C=C(C=C2)NC3=NC=NC4=C3C=C(C=C4)/C=C/CNC(=O)COC)C
DB12303,CCCN(CCC)C(=O)C1=CC2=C(C=C(C=C2)C3=CC=C(C=C3)C(=O)N4CCCC4)N=C(C1)N
DB12305,C1C[C@H](C2=CC=CC=C2[C@@H]1C3=CC(=C(C=C3)Cl)Cl)N
DB12306,C[C@H]1CC2=C([C@]3(N1)C4=C(C=CC(=C4)Cl)NC3=O)NC5=CC(=C(C=C25)F)Cl
DB12307,COC1=CC2=C(C=CN=C2C=C1OCCCN3CCOCC3)OC4=C(C=C(C=C4)NC(=O)C5(CC5)C(=O)NC6=CC=C(C=C6)F)F
DB12308,CC(=O)[C@H]1CC[C@@H]2[C@@]1(CC[C@H]3[C@H]2CC[C@H]4[C@@]3(CC[C@H](C4)O)C)C
DB12309,CC(C)N(C1=CC=CC=C1)C(=O)CN2C3=CC=CC=C3N(C(=O)[C@H](C2=O)NC(=O)NC4=CC=CC(=C4)C(=O)O)C5=CC=CC=C5
DB12310,C([C@@H]1[C@H]([C@@H]([C@H]([C@H](O1)O[C@@H]2[C@@H]([C@H]([C@@H]([C@H](O2)CO)O)O)O)O)O)O)O
DB12311,CC(=O)NC1=CC=C(C=C1)C(=O)NC(C)(C)C
DB12312,CC[C@H](C(=O)OC1=C(C=C(C=C1OC)C)OC)N(CCOC)CCOC
DB12313,C1=CC=C(C=C1)CCNCCCCCCNCCC2=CC(=C(C=C2)O)O
DB12314,CC(C)N=C(N)/N=C(\N)/NC1=CC(=C(C=C1)Cl)Cl
DB12316,C/C(=C\C(=O)O)/C=C/C=C(/C)\C=C\1/CCCC2=CC=CC=C21
DB12318,CC1=C2C(=NC=NN2C=C1NC(=O)OC[C@@H]3COCCN3)NC4=CC5=C(C=C4)N(N=C5)CC6=CC(=CC=C6)F
DB12319,CCC1=C(C2=CC=CC=C2O1)C(=O)C3=CC(=C(C(=C3)Br)O)Br
DB12321,CCCCCNC(=O)C1=COC(=N1)[C@@H]2[C@H]3CC[C@@H]([C@@H]2CC4=CC=CC=C4CCC(=O)O)O3
DB12322,C[C@@H]1C[C@H]2[C@@H]3C[C@@H](C4=CC(=O)C=C[C@@]4([C@]3([C@H](C[C@@]2([C@]1(C(=O)OCC#N)OC(=O)C5C(C5(C)C)(C)C)C)O)F)C)F
DB12323,CC1=C(C=C(C=C1)C(=O)NC2=CC(=CC(=C2)C(F)(F)F)N3C=C(N=C3)C)NC4=NC=CC(=N4)C5=NC=CN=C5
DB12325,CC(C)(C)C[C@H]1[C@]([C@H]([C@@H](N1)C(=O)NC2=C(C=C(C=C2)C(=O)O)OC)C3=C(C(=CC=C3)Cl)F)(C#N)C4=C(C=C(C=C4)Cl)F
DB12326,C[C@@H]1[C@H]([C@H](C(=C(C1=O)OC)OC)O)C/C=C(\C)/CC/C=C(\C)/CCC=C(C)C
DB12327,CC(=O)O[C@H]1C[C@H]([C@@]2(CC[C@H]3C(=O)O[C@@H](C[C@@]3([C@H]2C1=O)C)C4=COC=C4)C)C(=O)OC
DB12328,C[C@@]12[C@H]3CC[C@@H]([C@@]1(C(=O)OC2=O)C)O3
DB12334,CCC(=O)O[C@H]1C[C@@H]2[C@@](CO2)([C@@H]3[C@@]1(C(=O)[C@@H](C4=C([C@H](C[C@@]([C@H]3OC(=O)C5=CC=CC=C5)(C4(C)C)O)OC(=O)[C@@H]([C@H](C6=CC=CO6)NC(=O)OC(C)(C)C)O)C)O)C)OC(=O)C
DB12336,C[C@@H](C(=O)N[C@@H](C1CCCCC1)C(=O)N2CCC[C@H]2C(=O)NC3=C(N=C(S3)C4=NC=CO4)C5=CC=CC=C5)NC
DB12337,CC(=O)NC1=CC=C(C=C1)S(=O)(=O)Cl
DB12338,C1=CC=C(C(=C1)[C@@H](COC(=O)N)O)Cl
DB12339,CC(=O)NC[C@H]1CN(C(=O)O1)C2=CC(=C(C=C2)C3=CC=C(C=C3)CNCC4=NNN=C4)F
DB12340,CC1(CCC(=C(C1)CN2CCN(CC2)C3=CC=C(C=C3)C(=O)NS(=O)(=O)C4=CC(=C(C=C4)N[C@H](CCN5CCOCC5)CSC6=CC=CC=C6)S(=O)(=O)C(F)(F)F)C7=CC=C(C=C7)Cl)C
DB12341,CC1=CC(=CC(=C1)[C@@H]2CCCN2CC3=CC=C(C=C3)OC4=C(C=C(C=C4)C(=O)N)F)C
DB12343,CC1([C@@H](N2[C@H](S1)[C@@](C2=O)(NC(=O)C(C3=CSC=C3)C(=O)O)OC)C(=O)O)C
DB12345,CCC1=CN=C(N=C1)N2CCC(CC2)C3=NC(=CS3)COC4=CC=C(C=C4)N5C=NN=N5
DB12347,CC1=C(C=CC=C1N)CN2C=CC(=CC2=O)OCCC3=CC=CS3
DB12348,C1(=NNC(=S)S1)N
DB12350,C[C@]12CC[C@@H](C[C@H]1CC[C@@H]3[C@@H]2CC[C@]4([C@@]3(CC[C@@]4(C5=COC=C5)O)O)C)O
DB12352,CC1=CNC2=C(C=C3C(=C12)[C@@H](CN3C(=O)C4=CC5=C(N4)C=CC(=C5)NC(=O)NC6=CC7=C(C=C6)NC(=C7)C(=O)N8C[C@H](C9=C1C(=CNC1=C(C=C98)O)C)CCl)CCl)O
DB12353,C1[C@@H]([C@H](CN1CC2=CNC3=C2N=CNC3=O)O)CO
DB12354,CCCN1CC(=C(C1=O)C2=CC=C(C=C2)C)C3=CC=C(C=C3)S(=O)(=O)C
DB12355,CC(C)(C)C(=O)CN1C2=CC=CC=C2C(=N[C@H](C1=O)NC(=O)NC3=CC=CC(=C3)NC)C4=CC=CC=N4
DB12357,C1C[C@H](NC1)C2=NC3=C(C(=O)N2)OC4=C3C=C(C=C4)Cl
DB12358,CCCCOC(=O)C(=C)C#N
DB12359,CC1=CN=C(C(=C1OC)C)CN2C=NC3=C2N=C(N=C3Cl)N
DB12360,CC(C)CNC(=O)C1CC(C1)(C2=CC(=C(C=C2)CN3CCCC3)F)F
DB12361,C1CN(CC=C1C2=CC=CC=N2)CCCCN3C(=COC4=CC=CC=C4C3=O)Cl
DB12362,C(C(CN(CC(=O)O)CC(=O)O)O)N(CC(=O)O)CC(=O)O
DB12365,C1CNC2=C(C(=O)C2=O)N(C1)CCP(=O)(O)O
DB12367,CC(C)C1=C(C=C2C(=C1)NC(=O)N(C2=O)NS(=O)(=O)C)C3=CC=NN3C
DB12368,C1=CC(=CC(=C1)[C@@]2(C3=C(C(=CC=C3)F)C(=N2)N)C4=CC(=NC=C4)C(F)F)C5=CN=CN=C5
DB12369,CN1CCN(CC1)C2=NC3=CC=CC=C3C(=N2)C4=C(C(=O)NC4=O)C5=CNC6=CC=CC=C65
DB12370,CC(C)(C(=O)N[C@@H](CC1=CN=CN1)C(=O)N[C@H](CC2=CC3=CC=CC=C3C=C2)C(=O)N[C@H](CC4=CC=CC=C4)C(=O)N[C@@H](CCCCN)C(=O)N)N
DB12375,CS(=O)(=O)NC1=CC2=C(C=C1)OC3=C(C=CC(=C23)C(=O)NC4=C(C=NC=C4Cl)Cl)OC(F)F
DB12376,C1=CC=C(C=C1)N(C2=CC=CC=C2)C3=NC=C(C=N3)C(=O)NCCCCCCC(=O)NO
DB12377,C1C[C@H](N2C[C@@H]1N(C2=O)OS(=O)(=O)O)C(=O)NC3CCNCC3
DB12378,CCOC1=CC=C(C=C1)C2=CC(=CN2C3=CC=C(C=C3)S(=O)(=O)N)C
DB12379,C1=CC=C2C(=C1)C(=C(N2)O)C3=NC4=CC=CC=C4C3=O
DB12380,C[C@@H](C(=O)N[C@@H](C1CCCCC1)C(=O)N2CCC[C@H]2C(=O)NC3=C(N=NS3)C4=CC=CC=C4)NC
DB12381,CC1=CC=C(C(=O)N1C2=CC=C(C=C2)F)C(=O)NC3=CC(=C(C=C3)OC4=C(C=C5C(=C4)C=NN5C)C6=CNN=C6)F
DB12382,C1CN(CCN1C2=NC=C(C=N2)C(=O)NO)S(=O)(=O)C3=CC4=CC=CC=C4C=C3
DB12383,C1[C@@H]([C@H](O[C@H]1N2C=C(C(=NC2=O)N)Cl)CO)O
DB12384,CC[C@@]1(C2=C(COC1=O)C(=O)N3CC4=C(C5=C(C=CC(=C5)O)N=C4C3=C2)[Si](C)(C)C(C)(C)C)O
DB12385,CC[C@@]1(C2=C(COC1=O)C(=O)N3CC4=C(C3=C2)N=C5C=CC(=CC5=C4)O)O
DB12387,COC1=CC=CC2=C1NC(=C2)C3=C4C(=NC=NN4C(=N3)C5CCC(CC5)C(=O)O)N
DB12388,C[C@H](C1=CC=CC2=CC=CC=C21)N[C@H]3CCN(C3)C4=CC=C(C=C4)CC(=O)O
DB12389,C1[C@H](COC2=C1C=C(C=C2F)F)N3C(=CNC3=S)CCNCC4=CC=CC=C4
DB12390,CCO[C@H](COC1=CC=C(C=C1)C(F)(F)F)CSC2=CC(=C(C=C2)OCC(=O)O)C
DB12391,C[C@H]1CCC[C@@]2([C@@H](O2)C[C@H](OC(=O)C[C@@H](C(C(=O)[C@@H]([C@H]1O)CC=C)(C)C)O)C3=CC4=C(C=C3)SC(=N4)C)C
DB12392,CN(C)CC1=CC=C(C=C1)S(=O)(=O)N2C=CC(=C2)/C=C/C(=O)NO
DB12393,C1COCCN1C2=CC3=C(C=C2C(F)(F)F)NC(=O)C(=O)N3CP(=O)(O)O
DB12394,C1COC2=C(C=C(C=C2)C3=CC=C(C=C3)OC(F)(F)F)C(=O)N1CC4=NC=CC=N4
DB12395,CCOC1=CC=CC=C1O[C@H]([C@@H]2CNCCO2)C3=CC=CC=C3
DB12397,CC1=NC2=NC(=NN2C(=C1)NC3=CC=C(C=C3)S(F)(F)(F)(F)F)C(C)(F)F
DB12398,C[C@@H](C1=CC2=C(C=C1)C=C(C=C2)OC)C(=O)OCCS(=O)(=O)C
DB12399,CC1(C(=O)C(=C(O1)C2=CC=C(C=C2)S(=O)(=O)N)C3=CC(=CC=C3)F)C
DB12400,CCN1C2=NC(=NC(=C2C=C(C1=O)C3=CC=NN3)C)N
DB12401,C1CN(CCC1(C2=CC=C(C=C2)Br)O)CCCC(=O)C3=CC=C(C=C3)F
DB12402,C1CN2CCC1[C@H](C2)NC(=O)C3=CNC4=C(C3=O)SC=C4
DB12403,[Sm]
DB12405,CN1C2=NC=NC3=C2C(=CN3[C@H]4[C@@H]([C@@H]([C@H](O4)CO)O)O)C(=N1)N
DB12406,C[C@H](CCCCN1C(=O)C2=C(N=CN2C)N(C1=O)C)O
DB12407,CN(CC(CO)O)C(=O)C1=C(C(=C(C(=C1I)NC(=O)C(CO)CO)I)C(=O)N(C)CC(CO)O)I
DB12408,CC(C)(CCC(C1=CC=CC=C1)(C2=CC=CC=C2)C(=O)N)N3CC(C3)OC4=CC=CC(=C4)O
DB12410,C[C@H]1[C@H]([C@H](C[C@@H](O1)O[C@@H]2[C@@H](O[C@H](C[C@@H]2O)O[C@H]3C[C@@](CC4=C3C(=C5C(=C4O)C(=O)C6=CC=CC=C6C5=O)O)(C(=O)CO)O)C)N)O
DB12411,C1CCN(C1)[C@H]2CCC3=C(CC2)C=C(C=C3)NC4=NN(C(=N4)N)C5=NN=C6C(=C5)CCCC7=CC=CC=C76
DB12412,C1CC(CN(C1=O)C[C@H](CC(=O)N2CCC3=C(C2)N=C(N=C3C(F)(F)F)C(F)(F)F)N)(F)F
DB12414,COC(=O)[C@@H](C1=CC=CC=C1)N2CCC(CC2)C3=CC=C(C=C3)NC(=O)C4=CC=CC=C4C5=CC=C(C=C5)C(F)(F)F
DB12415,C[C@]12CC[C@@H](CC1=CC[C@@H]3[C@@H]2CC[C@]4([C@H]3CC=C4N5C=NC6=CC=CC=C65)C)O
DB12416,CN[C@@H](C[C@H]1CCCOC1)CNC(=O)N2CCC[C@H](C2)[C@H](C3=CC(=CC=C3)Cl)OCCNC(=O)OC
DB12417,CC1=NN2C=C(C=NC2=C1)C(=O)NCC(C)(C)NCC(=O)N3CCC[C@H]3C#N
DB12418,C1=CC=C2C(=C1)C(=O)NS2(=O)=O
DB12419,C[C@@H]1CN(CCN1S(=O)(=O)C2=CC=CC(=C2)[C@](C)(C(F)(F)F)O)C3=C(C=C(C=C3)F)C(F)(F)F
DB12420,CC(=CCC/C(=C/CC/C(=C/CN1C2=C(C(=CC(=C2)O)O)NC3=C(C1=O)C=CC=C3O)/C)/C)C
DB12422,C[S@@](=O)CCCCN=C=S
DB12423,CCCCCCCCCCCCSCC(COP(=O)(O)OC[C@@H]1[C@H](C[C@@H](O1)N2C=C(C(=O)NC2=O)C)N=[N+]=[N-])OCCCCCCCCCC
DB12424,C1CCC2(C1)C(=O)N([C@@H](CN2)C3=CC(=CC(=C3)F)F)CC(=O)NC4=CC5=C(C[C@@]6(C5)C7=C(NC6=O)N=CC=C7)C=C4
DB12425,C1=CC(=C(C=C1OC2=C(C=C(C=C2[131I])C[C@@H](C(=O)O)N)[131I])[131I])O
DB12426,C[C@@H](C(F)(F)F)OC1=C(C=C(C=C1)S(=O)(=O)C)C(=O)N2CCN(CC2)C3=C(C=C(C=N3)C(F)(F)F)F
DB12427,CC1=C(C=CC(=C1)F)[C@H]2C[C@H](CCN2C(=O)N(C)[C@H](C)C3=CC(=CC(=C3)C(F)(F)F)C(F)(F)F)N4CCN5[C@H](C4)CCC5=O
DB12428,CCCC1=C(C=CC(=N1)C(F)(F)F)/C=C/C(=O)N[C@H](C)C2=CC(=C(C(=C2)F)NS(=O)(=O)C)F
DB12429,C1CC1CONC(=O)C2=C(C(=C(C=C2)F)F)NC3=C(C=C(C=C3)I)Cl
DB12432,C1CCN(CC1)CCOC2=CC=CC(=C2)C3=NNC4=C3C=C(C=C4)C5=NC=NN5
DB12433,CC1(CC1)CCCC2=CC(=O)OC3=C2C(=O)NC(=O)N3
DB12434,C[C@@]12CCC[C@@]([C@H]1CC[C@]34[C@H]2CC[C@](C3)(C(=C)C4)O[C@H]5[C@@H]([C@H]([C@@H]([C@H](O5)CO)O)O)O[C@H]6[C@@H]([C@H]([C@@H]([C@H](O6)CO)O)O)O)(C)C(=O)O
DB12435,CCCC1=C(C=CC(=C1OCCCC(=O)O)C(=O)C)OCCCSC2=C(C(=C(C=C2)C(=O)C)O)CCC
DB12436,COC1=C(C=C(C=C1)N2C(=NN=N2)C(F)(F)F)CN[C@H]3CCCN[C@H]3C4=CC=CC=C4
DB12438,C1/C(=C/N2C=NC3=C2N=C(NC3=O)N)/C1(CO)CO
DB12439,C(C(CO)O)NC(=O)C1=C(C(=C(C(=C1I)N(CC(CN(C=O)C2=C(C(=C(C(=C2I)C(=O)NCC(CO)O)I)C(=O)NCC(CO)O)I)O)C=O)I)C(=O)NCC(CO)O)I
DB12440,CC(C)OCCN1C2=C(C(=O)NC1=S)NC=C2
DB12441,C1COC2=C(C=C(C=C2)[N+](=O)[O-])C(=O)N[C@H](C(=O)N[C@H](C(=O)N[C@@H]1C(=O)NCC(=O)O)CCCCN)CCC(=O)O
DB12442,C[C@H]1C[C@@H]([C@@H]([C@H](/C=C(/[C@@H]([C@H](/C=C\C=C(\C(=O)NC2=CC(=O)C(=C(C1)C2=O)NCCN(C)C)/C)OC)OC(=O)N)\C)C)O)OC
DB12443,C1=CC(=CC=C1CCOC2=NC(=C3C(=N2)N(C=N3)[C@H]4[C@@H]([C@@H]([C@H](O4)CO)O)O)N)Cl
DB12444,CCNC(=O)CC[C@@H](C(=O)O)N
DB12445,CC(=O)OC1=CC=CC=C1C(=O)OC2=CC=CC(=C2)CO[N+](=O)[O-]
DB12446,C1CC(CCC1NC2=NC(=NC3=C2C=CN3)C4=CC=CC=C4)O
DB12447,CC1CCC2=C3N1C=C(C(=O)C3=CC(=C2N4CCC(CC4)O)F)C(=O)O
DB12448,CC(C)(C)C1=CC=C(C=C1)CCC(COC2=CC=C(C=C2)C(=O)O)O
DB12449,CC1(CC(CC(N1[O])(C)C)O)C
DB12450,CCCOC(=O)C1=CC(=C(C(=C1)O)O)O
DB12451,CC[C@H]1C(=O)N([C@@H](C(=O)N([C@H](C(=O)N[C@H](C(=O)N([C@H](C(=O)N[C@H](C(=O)N[C@@H](C(=O)N([C@H](C(=O)N([C@H](C(=O)N([C@H](C(=O)N([C@H](C(=O)N1)[C@@H]([C@H](C)C/C=C/C)O)C)C(C)C)C)CC(C)C)C)CC(C)C)C)C)C)CC(C)C)C)C(C)C)CC(C)(C)O)C)SCCN(C)C)C
DB12452,CCCCCCCCO
DB12453,O=Cl[O]
DB12454,CC1=CC2=C([C@@H]3[C@@H]4CC5=C(C(=C6C(=C5[C@@H](N4[C@H]([C@H](C2)N3C)O)CNC(=O)/C=C/C7=CC(=CC=C7)C(F)(F)F)OCO6)C)OC(=O)C)C(=C1OC)O
DB12458,C1=C(ONC1=O)CN
DB12459,CC[C@@]1(C2=C(COC1=O)C(=O)N3CC4=C(C5=CC=CC=C5N=C4C3=C2)CCNC(C)C)O
DB12461,CN1C(=O)N(C(=O)[C@@]1(CO)C2=CC=CC=C2)C3=CC(=C(C=C3)C#N)C(F)(F)F
DB12462,C1CC(CCC1COCC(=O)O)COC(=O)N(C2=CC=CC=C2)C3=CC=C(C=C3)Cl
DB12463,C[C@@H](C(=O)N[C@H]1C2=CC=CC=C2CCN(C1=O)C)NC(=O)[C@H](C(C)C)O
DB12464,COC1=C(C=CC(=C1)CNCCC2CCOCC2)OC3=NC=C(N=C3)C(=O)N
DB12465,C1CN(CCC1C(=O)C2=CC=C(C=C2)F)CCN3C(=O)C4=CC=CC=C4NC3=O
DB12466,C1=C(N=C(C(=O)N1)C(=O)N)F
DB12467,CN1C2C3=CC=CC=C3C(=O)C1C4=C2C(=O)C5=CC=CC=C5C4=O
DB12468,CN1C(=CC=N1)C(=O)NC2=NC(=C(C=C2)C3=C(C=CC(=C3)OC)Cl)N
DB12470,C1=C[C@@H](O[C@@H]1CO)N2C=C(C(=NC2=O)N)F
DB12471,C[C@H](C(C)C)[C@]1(CC[C@@]2([C@H]3CC[C@H]4[C@]5(COC[C@]4(C3=CC[C@]2([C@@H]1C(=O)O)C)C[C@H]([C@@H]5OC[C@@](C)(C(C)(C)C)N)N6C(=NC=N6)C7=CC=NC=C7)C)C)C
DB12472,C1CN(CCN1C[C@@H](CO)O)C2=CC=CC=C2
DB12473,C1CS(=O)(=O)NCN1CN2CCS(=O)(=O)NC2
DB12474,C[C@]12CC[C@H]3[C@H]([C@@H]1CC[C@]2(C#C)O)CCC4=CCCC[C@H]34
DB12475,COC(=O)C1=CC=C(C=C1)C2=CC=C(C=C2)C(=O)OC
DB12476,CCC1=NC2=C(N1CCCCNS(=O)(=O)C)C3=CC=CC=C3N=C2N
DB12477,C1(C(C(C(C(C1(F)F)(F)F)(F)F)(F)F)(F)F)(C(C(F)(F)F)(C(F)(F)F)C(F)(F)F)F
DB12478,C1CN(CCN1CC2=CC3=C(C=C2)OCO3)C4=NC=CC=N4
DB12479,CO/N=C\1/CN(CC12CNC2)C3=C(C=C4C(=O)C(=CN(C4=N3)C5CC5)C(=O)O)F
DB12480,CC(=C)[C@@H]1CC[C@]2([C@H]1[C@H]3CC[C@@H]4[C@]5(CC[C@@H](C([C@@H]5CC[C@]4([C@@]3(CC2)C)C)(C)C)O)C)C(=O)O
DB12481,[Ba]
DB12482,CC(C)N(CCNC(=O)C1=CSC(=N1)NC(=O)C2=CC(=C(C=C2O)OC)OC)C(C)C
DB12484,C1CN(C(=O)NC1O)[C@H]2[C@@H]([C@@H]([C@H](O2)CO)O)O
DB12485,C1CCN(CC1)CC(CN2C=CN=C2[N+](=O)[O-])O
DB12486,CCCCC1(CN(C2=CC(=C(C=C2S(=O)(=O)C1)OCC(=O)N[C@H](C3=CC=CC=C3)C(=O)NCC(=O)O)SC)C4=CC=CC=C4)CCCC
DB12491,CC1=CC(=CC(=C1C2=CC=CC(=C2)COC3=CC4=C(C=C3)[C@@H](CO4)CC(=O)O)C)OCCCS(=O)(=O)C
DB12492,C1CCN(CC1)C2(CCN(CC2)CCC(C#N)(C3=CC=CC=C3)C4=CC=CC=C4)C(=O)N
DB12493,COC(=O)CC1(C[C@H]2CC[C@H]2C1)CN
DB12494,CN1CCC(CC1)CNC2=NN3C(=NC=C3C4=CC(=CC=C4)OC(F)(F)F)C=C2
DB12495,CC[C@H](C)[C@H]1C(=O)N[C@H](C(=O)N[C@H](C(=O)N[C@@H](CSSC[C@@H](C(=O)N[C@H](C(=O)N1)CC2=CC=CC=C2)N)C(=O)N3CCC[C@H]3C(=O)N[C@@H](CCCNC(C)C)C(=O)NCC(=O)N)CC(=O)N)CCCC(=O)N
DB12497,CC1=C(SC=[N+]1CC(=O)C2=CC=CC=C2)C
DB12499,CCC(=O)O[C@@]1(CC[C@@H]2[C@@]1(CC[C@H]3[C@H]2CCC4=CC(=O)CC[C@]34C)C)C(=O)CO
DB12501,CC(C)(C(=O)NC1C2CC3CC1CC(C3)(C2)C(=O)N)N4CCN(CC4)C5=NC=C(C=C5)C(F)(F)F
DB12504,CC1(CCC(=CC1)C2=C(C=CC(=N2)C3CC(OC(C3)(C)C)(C)C)NC(=O)C4=NC=C(N4)C#N)C
DB12505,CC1=C2C(=CNC2=C(C=C1)NS(=O)(=O)C3=CC=CC(=C3)C#N)C#N
DB12506,C1=CC=C(C=C1)N2C(=NN=N2)N
DB12507,CO/N=C(/C1=CC=C(C=C1)CNC(=O)[C@@H]2CCN2C(=O)[C@@H](C3=CC(=CC(=C3)Cl)OC(F)F)O)\N
DB12508,CC[C@@H]([C@@H](C)[C@@H]1[C@H](O1)C[C@](C)(/C=C/C=C(\C)/[C@@H]2[C@H](/C=C/[C@@H]([C@](CC[C@H](CC(=O)O2)O)(C)O)OC(=O)N3CCN(CC3)C4CCCCCC4)C)O)O
DB12509,C[C@@H]1N=C(NC(=N1)N(C)C)N
DB12510,[O-][O+]=O
DB12511,CC1=C(N=C(O1)C2=CC=CC=C2)COC3=CC=C(C=C3)CO/N=C(\CCC(=O)O)/C4=CC=CC=C4
DB12512,CC[C@@H](C1=NC(=NO1)C)NC2=CC(=NC3=C(C(=NN23)C)C4=C(C=C(C=C4)OC)C)C
DB12513,C[C@@]12CC[C@]3(CCC(C[C@H]3[C@H]1C(=O)C=C4[C@]2(CC[C@@H]5[C@@]4(C=C(C(=O)C5(C)C)C#N)C)C)(C)C)NC(=O)C(C)(F)F
DB12514,C1=CC(=CC=C1CNCCCC[C@@H](C(=O)O)NC(=O)N[C@@H](CCC(=O)O)C(=O)O)[123I]
DB12515,CC[C@@]1(C2=C(COC1=O)C(=O)N3CC4=CC5=C(C=CC=C5N=C4C3=C2)N)O
DB12517,C[C@@H]1CN(C[C@@H](C1(C2=CC=CC=C2)O)C)C(=O)[C@@H]3CN(C[C@H]3C4=C(C=C(C=C4)F)F)C(C)(C)C
DB12518,CCN1CCC[C@H]1CNC(=O)C2=C(C(=CC(=C2OC)Cl)Cl)O
DB12519,CNCC(=O)O
DB12521,CN1CCCC1=O
DB12522,CC1=CC(=C2C(=C1)NC(=N2)C3=CN=C(N=C3C)NCCCC4CCN(CC4)C)C
DB12523,CN(C1CCN(CC1)C2=NC3=CC=CC=C3N2CC4=CC=C(C=C4)F)C5=NC=CC(=O)N5
DB12524,CN(C)C1=C(C(=NC(=N1)CC2=CC=C(C=C2)NC(=O)C3=CC=C(C=C3)C(F)(F)F)N(C)C)CC(=O)O
DB12526,COC1=CC(=C(C=C1CNC[C@@H](C2=C3C=CC(=O)NC3=C(C=C2)O)O)Cl)NC(=O)CCN4CCC(CC4)OC(=O)NC5=CC=CC=C5C6=CC=CC=C6
DB12527,C1[C@H]2CN(C[C@H]2N1)C3=CC(=C(N=C3)Cl)Cl
DB12528,CCCCCCCC/C=C\CCCCCCCCCCCC(=O)OCC(OC(=O)CCCCCCCCCCC/C=C\CCCCCCCC)COC(=O)CCCCCCCCCCC/C=C\CCCCCCCC
DB12529,N(=O)[O-]
DB12531,C1[C@@H]([C@H]([C@@H]1N2C=NC3=C2N=C(NC3=O)N)CO)CO
DB12533,C[C@@H](C(F)(F)F)NC1=C(C(=NC2=NC=NN12)Cl)C3=C(C=C(C=C3F)OCCCNC)F
DB12535,CC1=CC(=NN1)NC2=NC(=NC3=CC=CC=C32)C(C4=CC=C(C=C4)F)O
DB12536,CC(=O)N[C@H](C=O)[C@H]([C@@H]([C@@H](CO)O)O)O
DB12537,C1=CC=C2C(=C1)C=CC=NN2
DB12538,CC(C)C[C@H]1C(=O)N[C@H](C(=O)N[C@H]2CC(=O)NC[C@@H](C(=O)N1)NC(=O)[C@@H](NC(=O)[C@@H](NC2=O)CC3=CNC4=CC=CC=C43)CC5=CC=CC=C5)CC(=O)N[C@H]6[C@@H]([C@H]([C@@H]([C@H](O6)CO)O)O)NC(=O)C
DB12539,CC1=C(SSC1=S)C2=NC=CN=C2
DB12540,C[C@H](CN(C1=CC=CC=N1)C(=O)C2=CC=C(C=C2)C#N)N3CCN(CC3)C4=C5C(=CC=C4)OCCO5
DB12541,CC(C)(C)C[C@H]1[C@@]2([C@H]([C@@H](N1)C(=O)NC3CCC(CC3)O)C4=C(C(=CC=C4)Cl)F)C5=C(C=C(C=C5)Cl)NC2=O
DB12542,CCN1C2=NC=C(C(=C2C=N1)NC3CCOCC3)C4=NN=C(O4)CC5=C(N=C(S5)C)C
DB12543,C1CC1CN2CC[C@]34CC(=O)CC[C@]3([C@H]2CC5=C4C(=C(C=C5)C(=O)N)O)O
DB12545,CCC(C1=CC=C(C=C1)N2CC3=CC=CC=C3C2=O)C(=O)O
DB12547,C1[C@H]2CSC(=N[C@]2(CO1)C3=C(C=CC(=C3)NC(=O)C4=NC=C(C=C4)F)F)N
DB12548,CCCCC1=NC2(CCCC2)C(=O)N1CC3=CC(=C(C=C3)C4=CC=CC=C4S(=O)(=O)NC5=NOC(=C5C)C)COCC
DB12549,CN(C)CCCN1C2=C3C(=C(C=C2)[N+](=O)[O-])NC4=C(C3=N1)C=C(C=C4)OC
DB12550,CN1C(=CC=N1)C2=NN=C(C3=CC=CC=C32)N4CCC(CC4)N(C)C(=O)C5=C(C=C(C=C5)F)C(F)(F)F
DB12551,C1CN=C(N1)C2COC3=CC=CC=C3O2
DB12553,C[C@]12C[C@@H]([C@]3([C@H]([C@@H]1C[C@H]([C@@]2(C(=O)CO)O)O)C[C@@H](C4=CC(=O)C=C[C@@]43C)F)F)O
DB12554,CCN(CCCCOC(=O)C1=CC(=C(C=C1)OC)OC)C(C)CC2=CC=C(C=C2)OC
DB12555,CN1C(=C(C=N1)Br)C2=C(C=CC(=C2)NC(=O)NC3=C(C=C(C=C3)F)F)OC
DB12556,C1CC(CCC1OC2=C(C(=CC=C2)Cl)F)(CC3=NC(=CC=C3)NC4=NC=CS4)C(=O)O
DB12557,CCCCCS(=O)(=O)NC(=O)C1=CC2=C(C=C1)N=C(N2CC3=C(C=C(C=C3)Cl)Cl)C
DB12558,CCN1CCN(CC1)CC2=CC=C(C=C2)C3=CC4=C(N3)N=CN=C4N[C@H](C)C5=CC=CC=C5
DB12559,C1=CC(=CC=C1C(=O)N(CCNC(=S)NC2=CC3=C(C=C2)C4(C5=C(C=C(C=C5)O)OC6=C4C=CC(=C6)O)OC3=O)[C@@H](CCC(=O)N)C(=O)O)NCC7=CN=C8C(=N7)C(=O)NC(=N8)N
DB12561,CC1=CC(=CN=C1C2=CC(=NC=C2)C)CC(=O)NC3=NC=C(C=C3)C4=NC=CN=C4
DB12562,C1CN(CC2=C1N(C3=C2C=C(C=C3)F)CC(=O)O)C(=O)C4=CC=CC5=CC=CC=C54
DB12563,C[C@H](C1=C(C=C(C=C1)C2=C(C(=CC=C2)Cl)C(=O)OC)F)NC(=O)C3(CC3)NC(=O)C(F)(F)F
DB12564,CCCCCCCC/C=C/CCCCCCCC(=O)OC[C@@H]1[C@H](C([C@@H](O1)N2C=CC(=NC2=O)N)(F)F)O
DB12565,CN(C)CC1=C(OC2=CC=CC=C21)C(=O)NCCOC3=CC=C(C=C3)C(=O)NO
DB12566,CC[C@](C)(C(=O)NCC(F)(F)F)NC1=NC(=NC=C1)C2=CNC3=C2C=CC=N3
DB12567,C[C@H]1CN(CCN1)CC2=CC=C(C=C2)CC(=O)N3CCC(CC3)NC4=CC(=CC=C4)F
DB12569,CCCN1C2=C(C(=O)N(C1=O)CCC)NC(=N2)C34CCC(CC3)(CC4)CCC(=O)O
DB12570,CC(C)(C1=NC=C(C=C1)C2=CN=C3C(=N2)N(C(=O)CN3)C4CCC(CC4)OC)O
DB12571,C[C@@H](C1=CC(=C(C=C1)C2=CC=CC=C2)F)C3=NOC(=C3)/N=C(\N)/N4CCOCC4
DB12572,CC[C@@H](C)NC1=NC(=NC2=C(C(=NN21)C)C3=C(N=C(C=C3)OC)C)C
DB12573,CC(C)OC(=O)N[C@H]1CC2=C(C1)N(C3=C2C=C(C=C3)C#N)CC4=CC=CC=N4
DB12574,C1COC2=C1C=C(C=C2)S(=O)(=O)NC(=O)NC3=CC(=C(C=C3)Cl)Cl
DB12575,C[C@@H]([C@@H]([C@H]1CNC2=NC(=NC(=C2N1)N)N)O)O
DB12576,CCCOC(=O)CC1=CC(=C(C=C1)OCC(=O)N(CC)CC)OCC
DB12577,COC1=C(C=C(C=C1)/C=C\C2=CC(=C(C(=C2)OC)OC)OC)OP(=O)(O)O
DB12579,C1CN(CCC1NC2=NN=C(C=C2)C(F)(F)F)CC3=CC(=C(C=C3)F)F
DB12580,C1=CC=C(C(=C1)C(=O)C2=C(N=CC=C2)C3=C(N(N=N3)CC4=CC(=CC(=C4)C(F)(F)F)C(F)(F)F)C5=CC=NC=C5)Cl
DB12581,CCCC[C@@H](C(=O)N[C@@H](CCCN=C(N)N)C(=O)N1CCC[C@H]1C(=O)N[C@H](C)C(=O)N)NC(=O)[C@@H](CCCCNC(=O)N)NC(=O)[C@H](CC2=CC=C(C=C2)O)N(C)C(=O)[C@H](CO)NC(=O)[C@@H](CC3=CN=CC=C3)NC(=O)[C@@H](CC4=CC=C(C=C4)Cl)NC(=O)[C@@H](CC5=CC6=CC=CC=C6C=C5)NC(=O)C
DB12582,C1CCN(CC1)C(=O)/C=C/C=C/C2=CC3=C(C=C2)OCO3
DB12585,C1COCCC1CCNCC2=CC(=C(C=C2)OC3=NC=C(C=C3)C(=O)N)F
DB12586,CCC1=C[C@H]2C[C@@](C3=C(CCN(C2)C1)C4=CC=CC=C4N3)(C5=C(C=C6C(=C5)[C@]78CCN9[C@H]7[C@@](C=CC9)([C@H]([C@@]([C@@H]8N6C)(C(=O)OC)O)OC(=O)C)CC)OC)C(=O)OC
DB12587,C[C@H]1C=C(CN1)C2=CSC(=N2)SC3=C(N4[C@H]([C@H]3C)[C@H](C4=O)[C@@H](C)O)C(=O)O
DB12588,CC1=CC(=NN1)NC2=NC(=NC=C2Cl)N[C@@H](C)C3=NC=C(C=N3)F
DB12590,CC(=O)N(C)C1=CC=CC(=C1)C2=CC=NC3=C(C=NN23)C(=O)C4=CC=CS4
DB12591,CCN1C(=CC2=C3C(=C(N=C21)NC4=NN(C(=C4)C)C)N=CN3C)C(=O)N(C5CC5)C6CC6
DB12592,CCCCCCCCCCCCCCCC(=O)OCC(COC(=O)C)OC(=O)CCCCCCC/C=C\C/C=C\CCCCC
DB12593,CN1C(=C(C2=C1C(=O)C=C(C2=O)N3CC3)CO)/C=C/CO
DB12594,C1C2CC3CC1CC(C2)(C3)CNC(=O)C4=C(C=CC(=C4)CCCNCCCO)Cl
DB12596,COC1=C(C=C(C=C1)C[C@H](C2=CC(=C(C(=C2)OC)OC)OC)O)O
DB12597,C1CN(C[C@@H]1O)C2=C(C=C(C=N2)C(=O)NC3=CC=C(C=C3)OC(F)(F)Cl)C4=CC=NN4
DB12601,CC(=O)O[C@@H]1C[C@]2([C@@H](CCC2=O)C3=C1[C@]4([C@H](OC(=O)/C(=C/N(CC=C)CC=C)/C4=C(C3=O)O)COC)C)C
DB12602,C[C@H]([C@H]1C(=O)N[C@@H](CSSC[C@@H](C(=O)N[C@H](C(=O)N[C@@H](C(=O)N[C@H](C(=O)N1)CCCCN)CC2=CNC3=CC=CC=C32)CC4=CC=CC=C4)NC(=O)[C@@H](CC5=CC=CC=C5)NC(=O)CN(CCN(CCN(CC(=O)O)CC(=O)O)CC(=O)O)CC(=O)O)C(=O)N[C@H](CO)[C@@H](C)O)O
DB12604,C[C@@]1(CO[C@@H]([C@@H]([C@H]1NC)O)O[C@H]2[C@@H](C[C@@H]([C@H]([C@@H]2O)O[C@@H]3[C@@H](CC=C(O3)CN)N)N)N)O
DB12605,CC(C)[C@](CCCN(C)CCC1=CC(=CC=C1)C(=O)OC)(C#N)C2=CC(=C(C=C2)OC)OC
DB12606,CC#CC1=CN(C(=O)NC1=O)[C@H]2[C@H]([C@@H]([C@H](O2)CO)O)O
DB12608,C1CCC(CC1)COC2=CC=CC(=C2)[C@@H](CCN)O
DB12610,C1=CC=C(C=C1)N2C(=O)C3=CC=CC=C3[Se]2
DB12611,CN1C=C(C=N1)C2=C3C=NNC(=O)C4=C3C(=CC(=C4)NC(=O)[C@@H](C5CCCCC5)N)N2
DB12613,CC[C@H](C)[C@@H](C(=O)N1CCC[C@H]1C(=O)N[C@@H](CCC(=O)N)C(=O)O)NC(=O)[C@H](CO)NC(=O)[C@H](C(C)C)NC(=O)[C@@H]2CCCN2C(=O)[C@H](C)NC(=O)[C@H](CC(=O)N)N
DB12614,C[C@H](C1=CC=C(C=C1)CC(C)C)C(=O)NS(=O)(=O)C
DB12617,C1=NC(=C(N1[C@H]2[C@@H]([C@@H]([C@H](O2)CO)O)O)O)C(=O)N
DB12618,CC(=O)C1=CC(=C(C=C1)O)OC
DB12619,CC1=C2[C@H](C(=O)[C@@]3([C@H](C[C@@H]4[C@]([C@H]3[C@@H]([C@@](C2(C)C)(C[C@@H]1OC(=O)[C@@H]([C@H](C5=CC=CC=C5)NC(=O)C6=CC=CC=C6)O)O)OC(=O)C7=CC=CC=C7)(CO4)OC(=O)OC)O)C)OC(=O)C
DB12621,C1C2=CC=CC=C2CC13C(=O)N=C4N3C=CC=C4
DB12622,CC(=C)[C@@H]1CC[C@]2([C@H]1[C@H]3CC[C@@H]4[C@]5(CC[C@@H](C([C@@H]5CC[C@]4([C@@]3(CC2)C)C)(C)C)O)C)C
DB12623,C1=CC(=CC(=C1)OCC(=O)O)CN(CC2=CC=C(C=C2)N3C=CC=N3)S(=O)(=O)C4=CN=CC=C4
DB12624,CCCCCCCCN=C1C=CN(C=C1)CCCCCCCCCCN2C=CC(=NCCCCCCCC)C=C2
DB12625,CC(C)(C)OC[C@@H]1C(=O)NCCN1C(=O)C[C@@H](CC2=CC(=C(C=C2F)F)F)N
DB12627,CC(C)C1=NOC(=N1)N2CCC(CC2)COC3=CN=C(C=C3)C4=CC=C(C=C4)S(=O)(=O)C
DB12628,[2H]C([2H])([2H])[N+](CCO)(C([2H])([2H])[2H])C([2H])([2H])[2H]
DB12629,C1=CC(=CC=C1O)OC2=C(C=C(C=C2I)CCC(=O)O)I
DB12630,CC(C)CCOC(=O)C(=C)C#N
DB12631,CCCC[C@@H](C(=O)N[C@@H](CC1=CC=C(C=C1)O)C(=O)N[C@@H]([C@@H](C)CC)C(=O)N[C@@H](CC2=CN=CN2)C(=O)N3CCC[C@H]3C(=O)O)NC(=O)[C@H](CCCN=C(N)N)NC(=O)[C@H](CC(=O)O)N
DB12632,C1CC(CCC1N2CC(C2)NC(=O)CNC(=O)C3=CC(=CC=C3)C(F)(F)F)(C4=CN=CS4)O
DB12633,CC1=C2[C@H](C(=O)[C@@]3([C@H](C[C@@H]4[C@]([C@H]3[C@@H]([C@@](C2(C)C)(C[C@@H]1OC(=O)[C@@H]([C@H](C5=CC=CC=C5)NC(=O)C6=CC=CC=C6)O)O)OC(=O)C7=CC=CC=C7)(CO4)OC(=O)C)OCSC)C)OC(=O)C
DB12635,CC1=CC(=CC=C1)C2=CC3=C(C=C2)N(C=C3C(=O)C(=O)O)CC4=CC=C(C=C4)C(C)(C)C
DB12637,C[C@@]12C[C@@H](C3=C4CCC(=O)C=C4CC[C@H]3[C@@H]1CC[C@@]2(CCCO)O)C5=CC=C(C=C5)N(C)C
DB12638,CC(C)NCCCN1C2=NC=NC(=C2N=C1SC3=C(C=C4C(=C3)OCO4)I)N
DB12640,CN1C=NC=C1[C@@](C2=CC=C(C=C2)Cl)(C3=CC4=C(C=C3)N(C(=O)C=C4C5=CC=CC(=C5)C#C)C)O
DB12641,CC1=CC=C(C=C1)SC2=CC=CC=C2C3CCNCC3
DB12642,CCCCCCCCCCCCCCOC1=CC=C(O1)C(=O)OCC(=O)N(C)CC(=O)OCC
DB12643,CN(C)C(=O)[C@@H]1C[C@H](CN1[C@]2(C3=C(C=CC(=C3)Cl)N(C2=O)S(=O)(=O)C4=C(C=C(C=C4)OC)OC)C5=CC=CC=C5OC)O
DB12644,C[C@H](C1=NOC(=C1)C2=CC(=CC=C2)Cl)OC3=NN=C(N3C)C4=CC=NC=C4
DB12645,CCN(CC)CC1=CC2=C(C=C1)C=C(C=C2)COC(=O)NC3=CC=C(C=C3)C(=O)NO
DB12647,CC(=CCC/C(=C/CC/C(=C/CCC1(CCC2=C(O1)C=CC(=C2)O)C)/C)/C)C
DB12648,C(C[C@@H](C(=O)N[C@@H](CCCN=C(N)N)C(=O)N[C@@H](CCCN=C(N)N)C(=O)N[C@@H](CCCN=C(N)N)C(=O)N[C@@H](CCCN=C(N)N)C(=O)N[C@@H](CCCN=C(N)N)C(=O)N[C@@H](CCCN=C(N)N)C(=O)N[C@@H](CCCN=C(N)N)C(=O)N[C@@H](CCCN=C(N)N)C(=O)O)N)CN=C(N)N
DB12649,CN=C(NS(=O)(=O)C1=CC=C(C=C1)Cl)N2C[C@@H](C(=N2)C3=CC=C(C=C3)Cl)C4=CC=CC=C4
DB12650,[2H]C([2H])(C#C)N([11CH3])[C@H](C)CC1=CC=CC=C1
DB12651,C[C@@]12CC[C@]3(CCC(C[C@H]3[C@H]1C(=O)C=C4[C@]2(CC[C@@H]5[C@@]4(C=C(C(=O)C5(C)C)C#N)C)C)(C)C)C(=O)O
DB12654,CC(C)(C)C1=CC=C(C=C1)C2=C(N(C3=CC=CC=C32)CC4=CC(=CC(=C4)OCCOC)OCCOC)C(=O)O
DB12655,C[C@H]1C[C@@H]2[C@H]([C@H]([C@]3(O2)CC[C@H]4[C@@H]5CC[C@@H]6C[C@@H](CC[C@@]6([C@H]5CC4=C(C3)C)C)NS(=O)(=O)C)C)NC1
DB12657,CC1=C(N2C(=N1)C(=CC=N2)N3CCOCC3)C4=CN=C(C=C4)CCOC
DB12658,CC1=C(OC2=CC=CC=C12)CN(C)C(=O)/C=C/C3=CC4=C(NC(=O)CC4)N=C3
DB12659,C1=CC=C2C(=C1)[C@@H]([C@H](N(C2=O)CC(F)(F)F)C3=CN=CC=C3)C(=O)NC4=CC(=C(C=C4)F)C#N
DB12660,CC(C)[C@@H](C(=O)N1CCC[C@H]1C2=NC3=C(N2)C=C(C=C3)C4=CSC5=C4SC=C5C6=CC=C(C=C6)C7=CN=C(N7)[C@@H]8CCCN8C(=O)[C@@H](C9=CC=CC=C9)NC(=O)OC)NC(=O)OC
DB12661,CN1C(=CC(=O)N(C1=O)C)NCCCN2CCN(CC2)C3=CC=CC=C3OC
DB12662,CO[C@@H](CC1=CC=C(C=C1)OCCCOC2=CC=C(C=C2)OC3=CC=CC=C3)C(=O)O
DB12663,C1=CC(=CC=C1C(C#N)C2=C(C=C(C=C2Cl)N3C(=O)NC(=O)C=N3)Cl)F
DB12664,C1C(CC2=CC=CC=C21)NCC(=O)N
DB12665,C1=CC(=C(C=C1C2=C(C(=O)C3=C(C=C(C=C3O2)O)O)O[C@H]4[C@@H]([C@H]([C@@H]([C@H](O4)CO)O)O)O)O)O
DB12666,CCN(CC1=CC=CC=C1)C(=O)CN2C3=NC(=NC=C3N(C2=O)C)C4=CC=CC=C4
DB12667,CCCC1=NC=CC(=C1)C(=S)N
DB12668,CSCC[C@@H](C(=O)O)NC(=O)[C@H](CC1=CC=CC=C1)NC(=O)CNC(=O)CNC(=O)[C@H](CC2=CC=C(C=C2)O)N
DB12669,CC1=CC(=C(C=C1)OC)NC(=O)NC2=NC3=C(S2)C=C(C=C3)NC4=NC=NC5=CC(=C(C=C54)OC)OCCCN6CCN(CC6)C
DB12670,CCCN1C2=C(C(=O)N(C1=O)CCC)NC(=N2)C34C[C@@H]5C[C@H](C3)CC4C5
DB12671,CC(=CC[C@@H]1[C@@](O1)(C)[C@H]2[C@@H]([C@@H](CC[C@]23CO3)OC(=O)/C=C/C4=CC=C(C=C4)OCCN(C)C)OC)C
DB12672,CC(=CCC1=C2C(=C(C=C1O)O)C(=O)C(=C(O2)C3=CC=C(C=C3)OC)O)C
DB12673,CC(C)C1=CC=C(C=C1)C2=NC(=O)N(C3=C2C=C(C=C3)OCC#C)CC4=CC5=NC=C(N=C5C=C4)Br
DB12675,C1COC[C@@H]1OC2=CC=CC3=C2C(=NO3)OCC4CCN(CC4)CC5(CCOCC5)O
DB12676,C1[C@@H]2CN(CN2C3=C(N1)N=C(NC3=O)N)C4=CC=C(C=C4)C(=O)N[C@@H](CCC(=O)O)C(=O)O
DB12677,CC[C@H](C)[C@@H]([C@@H](CC(=O)N1CCC[C@H]1[C@@H]([C@@H](C)C(=O)NCCC2=CC=CC=C2)OC)OC)N(C)C(=O)[C@H](C(C)C)NC(=O)[C@H](C(C)C)N(C)C
DB12678,C1CNCCC1C(=O)N[C@H](CC2=CSC3=CC=CC=C32)C(=O)N[C@H](CC4=CNC5=CC=CC=C54)C(=O)N[C@@H](CC6=CC=CC=C6)C(=O)NC7(CCNCC7)C(=O)N
DB12679,C[C@@H](C1=CC=CC=C1)NC(=O)/C(=C/C2=NC(=CC=C2)Br)/C#N
DB12680,C1CN(CCN1)C2=CC=CC3=CC(=CN=C32)S(=O)(=O)C4=CC=CC=C4
DB12681,CC(=CCC/C(=C/CC/C(=C/CSC1=CC=CC=C1C(=O)O)/C)/C)C
DB12682,C1=CC(=CC=C1CCCCN2C=CN=N2)OCC3=COC(=N3)/C=C/C4=CC=C(C=C4)C(F)(F)F
DB12685,C1CC[C@H]([C@@H](C1)N(C2CC2)C(=O)NCCCOC3=CC4=C(C=C3)NC(=O)C=C4)O
DB12686,CC(C)CC(=O)NC1=NNC2=C1CN(C2(C)C)C(=O)C3CCN(CC3)C
DB12687,CCCCOC1=NC(=C2C(=N1)N(CC(=O)N2)CC3=CC=CC(=C3)CN4CCCC4)N
DB12689,CCCCC1=NC(=CN1C2=CC=C(C=C2)OC3=CC=C(C=C3)Cl)C4=CC=C(C=C4)OCCCN(CC)CC
DB12690,CN1C=C(N=C1C2CCN(CC2)C3=NC=NC4=C3C=NN4)C5=CC(=C(C=C5)F)C(F)(F)F
DB12691,CCNC(=O)[C@@H]1[C@H]([C@H]([C@@H](O1)N2C=NC3=C(N=C(N=C32)C(=O)NCCNC(=O)NC4CCN(CC4)C5=CC=CC=N5)NCC(C6=CC=CC=C6)C7=CC=CC=C7)O)O
DB12692,C(CCCN=C(N)N)CCC(=O)NC(C(=O)NCCCCNCCCN)O
DB12693,CC1=C(C(=O)N2C=CSC2=N1)CCN3CCC(=C(C4=CC=C(C=C4)F)C5=CC=C(C=C5)F)CC3
DB12694,CC(C)N(CC1=CC=CC=C1)C(=O)CN2C3=CC=CC=C3N4C(=NN=C4C5=CC=CC=C5)[C@@H](C2=O)CC6=CNC7=CC=CC=C76
DB12695,C1=CC=C(C=C1)CCN=C=S
DB12696,CCCNC(=O)C1=CN2C(=C1C)C(=NC=N2)NC3=C(C=CC(=C3)C(=O)NC4CC4)C
DB12697,C[Se]C[C@@H](C(=O)O)N
DB12700,C[C@@H]1CC[C@@]2([C@H]([C@H]3[C@@H](O2)C[C@@H]4[C@@]3(CC[C@H]5[C@H]4CC=C6[C@@]5(CC[C@@H](C6)O[C@H]7[C@@H]([C@H]([C@@H]([C@H](O7)CO)O[C@H]8[C@@H]([C@@H]([C@H]([C@@H](O8)C)O)O)O)O)O[C@H]9[C@@H]([C@@H]([C@H]([C@@H](O9)C)O)O)O)C)C)C)NC1
DB12702,CC(C)N1C2=CC=CC=C2C=C(C1=O)C(=O)NC3C[C@H]4CC[C@@H](C3)N4C[C@H](CN(C)S(=O)(=O)C)O
DB12703,COC1=C(C=C(C=N1)C2=CC3=C(C=CN=C3C=C2)C4=CN=NC=C4)NS(=O)(=O)C5=C(C=C(C=C5)F)F
DB12704,CN([C@H]1CC[C@@]2(CCCO2)C[C@@H]1N3CCCC3)C(=O)CC4=CC(=C(C=C4)Cl)Cl
DB12705,CCC1=C(C(=CC(=C1)C2=NOC(=N2)C3=CC(=NC(=C3)OC)C4CCCC4)C)OC[C@H](CO)O
DB12706,C1=CC2=CC(=C(N=C2C(=C1)Cl)C3=C[N+](=CC=C3)[O-])[C@H](C(F)(F)F)NC4=NC=NC5=C4N=CC=C5
DB12707,CC(C)[C@@H](C1=CC=CC=C1)C(=O)NC2=CC=C(C=C2)C(=O)NO
DB12708,CS(=O)(=O)NC(=O)CCC/C=C\C[C@@H]1[C@H]([C@@H](CC1=O)O)/C=C/[C@H](COC2=CC=CC=C2)O
DB12709,CCCC(=O)OCC(COC(=O)CCC)OC(=O)CCC
DB12710,CN1CCN(CC1)CCCN2C3=CC=CC=C3SC4=CC=CC=C42
DB12711,CC(C)(C)C1=CC2=C(C(=C1)C(C)(C)C)NC(=C2C[C@@H](C(=O)N[C@@H](CCCN=C(N)N)C(=O)NCCC3=CC=CC=C3)NC(=O)[C@H](CCCN=C(N)N)N)C(C)(C)C
DB12712,CC1=C(C(=CC=C1)C)NC(=O)CC23CCCN2CCC3
DB12713,CCOC1=CC=C(C=C1)CC2=C(C=CC(=C2)[C@H]3[C@@H]([C@H]([C@@H]([C@H](O3)SC)O)O)O)Cl
DB12714,CCCN(C1=C(C=NC=C1)F)N2C=C(C3=CC=CC=C32)C
DB12715,C1=CN=C(N=C1)NCC2=CC=C(C=C2)CNC3=NC=CC=N3
DB12716,C1=NC(=C2C(=N1)N(C=N2)CCNCCCCCO)N
DB12717,C[C@@H](CNS(=O)(=O)C(C)C)C1=CC=C(C=C1)C2=CC=C(C=C2)CCNS(=O)(=O)C
DB12719,CC(C)OC(=O)C1=CN(CC(C2=C1NC3=CC=CC=C32)(C)C)C(=O)C4=CC(=C(C=C4)F)F
DB12720,CC(C)[C@]1(CC(=NO1)C2=NC=CC3=CC=CC=C32)C(=O)N[C@H]4CC(=O)O[C@@]4(CF)O
DB12721,CN(C)CCN1C=C(C2=C1C=C(C=C2)Cl)C(=O)N3CCC4(CC3)C5=CC=CC=C5CO4
DB12724,CCCS(=O)(=O)N1CCN(CC1)CC2=CC=C(C=C2)NC(=O)C3=CC=C(C=C3)C4=C(C=CC(=C4)NC(=O)C5CC5)OC(F)(F)F
DB12725,CC(C)C1=NC2=C(C=CC=C2N1)C(=O)NCC3CCN(CC3)CC4CCN(CC4)C(=O)OC
DB12727,C1CO[P@](=O)(N[C@@H]1OO)N(CCCl)CCCl
DB12728,CC(CC1=CC=C(C=C1)C(C)(C)C)CN2CCCCC2
DB12729,CC(C)S(=O)(=O)C1=CC=CC=C1NC2=NC(=NC=N2)NC3=C(C=C(C=C3)N4CCC(CC4)N5CCN(CC5)C)OC
DB12730,CC[C@H](C)[C@@H]([C@@H](CC(=O)N1CCC[C@H]1[C@@H]([C@@H](C)C(=O)N[C@@H](CC2=CC=CC=C2)C3=NC=CS3)OC)OC)N(C)C(=O)[C@H](C(C)C)NC(=O)[C@H](C(C)C)N(C)C
DB12731,C1CN(CCC1CCCCNC(=O)/C=C/C2=CN=CC=C2)C(=O)C3=CC=CC=C3
DB12732,CCOCC1=CC(=C(C(=C1)OC)C2=CC=C(C=C2)C[C@@H](C(=O)O)NC(=O)C3=C(C=CC=C3F)F)OC
DB12733,C1=CC=NC(=C1)C#CCCC2=CN3C=C(C=CC3=N2)F
DB12736,C1=CN(C(=N1)[N+](=O)[O-])CC(=O)NCCO
DB12739,CC(C)(C(=O)O)OCC1=NN(C2=CC=CC=C21)CC3=CC=CC=C3
DB12740,CCN1C(=O)CNC2=NC=C(N=C21)C3=C(N=C(C=C3)C4=NC=NN4)C
DB12741,CC1=NC=C(N1CCNS(=O)(=O)N)[N+](=O)[O-]
DB12742,C1CN(CCN1C2=NC=NC3=C2OC4=CC=CC=C43)C(=S)NCC5=CC6=C(C=C5)OCO6
DB12743,C1CN(CCN1C(C2=CC=CC=C2)C3=CC=CC=C3)C(=O)CC(C4=CC=CC=C4)C5=CC=CC=C5
DB12744,COC1=C(C=C(C=C1)Br)NC(=O)NC2=C3C=CN(C3=CC=C2)CC4=CC(=NC=C4)N
DB12745,CCN1C2=C(C(=NC=C2OC[C@H]3CCCNC3)C#CC(C)(C)O)N=C1C4=NON=C4N
DB12746,C1=CC2=C(C=CN2)C=C1NC3=NC(=CN=C3N)C4=CC=NC=C4
DB12748,C1=CC=C(C=C1)C(C2=CC=CC=C2)[C@@H](C(=O)N[C@@H](CCCCN)C(=O)N)NC(=O)[C@H](CC3=CNC4=CC=CC=C43)NC(=O)[C@H](CCCCN)NC(=O)[C@H](CCCCN)NC(=O)[C@H](CC5=CNC6=CC=CC=C65)NC(=O)[C@H](CC7=CNC8=CC=CC=C87)NC(=O)[C@H](CCCCN)NC(=O)[C@H](CCCCN)N
DB12749,CCCCC1C2=CC=CC=C2C(=O)O1
DB12750,COC(=O)[C@H](CCCN=C(N)N[N+](=O)[O-])N
DB12751,C(C(C(=O)O)O)C(=O)O
DB12752,CC(C)(CC1=CNC2=CC=CC=C21)NCC(COC3=CC=CC=C3C#N)O
DB12754,[I-]
DB12756,CCS(=O)(=O)C1=CC=CC(=C1)C2=CC(=C(C3=C2C4=C(N3)N=CC(=C4)C)C)C(=O)NC5CCN(CC5)C
DB12757,CC1=C(SC(=C1)C(=O)N[C@@H](CCC(=O)O)C(=O)O)CC[C@H]2CC3=C(NC2)N=C(NC3=O)N
DB12758,C[C@H](C#CC1=CC=C(S1)CC2=CC=C(C=C2)F)N(C(=O)N)O
DB12760,CC(C)(C)C1=NN=C(O1)[C@@H]2[C@H]([C@H]([C@@H](O2)N3C=NC4=C(N=CN=C43)NC5=C(C=C(C=C5)Cl)F)O)O
DB12761,CN([C@@H](CC1=CC=C(C=C1)Cl)C(=O)N(CC2=CC=CC=C2)C(CCC3=CC=NC=C3)CCC4=CC=NC=C4)C(=O)C(=O)C5=CC(=C(C(=C5)OC)OC)OC
DB12762,CCOC(=O)[C@H](C)NP(=O)(COCCN1C=NC2=C(N=C(N=C21)N)NC3CC3)N[C@@H](C)C(=O)OCC
DB12763,C[C@@H](C1=CC=C(C=C1)[C@@H](CNC(C)(C)C)O)N
DB12764,C1C2CC3(CC1CC(C2)(C3)C(=O)NCC4=CC=NC=C4)C5=CC=C(C=C5)Cl
DB12765,CN=C=O
DB12766,CC1=NC=C2C(OCC2=C1O)C3=CC=C(C=C3)Cl
DB12767,C([C@@H]1[C@@H]([C@@H]([C@H]([C@@H](O1)O[C@H](CO)[C@@H]([C@H](C=O)O)O)O)O)O)O
DB12769,C1[C@H](CNC2=C1C(=O)NC(=N2)N)CCC3=CC=C(C=C3)C(=O)N[C@@H](CCC(=O)O)C(=O)O
DB12770,C1CCN(CC1)CC2=CC(=NC=C2)OC/C=C\CNC(=O)CS(=O)CC3=CC=CO3
DB12771,C1=CC(=C(C=C1CCO)O)O
DB12774,C[C@H]1COCCN1C2=NC(=NC3=C2C=CC(=N3)C4=CC(=C(C=C4)OC)CO)N5CCOC[C@@H]5C
DB12776,CNC1=NC2=CC(=C(C=C2C(=N1)C3=CC(=CC=C3)NC(=O)C4=CC=C(C=C4)C(=O)OC)OC)OC
DB12777,C[C@H]([C@H]1C(=O)N[C@H](C(=O)N(CCCC(=O)NCCCC(=O)N[C@H](C(=O)N[C@H](C(=O)N[C@@H](C(=O)N[C@H](C(=O)N1)CCCCN)CC2=CNC3=CC=CC=C32)CC4=CNC5=CC=CC=C54)CC6=CC=CC=C6)CC(=O)N)CC7=CC=CC=C7)O
DB12778,C[C@H]1[C@H]([C@H]([C@@H]([C@@H](O1)O[C@@H]2[C@H](C[C@H](C[C@H]2O[C@H]3[C@@H]([C@H]([C@H]([C@H](O3)CO)O)O[C@@H](CC4CCCCC4)C(=O)O)OC(=O)C5=CC=CC=C5)C(=O)NCCNC(=O)COCCOCC(=O)NC6=C7C(=CC(=C6)S(=O)(=O)O)C=C(C=C7S(=O)(=O)O)S(=O)(=O)O)NC(=O)C8=CC(=O)NC(=O)N8)O)O)O
DB12779,C1CNC(C2=CC(=C(C=C21)O)O)CC3=CC=C(C=C3)O
DB12780,C1CC2=C(C=CC(=C2)OC(=O)C3=CC=CO3)N(C1)C(=O)C(Cl)Cl
DB12781,CN1C(=NC2=CC=CC=C2C1=O)COC3=CC=C(C=C3)CC4C(=O)NC(=O)S4
DB12782,C1C[C@H]2CC(C[C@@H]1N2C(C3=CC=CC=C3Cl)C4=CC=CC=C4Cl)(C5=NC=CC=N5)O
DB12783,C1=CC(=C(C(=C1CNNC(=O)C(CO)N)O)O)O
DB12784,C[C@@H](C1=CC=C(C=C1)F)NC2=CC(=CC(=N2)NC3=NC=CN=C3)C4=CN(N=C4)C
DB12785,CC(C)OC1=CC=C(C=C1)C2=NC3=C(C(=N2)O[C@@H]4C[C@H]5C(=O)N[C@@]6(C[C@H]6/C=C\CCCCC[C@@H](C(=O)N5C4)NC(=O)OC7CCCC7)C(=O)NS(=O)(=O)C8(CC8)C)OC9=CC=CC=C93
DB12787,CC[C@@]1(CC[C@@H]2[C@@]1(CC[C@H]3[C@H]2CCC4=CC(=O)CC[C@H]34)C)O
DB12789,CCCCC[C@@H](/C=C/[C@H]1[C@@H](C[C@@H]([C@@H]1C/C=C\CCCC(=O)O)O)O)O
DB12791,CC(=O)N[C@@H]1[C@H](C=C(O[C@H]1[C@@H]([C@@H](CO)O)OC)C(=O)O)N=C(N)N
DB12792,C1=CC=C(C(=C1)C2=CC=C(C=C2)Cl)NC(=O)C3=C(N=CC=C3)Cl
DB12794,C1=CC=C(C=C1)C2=CC=C(C=C2)C3=CC=C(C=C3)C4=CC=CC=C4
DB12795,C[C@@H](C(=O)O)NC(=O)[C@H](CCC(=O)O)NC(=O)CCCC[C@@H]1CCSS1
DB12796,C1CN(C=CC1=O)C2=C(C=C(C(=C2F)F)N3C[C@@H](OC3=O)CNC4=NOC=C4)F
DB12798,COC1=CC(=C(C=C1C(=O)NCC2CCN(CC2)CC[C@@H](C3=CC=C(C=C3)F)OC(=O)N)Cl)N
DB12799,COC(=O)C1=CN=C2N1CCC3=CC=CC=C3C2=C4CCN(CC4)CCC5=CC=C(C=C5)OCC6=NC7=CC=CC=C7C=C6
DB12800,CS(=O)(=O)NC1=C(C=C(C=C1)C(=O)O[C@@H](CC2=C(C=[N+](C=C2Cl)[O-])Cl)C3=CC(=C(C=C3)OC(F)F)OCC4CC4)OCC5CC5
DB12802,COC1=CC(=CC(=C1OC)OC)[C@H]2[C@H]3[C@H](COC3=O)[C@H](C4=CC5=C(C=C24)OCO5)O
DB12803,CC(C)NCC(C1=CC(=C(C=C1)Cl)Cl)O
DB12804,C1C2=C(C=CC(=C2)N)N=C3N1C(=O)C4=CC=CC=C43
DB12805,C1COCCN1S(=O)(=O)C2=CC=C(C=C2)NC(=O)C3=C(C=CC(=C3)Cl)NS(=O)(=O)C4=CC=C(S4)Cl
DB12806,C1CCCN(CC1)CCCOC2=CC=C(C=C2)CCCCN3CCC[C@@H]3CN4C(=O)C5=CC=CC=C5C(=N4)CC6=CC=C(C=C6)Cl
DB12809,CC(C(=O)C1=CC2=C(C=C1)OCO2)N
DB12810,B1(C2=C(CO1)C=C(C=C2)Cl)O
DB12812,CC(C1=CC2=C(C=C1)C3=CC(=C(C=C3OC2=O)OCC4=CC=C(C=C4)OC)OC)O
DB12813,[223Ra]
DB12816,CC1=CCC(CC1)(C(C)C)O
DB12817,C[C@@H]1CN2[C@H]([C@@H](O1)C)C3(CC4=CC5=C(C(=C42)F)ON=C5N6[C@H](COC6=O)C)C(=O)NC(=O)NC3=O
DB12818,CC(C1=CC2=CC(=CC(=C2C(=O)O1)O)OC)C(=O)O
DB12819,CCC(CC)[C@@H](CO)NS(=O)(=O)C1=CC=C(S1)Cl
DB12821,C(C(C(F)(F)F)(F)F)(C(F)(F)F)(F)F
DB12823,CC(C(F)(F)F)(C(F)(F)F)OC(=O)C1=CC=C(C=C1)CC2=C(C3=CC=CC=C3OC2=O)O
DB12827,CN1C=C(C2=CC=CC=C21)C[C@H](C(=O)O)N
DB12829,CC(=O)NC1=CC=C(C=C1)/C=N/NC(=S)N
DB12830,CN(C)C1(CCC2(CC1)C3=C(CCO2)C4=C(N3)C=CC(=C4)F)C5=CC=CC=C5
DB12831,CCOC(=O)C1=CC=C(C=C1)OC(=O)CCCCCN=C(N)N
DB12832,C[C@]12C[C@@H]([C@H]3[C@H]([C@@H]1CC[C@@]2(C(=O)COC(=O)CCCC4=CC=C(C=C4)N(CCCl)CCCl)O)CCC5=CC(=O)C=C[C@]35C)O
DB12833,C1C[C@H]2C[C@@H]1[C@H]3[C@@H]2C(=O)N(C3=O)CCCCN4CCN(CC4)C5=NC=CC=N5
DB12836,CCC1=NC2=C(N1C3=CC=C(C=C3)CCNC(=O)NS(=O)(=O)C4=CC=C(C=C4)C)C=C(N=C2C)C
DB12837,CC1=CC(=C(C=C1)O)C(=O)NC2CCC(CC2)NC(=O)C3=C(N=CC(=C3)F)OC4=CC(=C(C=C4)F)F
DB12838,C1=CC(=CC=C1SC2=CC(=C(C=C2Cl)Cl)Cl)Cl
DB12840,CC1CCC2=C(C1)C3=C(C=C(C=C3OC(=O)C)C)OC2(C)C
DB12843,C[C@H]1[C@@H]([C@H](C[C@@H](O1)O[C@H]2CC[C@]3([C@@H](C2)CC[C@@H]4[C@@H]3CC[C@]5([C@@]4(C[C@@H]([C@@H]5C6=CC(=O)OC6)OC(=O)C)O)C)C)OC)O
DB12846,CN1C2=C(C(=O)N(C1=O)C)N(C=N2)CCCNCC(C3=CC(=CC(=C3)O)O)O
DB12847,C1=CC(=CN=C1)NC(=O)CCCCCCC(=O)NO
DB12848,C1=CC2=C(C=CC(=C2)CN3C4=NC(=CN=C4N=N3)C5=CN(N=C5)CCO)N=C1
DB12850,CCCC1=C(C=CC=C1OC2=CC=CC=C2C(=O)O)OCCCOC3=CC(=C(C=C3CC)C4=CC=C(C=C4)F)O
DB12852,C1CC(CCC1CCC(=O)O)(C2=C(C=CC(=C2)F)F)S(=O)(=O)C3=CC=C(C=C3)Cl
DB12853,COC1=CC(=C(C=C1C(=O)NCC2CCN(CC2)CCCN3C=CN=N3)Cl)N
DB12854,CC1=C(C=C(C=C1)Cl)N2C(=O)C3=CC=CC=C3C2(C4=CC5=C(C=C4)N=C(N5)NC(=O)OC)O
DB12855,C1[C@@H](S[C@@H](O1)CO)N2C=CC(=NC2=O)N
DB12856,C1C(NCS1)C(=O)O
DB12857,C[C@@H]1CN(CCN1C2=NC=C(N=C2)C(C)(C)O)C3=NN=C(C(=C3C)C)CC4=CC=CC=C4
DB12858,CC(C)(CC1=CC=C(C=C1)OC2=NC=C(C=C2)C(=O)N)NC[C@@H](COC3=CC=CC4=C3C5=CC=CC=C5N4)O
DB12859,[Ta]
DB12860,[Ac]
DB12861,CC1=CC(=C(C=C1C(=O)N=C(N)N)S(=O)(=O)C)S(=O)(=O)C
DB12863,CC(C)(C)C(=O)OC1=CC=C(C=C1)S(=O)(=O)NC2=CC=CC=C2C(=O)NCC(=O)O
DB12864,C1C(S[As](S1)C2=CC=C(C=C2)NC3=NC(=NC(=N3)N)N)CO
DB12866,C1CC(CCC1CC(=O)O)C2=CC=C(C=C2)C3=NC=C(C=C3)NC4=CN=C(C=C4)C(F)(F)F
DB12867,C1CN(CCC1N2C3=CC=CC=C3NC2=O)CCCC(=O)C4=CC=C(C=C4)F
DB12868,CC1=CN=C(C2=C1NC3=C2C4=C(C=C3)C=C(C=C4)O)NCCCN(C)C
DB12869,C1CN(CCC1CC2=CC=C(C=C2)F)CC(C3=CC=C(C=C3)Cl)O
DB12870,CCCCS(=N)(=O)CCC(C(=O)O)N
DB12873,C1[C@@H](O1)[C@@H]([C@@H]([C@@H]2CO2)O)O
DB12874,CC(C)(C)C1=CC(=NO1)NC(=O)NC2=CC=C(C=C2)C3=CN4C5=C(C=C(C=C5)OCCN6CCOCC6)SC4=N3
DB12875,CC(C)(C1=CC=CC=C1C2=CC3=C(C=C2)N=C(N3)/C=C/C4=CC=C(C=C4)C(F)(F)F)O
DB12876,CC(C)NC1=NC(=CS1)C2=NC3=C(C=CC(=C3Cl)OC)C(=C2)O[C@@H]4C[C@H]5C(=O)N[C@@]6(C[C@H]6CCCCCCC[C@@H](C(=O)N5C4)NC(=O)OC7CCCC7)P(=O)(CC8=C(C=CC=C8F)F)O
DB12877,C1CN(CCN1CCCN2C3=CC=CC=C3NC2=O)C(C4=CC=CC=C4)C5=CC=CC=C5
DB12878,C1=CC(=C(C=C1Cl)N)C(=O)C[C@@H](C(=O)O)N
DB12879,CN(CC#C)CC1=CC2=CC=CC=C2OC3=CC=CC=C31
DB12881,C1=CC=C2C(=C1)C(=CN2)CO
DB12882,COC1=C(C=C(C=C1)/C=C\C2=CC(=C(C(=C2)OC)OC)OC)NC(=O)[C@H](CO)N
DB12883,C1CN(CCN1)C2=C3C(=CC=C2)OCCO3
DB12884,CN1C(=NC(=N1)CO)NCCCOC2=CC=CC(=C2)CN3CCCCC3
DB12885,CNC(=O)[C@@H]1[C@H]([C@H]([C@@H](O1)N2C=NC3=C(N=C(N=C32)Cl)NCC4=CC(=CC=C4)I)O)O
DB12886,C1C(CC2=CC=CC=C21)NCC3=C(C=C(C=C3F)C4=CC(=CC=C4)C5=NC=NN5)F
DB12888,CCS(=O)(=O)C1=CC2=C(C=C1)OC(=N2)C3=CC4=CC=CC=C4C=C3
DB12889,CC(C)(C)S(=O)(=O)NC1CCC(CC1)C(=O)NC2=NC=C(C=C2)C(F)(F)F
DB12890,C1CC2=CC(=C(C=C2[C@H]3[C@H]1NCC4=CC=CC=C34)O)O
DB12892,CN1C=C(C=C1C(=O)NC2=CN(C(=C2)C(=O)NCCN3CCOCC3)C)NC(=O)C4=CC=C(C=C4)/C=C/C5=CC6=CC=CC=C6N=C5
DB12894,C1[C@@H]([C@H](O[C@H]1N2C=C(C(=O)NC2=O)Cl)CO)F
DB12895,C1=CC(=CC(=C1)F)C2=CN(N=N2)[C@H]3[C@H]([C@H](O[C@H]([C@@H]3O)S[C@H]4[C@@H]([C@H]([C@H]([C@H](O4)CO)O)N5C=C(N=N5)C6=CC(=CC=C6)F)O)CO)O
DB12896,CCOC1=NC(=NC2=C1N=CN2[C@H]3[C@]([C@H]4[C@H](O3)CO[P@](=O)(O4)OC(C)C)(C)F)N
DB12897,CC1=NC=C(C=C1)CC2=CC3=C(C4=CC=CC=C42)N=CN(C3=O)[C@H]5CCCC[C@@H]5O
DB12899,C1CN(CCN1C2=NN=C(C=C2C3=CC=NC=C3)C4=CC=CC=C4)C5=NC=CC=N5
DB12900,C[C@@H]1CCCN1CCCOC2=CC=C(C=C2)C3=NNC(=O)C=C3
DB12901,C1=C(C(=NC(=O)N1[C@H]2[C@H]([C@@H]([C@H](O2)CO)O)F)N)I
DB12902,C1CN(P(=O)(OC1)N(CCCl)CCCl)CCCl
DB12903,CC1=NC2=C(N1)C=C(C=C2)N3C(=C(C=N3)C(=O)C4=CC5=CC=CC=C5N4)N
DB12904,C1COCCN1C2=NC(=NC(=N2)N3C4=CC=CC=C4N=C3C(F)F)N5CCOCC5
DB12905,[153Sm]
DB12906,CCCC(CCC)C(=O)NC1=NC(=O)N(C=C1)[C@H]2C([C@@H]([C@H](O2)CO)O)(F)F
DB12907,C([C@H]([C@H]([C@@H]([C@@H](C=O)O)O)O)O)O
DB12910,CC1=CC(=C2CCN(C2=N1)C3=C(C=C(C=C3)OC)C)N4C=CC(=N4)N5CCNC5=O
DB12911,CCCCOCCOC(=O)C1=CN=CC=C1
DB12912,CC1=C(C2=C(C=C1)N=C(NC2=O)N)SC3=CC=NC=C3
DB12914,CC(C)C1=CC(=NNC1=O)OC2=C(C=C(C=C2Cl)N3C(=O)NC(=O)C(=N3)C#N)Cl
DB12916,C([C@H]([C@@H]([C@@H]([C@H](CBr)O)O)O)O)Br
DB12919,C1CCC2=C(C1)C(=C(S2)N)C(=O)C3=CC=C(C=C3)Cl
DB12920,CC(C)N(C[C@@H]1[C@H]([C@H]([C@@H](O1)N2C=NC3=C(N=CN=C32)N)O)O)C4CC(C4)CCC5=NC6=C(N5)C=C(C=C6)C(C)(C)C
DB12921,C1=CC2=NC(=CN=C2C(=C1)Cl)NS(=O)(=O)C3=CC=C(C=C3)N
DB12923,CC(C)C(CCCN(C)CCC1=CC(=C(C=C1)OC)OC)(C#N)C2=CC(=C(C(=C2)OC)OC)OC
DB12925,COC1=C(C(=CC(=C1)[C@@H]2C3=C(C(=C(C=C3)N)N)OC(=C2C#N)N)Br)OC
DB12926,C[C@@H]([C@@H](C1=CC=CC=C1)O)NCCN2C=NC3=C2C(=O)N(C(=O)N3C)C
DB12927,CN1C2=C(C(=O)N(C1=O)C)N(C=N2)CCNCC(C3=CC(=C(C=C3)O)O)O
DB12928,COCCCC(=O)NCC1=CC=C(C=C1)C(F)(F)F
DB12929,C1CC(C1)N2CCCN(CC2)C(=O)C3=CN=C(C=C3)OC4=CC=C(C=C4)F
DB12930,C1CN(CCN1CCCN2C3=CC=CC=C3C=CC4=CC=CC=C42)CCO
DB12931,CN\1CC(=O)N/C1=N/C(=O)NC2=CC(=CC=C2)Cl
DB12932,CC[C@H](C)[C@H]1C(=O)N[C@H](C(=O)N[C@H](C(=O)N[C@@H](CSCCCC(=O)N[C@H](C(=O)N1)CC2=CC=C(C=C2)O)C(=O)N(CC3=CC=C(C=C3)F)CC(=O)N[C@@H](CC(C)C)C(=O)NCC(=O)N)CC(=O)N)CCC(=O)N
DB12933,C1CC(=O)N(OC1)CC2=CC(=C(C(=C2F)F)NC3=C(C=C(C=C3)I)F)C(=O)NOCCO
DB12934,CCOC(=O)C(COC(=O)CC1=CC(=C(C=C1)NC(=O)C2=CC=CC=C2C3=CC=C(C=C3)C(F)(F)F)C(=O)N(C)C)(C4=CC=CC=C4)C(=O)OCC
DB12935,CCOC(=O)OC[C@@H]1[C@H]([C@@H]([C@H]([C@@H](O1)OC2=NN(C(=C2CC3=CC=C(C=C3)OC(C)C)C)C(C)C)O)O)O
DB12937,C1=CC(=C(C=C1C2=C(C(=O)C3=C(C=C(C=C3O2)O)O)O)OP(=O)(O)O)O
DB12938,CS(=O)(=O)C1=C(C=CC(=C1)C(F)(F)F)C(=O)C2=C(ON=C2)C3CC3
DB12939,C[C@H]([C@@H](C1=NC=C(C=C1)O)O)[C@@H](C(=O)N[C@@H]([C@@H]2[C@H]([C@H]([C@@H](O2)N3C=CC(=O)NC3=O)O)O)C(=O)O)N
DB12940,[3He]
DB12944,C1=C(C=C(C=C1O)O)O
DB12945,C1=CC=C2C(=C1)C(=NN=C2NN)NN
DB12946,CCCN1C2=C(C(=O)N(C1=O)CCC)NC(=N2)C3CCCC3
DB12947,C[C@@H]1[C@H]([C@H]([C@@H](O1)N2C=C(C(=O)NC2=O)F)O)O
DB12948,C1=CC(=C(C=C1C(=O)NO)O)O
DB12949,CC1(C2=C(C=C(C=C2)F)N(C1=O)C(=O)NCC3CCN(CC3)CC4(CCOCC4)O)C
DB12951,CC(C)(C)C(=O)NCCCC(=O)O
DB12952,C[C@H]1C[C@H]2[C@@H]3CC[C@@]([C@]3(CC(=O)[C@@H]2[C@@]4(C1=CC(=O)C=C4)C)C)(C(=O)CO)O
DB12954,C1C(C(=O)NO1)N=CC2=CC=C(C=C2)C=NC3CONC3=O
DB12955,COC1=C(C=C(C=C1)NC(=O)[C@H](CCCCN)N)C(=O)N[C@@H](CCCCN)C(=O)NC2=CC(=C(C=C2)OC)C(=O)N[C@@H](CCCCN)C(=O)NC3=CC(=C(C=C3)OC)C(=O)N[C@@H](CCCCN)C(=O)NC4=CC(=C(C=C4)OC)C(=O)N
DB12957,C1[C@@H]([C@H](O[C@H]1N2C=C(C(=NC2=O)N)F)CO)O
DB12958,CN(C)CCCN1C2=CC=CC=C2SC3=C1N=CC=C3
DB12959,C1=CC=C(C=C1)OC2=CC=C(C=C2)CNC(=O)C3=NC(=NO3)C4=CC(=C(C(=C4)Br)O)Br
DB12960,CCO[C@@H]1CC2=C([C@H]1N3CCN(C[C@@H]3C)C4(CCN(CC4)C(=O)C5=C(N=CN=C5C)C)C)C=CC(=C2)C(F)(F)F
DB12961,CCCCC/C=C\C[C@H](/C=C/C=C/C=C\[C@H](CCCC(=O)O)O)O
DB12962,C1CCN(C1)CCCCNC(=O)NC2=C(C(=NS2)OCC3=C(C=C(C=C3F)Br)F)C(=O)N
DB12963,COC1=C(C=CC(=C1)N2CCN(CC2)C(=O)CN3C4=C(C=CC=N4)C(=N3)C5=NC=CN5)Cl
DB12964,C1CN(CCN1)C2=NC3=CC=CC=C3N2CC4=CC=CC=C4
DB12966,CN1CCC(CC1)NC2=NC=C3C(=N2)C(=NC=N3)NC4=CC(=C(C=C4)F)Cl
DB12967,C/C(=N\N=C(N)N)/C=N/N=C(N)N
DB12968,C1C[C@H](C([C@H](C1)O)NC(=O)N(CCCl)N=O)O
DB12969,COC1[C@@H]([C@H](C([C@@H]([C@@H]1O)O)O)O)O
DB12970,C([C@@H]([C@@H]([C@H]([C@@H](C=O)O)O)O)O)O
DB12971,CCCCCCCCN1CCC2=C(C(=C(C(=C21)NC(=O)C(C)(C)C)C)CC(=O)O)C
DB12972,CC(=O)[C@H]1CC[C@@H]2[C@@]1(CC[C@H]3[C@H]2CC[C@@H]4[C@@]3(CC[C@@H](C4)O)C)C
DB12973,C[C@H](C1=CC(=CC(=C1)C(F)(F)F)C(F)(F)F)O[C@H]2CC[C@@H]3CN(C[C@H]3[C@@H]2C4=CC=C(C=C4)F)C5=CC(=O)CC5
DB12974,C[C@H]([C@@H](C)OC1=NC(=NC=C1C(F)(F)F)NC2=CC=C(C=C2)[S@](=N)(=O)C3CC3)O
DB12975,COC1=NC2=C(C3=C(C=C(C=C3)Cl)N=C2C=C1)NC4=CC(=C(C(=C4)CN5CCCC5)O)CN6CCCC6
DB12977,CCCCC[C@@H](C1=CC=C(C=C1)N2[C@H](CCC2=O)COCC3=CC=C(S3)C(=O)OC(C)C)O
DB12979,C1CC2=C(C[C@H]1N3C(=CNC3=S)CN)C=C(C=C2F)F
DB12980,C1=CC(=CC=C1OCCCCCCN=C(NC#N)NC2=CC=NC=C2)Cl
DB12981,CC[C@@H](C)NC1=C(C=C(C(=C1)C(=O)NC2C[C@H]3CC[C@@H](C2)N3C4=NC=C(C=C4)C(=O)C5CC5)C)C(=O)N
DB12982,[Si]
DB12983,C1=CC=C2C(=C1)C3=NC2=NC4=C5C=CC=CC5=C(N4)N=C6C7=CC=CC=C7C(=N6)N=C8C9=CC=CC=C9C(=N8)N3
DB12984,CC1=C2[C@H](C(=O)[C@]34C[C@H]3C[C@@H]5[C@]([C@H]4[C@@H]([C@@](C2(C)C)(C[C@@H]1OC(=O)[C@@H]([C@H](C6=CC=CC=C6)NC(=O)OC(C)(C)C)O)O)OC(=O)C7=CC=CC=C7)(CO5)OC(=O)C)OC(=O)C
DB12985,CN1C=C(C2=CC=CC=C21)CNCC3CCN(CC3)C4=NC=C(C=N4)C(=O)NO
DB12986,CC1=NC2=C(N=C(N=C2N1C(C)C)N3CCOCC3)C4=CN=C(N=C4)N
DB12987,COC1=C(C(=NC(=C1Cl)OC)C(Cl)(Cl)Cl)Cl
DB12988,CC1=CC=C(C=C1)CN2C(=O)NC(=N2)CCCC3=CC=C(C=C3)OC(C)(C)C(=O)O
DB12989,C1CN2C(=N)N([C@H]([C@H]3[C@]2(C1(O)O)NC(=N3)N)COC(=O)N)O
DB12990,CC/C=C\C/C=C\C/C=C\C/C=C\C/C=C\CCCCOC(CC)C(=O)O
DB12991,C(CCCN=C(N)N)CCC(=O)N[C@H](C(=O)NCCCCNCCCN)O
DB12993,[Bk]
DB12994,C1=CC(=CC=C1NC(=O)NCCCC[C@@H](C(=O)O)NC(=O)N[C@@H](CCC(=O)O)C(=O)O)[123I]
DB12996,C[C@H]1[C@@H]([C@H]([C@H]([C@@H](O1)O[C@@H]2[C@H]([C@@H](O[C@@H]([C@H]2OC(=O)/C=C/C3=CC(=C(C=C3)O)O)CO)OCCC4=CC(=C(C=C4)O)O)O)O)O)O
DB12997,C1CNC[C@@H]1OC2=C(C=C(C=C2NC(=O)C3=CC(=NC=N3)C(=O)NC4=CC(=CC(=C4O[C@@H]5CCNC5)NC(=O)CCCCN=C(N)N)C(F)(F)F)C(F)(F)F)NC(=O)CCCCN=C(N)N
DB12998,C1CC(=O)NC2=C1C=CC(=N2)OCCCCN3CCN(CC3)C4=CC=CC5=CC=CC=C54
DB12999,C1=CC2=C(NN=C2N=C1)CN3C4=C(C=N3)C(=C(C=C4)Cl)OC5=CC(=CC(=C5)C#N)Cl
DB13000,C1=CC2=C(C=C1C(=N)N)NC(=N2)C3=CC(=CC(=C3O)C4=C(C=CC(=C4)S(=O)(=O)N)O)CC(=O)N[C@@H](CC(=O)O)C(=O)O
DB13001,CCOC(=O)C1=C(SC2=C1CCN(C2)CC3=CC=CC=C3)N
DB13002,CCOC1=C(C=C2C(=C1)N=CC(=C2NC3=CC(=C(C=C3)OCC4=CC(=CC=C4)F)Cl)C#N)NC(=O)/C=C/CN(C)C
DB13003,C[C@@H]1C[C@H]2[C@@H]3C=C(C4=CC5=C(C[C@@]4([C@H]3[C@H](C[C@@]2([C@]1(C(=O)COC(=O)C)O)C)O)C)C=NN5C6=CC=CC=C6)C
DB13004,CC1=CC(=CC=C1)C#C[C@@]2(CCC[C@@H]3[C@H]2CCN3C(=O)OC)O
DB13005,CC(C)(C)C1=NN(C(=C1)NC(=O)NC2=C(C=C(C=C2)OC3=CC(=NC=C3)C(=O)NC)F)C4=CC5=C(C=C4)N=CC=C5
DB13006,C[C@@H](C(=O)N[C@@H](CC(C)C)C(=O)N[C@@H](CC(=O)N)C(=O)N[C@@H](CO)C(=O)N[C@@H](CO)C(=O)O)NC(=O)[C@H](CCCN=C(N)N)NC(=O)[C@H](CCC(=O)O)NC(=O)[C@H](CC(C)C)NC(=O)[C@H](CCC(=O)N)NC(=O)[C@H](CCC(=O)O)NC(=O)[C@@H]1CCC(=O)N1
DB13008,CC(C)(C)C1=C(C=CC(=C1)C(C)(C)C2=CC(=C(C=C2)O)C(C)(C)C)O
DB13009,COC(=O)NC1=NC2=CC=CC=C2N1
DB13010,C(CC#N)CSC(=N)N
DB13011,CCNCCCCNCCCCNCCCCNCC
DB13012,C[C@@]1(CC[C@@H](C[C@@H]1CO)O)[C@H]2CC[C@]3([C@H]([C@@H]2CN)CCC3=C)C
DB13013,CC1=C2C(=O)N[C@H](C3=NC(=C(S3)COC)C(=O)NCC(=O)N[C@H](C4=NC(=CS4)C5=NC(=CS5)C6=C(C=CC(=N6)C7=NC(=CS7)N(CCCCC(=O)O)C(=O)OC8CCC(CC8)C(=O)O)C9=NC(=CS9)C(=O)N[C@H](C(=N2)S1)CC(=O)NC)[C@H](C1=CC=CC=C1)O)C(C)C
DB13014,CC1=CC(=C2C3=C4C5=C(C(=O)C=C(C5=C2O)O)C6=C7C4=C8C(=C13)C(=CC(=O)C8=C(C7=C(C=C6O)O)O)C)O
DB13016,CCCC1=C(C=CC(=C1O)C(=O)C)OCC2=CC=C(C=C2)[C@@H](C3=CC(=CC=C3)C(=O)O)O
DB13018,C1CC(=O)N2C1NC(=O)C2
DB13019,CC1=C(NC2=C1C(=O)N(CCC2)C[C@@H](CN3CCOCC3)O)/C=C\4/C5=C(C=CC(=C5)F)NC4=O
DB13020,CC1([C@@H](N(CCS1)S(=O)(=O)C2=CC=C(C=C2)OCC#CCO)C(=O)NO)C
DB13021,C[C@H](C1=CC=C(C=C1)I)N2C=NC=C2C(=O)OC
DB13022,C[C@H](C1=C(C=NC=C1Cl)Cl)OC2=CC3=C(C=C2)NN=C3/C=C/C4=CN(N=C4)CCO
DB13023,C[C@H]1C[C@@H]([C@@H]([C@H](/C=C(/[C@@H]([C@H](/C=C\C=C(\C(=O)NC2=CC(=O)C(=C(C1)C2=O)N)/C)OC)OC(=O)N)\C)C)O)OC
DB13024,C1CN(CCC1OC2=C(C=CC(=C2)F)Br)C3=NOC(=C3)C4=NN(N=N4)CC(=O)O
DB13026,CC1=NC=C(N1CC(CCl)O)[N+](=O)[O-]
DB13027,C1=CC(=C(C(=C1)OCC2=CC=C(C=C2)C(=O)O)C=O)O
DB13028,C[C@@H]1[C@@H]2[C@H](C(=O)N2C(=C1SC3CN4C=NC=[N+]4C3)C(=O)[O-])[C@@H](C)O
DB13029,C1CC1NC(=O)C2=CN(C3=C(C2=O)C=CC=N3)C4=CC=CC(=C4)C#CC5=C[N+](=CC=C5)[O-]
DB13030,C1=CN(C(=O)NC1=O)[C@H]2[C@H]([C@@H]([C@H](O2)CO)O)F
DB13031,[Nb]
DB13032,CC1=NC(=CC(=N1)OCCCCCN2CCCCC2)C3=CC=C(C=C3)F
DB13034,CC(C)C[C@@H](C(=O)O)NC(=O)[C@H](CCC(=O)O)NC(=O)[C@H](CS)NC(=O)CNC(=O)[C@H](CC(=O)O)NC(=O)[C@H](CCSC)NC=O
DB13035,CCNCC1=CN=CC(=C1C)C2=CC3=C(C=C2)NN=C3C4=NC5=C(N4)C=C(C=C5F)F
DB13036,C1CC2=C(C[C@@H]1NS(=O)(=O)C3=CC=C(C=C3)F)C4=CC=CC=C4N2CCC(=O)O
DB13038,CCCCCCCC/C=C\CCCCCCCC(=O)OCC(OC(=O)CCCCCCC/C=C\CCCCCCCC)COC(=O)CCCCCCC/C=C\CCCCCCCC
DB13039,CC1=C(C2=CC=CC=C2C(=C1OC(=O)C3=CC=C(C=C3)N)O)O
DB13040,CC1=CC(=NN1)NC2=NN3C(=C(N=C3C(=C2)CN4CCOCC4)C)CC5=C(C=C(C=C5)Cl)F
DB13041,CC(C)[C@@H](C(=O)N1[C@H]2CCCC[C@H]2C[C@H]1C3=NC4=C(N3)C=C(C=C4)C5=C6CCC7=CC(=C(CCC(=C5)C=C6)C=C7)C8=CC9=C(C=C8)N=C(N9)[C@@H]1C[C@@H]2CCCC[C@@H]2N1C(=O)[C@H](C(C)C)NC(=O)OC)NC(=O)OC
DB13042,C1CN(CCN1CC2=CC3=C(C=C2)OCO3)CC(=O)N4C5=CC=CC=C5SC6=CC=CC=C64
DB13044,CC1=CC2=C(C(=C(C(=C2C(C)C)O)O)C=O)C(=C1C3=C(C4=C(C=C3C)C(=C(C(=C4C=O)O)O)C(C)C)O)O
DB13046,C1[C@@H]2[C@H]([C@H]([C@@H](O2)N3C4=NC=NC(=C4N=C3Cl)N)O)OP(=O)(O1)O
DB13047,[Sb+5]
DB13048,C=CCC1=C(C(=CC=C1)/C=N/NC(=O)CN2CCN(CC2)CC3=CC=CC=C3)O
DB13050,C[C@@H]1C[C@H]2[C@@H]3CCC4=CC(=O)C=C[C@@]4(C3=CC[C@@]2([C@H]1C(=O)CN5CCN(CC5)C6=NC(=NC(=C6)N7CCCC7)N8CCCC8)C)C
DB13051,CS(=O)(=O)N1CCC2=C(N=C(N=C21)N3CCOCC3)C4=CN=C(N=C4)N
DB13052,CCOC(=O)N1CCN(CC1)C(=O)[C@H](CC2=CC(=CC=C2)/C(=N\O)/N)NS(=O)(=O)C3=C(C=C(C=C3C(C)C)C(C)C)C(C)C
DB13053,C1[C@@H]([C@H](C2=C(O1)C=C(C=C2)C3=C(C=CC(=C3)C(F)(F)F)C(=O)O)O)CC4=CC=CC=C4
DB13054,CC(=O)N1CCN(CC1)C2=CC=C(C=C2)CN([C@@H](CC3=CC=CC=C3)C(=O)N4CCN(CC4)CC5=CC=C(C=C5)C#N)C(=O)/C=C/C6=CC=C(C=C6)C(C)(C)C
DB13055,C1=CC(=CC=C1C2=CN=C(C=C2)C([C@](CN3C=NN=N3)(C4=C(C=C(C=C4)F)F)O)(F)F)OCC(F)(F)F
DB13056,C1=CC(=C(C=C1Cl)C2=NC(=NC(=N2)N)N)Cl
DB13058,CS(=O)(=O)F
DB13059,CC(=O)NCC(=O)N1[C@H]2CC[C@@H]1C3=C2C=CC(=C3)NC4=NC=C(C(=N4)NC5CCC5)C(F)(F)F
DB13060,CNC(=O)C1=CC=CC=C1NC2=NC(=NC=C2Cl)NC3=C(C4=C(C[C@H](CCC4)N5CCN(CC5)CCO)C=C3)OC
DB13061,C1C2=CN=C(N=C2C3=C(C=C(C=C3)Cl)C(=N1)C4=C(C=CC=C4F)F)NC5=CC=C(C=C5)C(=O)O
DB13062,CC1=C(C=CC2=C1OC[C@H]([C@H]2C3=CC=C(C=C3)O)C4=CC=C(C=C4)O)O
DB13063,C/C/1=C\CC[C@@]2([C@@H](O2)[C@@H]3[C@@H](CC1)C(=C)C(=O)O3)C
DB13064,C1CCC2=C(C1)C=CC=C2NC3=NCCN3
DB13065,C[C@]1(CCSC(=N1)N)C2=C(C=C(C(=C2)C3=CN=CN=C3)F)F
DB13066,C1=CC(=CC(=C1)Cl)C(C2=CC3=C(C=C2)N=CN3)N4C=CN=C4
DB13067,C[C@H](C(=O)NCC(=O)N)NC(=O)CNC(=O)[C@H]1C[C@@H](CN1C(=O)[C@H]2CCCN2C(=O)[C@@H](CC3=CC=C(C=C3)O)NC(=O)C)O
DB13068,CC[C@H]1C(=O)N(CC(=O)N([C@H](C(=O)N[C@H](C(=O)N([C@H](C(=O)N[C@H](C(=O)N[C@@H](C(=O)N([C@H](C(=O)N([C@H](C(=O)N([C@H](C(=O)N([C@H](C(=O)N1)[C@@H]([C@H](C)C/C=C/C)O)C)C(C)C)C)CC(C)C)C)CC(C)C)C)C)C)CC(C)C)C)C(C)C)[C@@H](C)CC)C)C
DB13069,CC1=NC=C(C(=N1)N)CNC(=O)N(CCCl)N=O
DB13070,CCC1=C(N(N=C1C(=O)NN2CCCCC2)C3=C(C=C(C=C3)Cl)Cl)C4=CC=C(C=C4)Br
DB13071,CN(CCOP(=O)(O)O)C(=N)N
DB13072,CCNC(=O)NC1=CC=C(C=C1)C2=NC3=C(CCN(C3)C4COC4)C(=N2)N5CCOC[C@@H]5C
DB13075,CC1=C(C(=O)C2=CC=CC=C2C1=O)C/C=C(\C)/CC/C=C(\C)/CC/C=C(\C)/CC/C=C(\C)/CC/C=C(\C)/CC/C=C(\C)/CCC=C(C)C
DB13076,[90Y]
DB13077,CN1CCN(C=N1)C2=C(C=C(C=C2)N3C[C@@H](OC3=O)CO)F
DB13078,C[C@H]1/C=C\C/C(=C\C[C@H](OC(=O)C[C@@H](C(C(=O)[C@@H]([C@H]1O)C)(C)C)O)/C(=C/C2=NOC(=C2)C)/C)/C
DB13080,C1CN(CCC1CN2CC3=CC=CC=C3C2=O)CC(=O)C4=CC=C(C=C4)F
DB13082,CC1=C(C(=CC=C1)C)NC(=O)CN2CCCC2=O
DB13083,CCC(CC)C(C1=CC=C(C=C1)NC2=NC3=CC=CC=C3S2)N4C=NC=N4
DB13084,CC1=NC=C(C(=C1O)CO)CSSCC2=CN=C(C(=C2CO)O)C
DB13086,B1(C2=C(C=CC(=C2)NC(=O)C3=C(C=C(C=C3)F)C(F)(F)F)C(O1)(C)C)O
DB13087,C1C[C@@H](N(C1)C(=O)CCCCC(=O)N2CCC[C@@H]2C(=O)O)C(=O)O
DB13088,CC(C)OC1=CC(=CC2=C1C(=NC=N2)NC3=C4C(=NC=C3Cl)OCO4)OCCN5CCN(CC5)C(=O)C
DB13089,C[C@]12CC[C@](C[C@H]1C3=CC(=O)[C@@H]4[C@]5(CC[C@@H](C([C@@H]5CC[C@]4([C@@]3(CC2)C)C)(C)C)O)C)(C)C(=O)O
DB13090,C1C[C@H](CNC1)C(=O)NNC(=O)[C@@H]2CC[C@@H]3CN2C(=O)N3OS(=O)(=O)O
DB13091,CCCN(CCC)C(=O)C(CC1=CC=C(C=C1)OCCN(CC)CC)NC(=O)C2=CC=CC=C2
DB13092,CN(C)[C@H]1[C@@H]2[C@H]([C@@H]3C(=C)C4=C(C=CC(=C4C(=C3C(=O)[C@@]2(C(=C(C1=O)C(=O)N)O)O)O)O)Cl)O
DB13093,CC1=C(C=C(C=C1)OC2=NN3C=C(N=C3C=C2)NC(=O)C4CC4)NC(=O)C5=CC(=NN5C)C
DB13094,C1CN(CCN1CCC2=CC=C(C=C2)F)C(=O)C3=CC=CC4=C3NC=C4C#N
DB13095,C1CC1C2=NC=C3C(=N2)N=C(S3)N4CCN([C@H](C4)C(=O)NCC5=CC(=C(C=C5)OC(F)(F)F)F)S(=O)(=O)C6=CC=C(C=C6)C(F)(F)F
DB13096,C[C@H]1CCCC[C@@]1(C2=CC=CS2)N3CCCCC3
DB13097,CC[C@H](CC[C@@H](C)[C@H]1CC[C@@H]\2[C@@]1(CCC/C2=C\C=C/3\C[C@H](C[C@@H](C3=C)O)O)C)C(C)C
DB13098,CCCCCCCCCCCCNCC(CCCCCCCCCN1C(=O)C2=C(N=CN2C)N(C1=O)C)O
DB13099,CCC(C)C(CC)C(=O)N
DB13100,C(=NC(=N)N)(N)N
DB13101,CN1C=C(C=N1)C2=CC=C(C=C2)S(=O)(=O)N3C=CC(=C3)/C=C/C(=O)NC4=CC=CC=C4N
DB13102,C[C@@H](C1CC1)N2CC3=C(C2=O)C(=CC(=C3)C4=CC(=NO4)C(=O)N(C)C)Cl
DB13103,C[C@H]1[C@H]([C@H](C[C@@H](O1)O[C@H]2C[C@@](CC3=C2C(=C4C(=C3O)C(=O)C5=C(C4=N)C(=CC=C5)OC)O)(C(=O)CO)O)N)O
DB13104,C[C@H](C1=C(C=CC(=C1Cl)F)Cl)OC2=CC(=NN=C2N)C(=O)NC3=CC=C(C=C3)C(=O)N4CCN(CC4)C
DB13105,CC[C@H](/C=C/C=C\C[C@H](/C=C/C=C/C=C\[C@H](CCCC(=O)O)O)O)O
DB13106,CCCCN1C[C@@H]([C@H]([C@@H]([C@H]1COC(=O)CCC)OC(=O)CCC)OC(=O)CCC)OC(=O)CCC
DB13107,C(CS(=O)(=O)O)[C@@H](CSSC[C@H](CCS(=O)(=O)O)N)N
DB13108,CC1=CC=C(C=C1)C(=O)C(C)NC
DB13109,C1C[C@H]2COC[C@@H]1N2C3=NC(=NC(=N3)N4CCOCC4)C5=CC=C(C=C5)NC(=O)NC6=CC=NC=C6
DB13110,[Sb]
DB13111,CC1=C(C2=C(CCC(O2)(C)C)C(=C1O)C)C
DB13113,CN1C=C(C=N1)C2=NN3C(=NN=C3C(C4=CC5=C(C=C4)N=CC=C5)(F)F)C=C2
DB13114,C[N+](C)(CCC=C1C2=CC=CC=C2CCC3=CC=CC=C31)[O-]
DB13115,CCO[C@@H](CC1=CC=C(C=C1)OCCN2C(=CC=C2C3=CC=C(C=C3)SC)C)C(=O)O
DB13116,C(C(F)(F)F)F
DB13117,C(C(F)F)C(F)(F)F
DB13118,CCC1=C2C(=CC=C1)N(C(=O)C(=C2O)C(=O)N(CC)C3=CC=CC=C3)C
DB13119,CN1C2=C(C(=C(C1=O)C(=O)NCCO)O)N=CC(=C2)CC3=CC=C(C=C3)F
DB13120,C[C@@]1(CSC(=N1)C2=C(C(=CC=C2)OCCOCCOCCOC)O)C(=O)O
DB13121,CC(C[C@H]1[C@@H]([C@H]([C@@H](CO1)O)O)O)O
DB13122,C1CCC(C1)NC2=C3C(=NC=N2)N(C=N3)[C@H]4[C@@H]([C@@H]([C@H](O4)CO[N+](=O)[O-])O)O
DB13123,CN(C)CCNC(=O)COC1=C2CC3=C(C(=CC=C3)CC4=C(C(=CC=C4)CC5=CC=CC(=C5OCC(=O)NCCN(C)C)CC1=CC=C2)OCC(=O)NCCN(C)C)OCC(=O)NCCN(C)C
DB13124,C[C@H]1[C@@H]([C@H]([C@H]([C@@H](O1)OC[C@@H]2[C@H]([C@@H]([C@H]([C@@H](O2)OC3=C(OC4=CC(=CC(=C4C3=O)O)OCCO)C5=CC(=C(C=C5)OCCO)OCCO)O)O)O)O)O)O
DB13126,CC1=C2C(=CC=C1)C(=N[C@@H](C(=O)N2)NC(=O)[C@H](CCC(F)(F)F)[C@H](CCC(F)(F)F)C(=O)N)C3=CC(=CC=C3)F
DB13129,C[C@@H](C(=O)[C@]1(CC[C@@H]2[C@@]1(CCC3=C4CCC(=O)C=C4CC[C@@H]23)C)C)O
DB13132,C[C@@H]1CC[C@H]2[C@H](C(=O)O[C@H]3[C@@]24[C@H]1CC[C@](O3)(OO4)C)C
DB13134,[18F]
DB13135,CC1=CN=C(C(=C1OC)C)CS(=O)C2=NC3=C(N2S(=O)(=O)C4=CC=C(C=C4)OCC(=O)O)C=CC(=C3)OC
DB13136,C1=CC=C2C(=C1)C(=O)C(C2=O)C3=CC=C(C=C3)F
DB13137,C/C=C\C[C@@H](C/C=C\NC(=O)[C@H](C(C)(C)C)NC(=O)/C=C\C=C/C(=C/[C@H](C)[C@@H]1CC=C(C(=O)O1)OC)/C)OC(=O)N
DB13138,C[C@@H](C(=O)N[C@@H](C)C(=O)OCCOC1=CC=C(C=C1)C2=C(C(=NC(=C2C#N)SCC3=CSC(=N3)C4=CC=C(C=C4)Cl)N5CCCC5)C#N)N
DB13154,C1=CC(=CC=C1O)Cl
DB13155,C1=CC(=O)OC2=CC(=C(C=C21)O[C@H]3[C@@H]([C@H]([C@@H]([C@H](O3)CO)O)O)O)O
DB13156,C[C@H](CN(C)C)O.C[C@H](CN(C)C)O.C[C@H](CN(C)C)O.CC(=O)NC1=CC=C(C=C1)C(=O)O.CC(=O)NC1=CC=C(C=C1)C(=O)O.CC(=O)NC1=CC=C(C=C1)C(=O)O.C1=NC2=C(C(=O)N1)N=CN2[C@H]3[C@@H]([C@@H]([C@H](O3)CO)O)O
DB13157,CCCCCCCCCCCCOC(=O)CS(=O)(=O)[O-].[Na+]
DB13164,CN1CCN(CC1)C2=CC=C(C=C2)NC3=NC4=C(C(=N3)OC5=CC=CC(=C5)NC(=O)C=C)SC=C4
DB13165,C[C@H]1CNCCCN1S(=O)(=O)C2=CC=CC3=CN=CC(=C32)F
DB13166,C[C@H](CSC(=O)C1=CC=CC=C1)C(=O)N2C[C@H](C[C@H]2C(=O)O)SC3=CC=CC=C3
DB13169,C[C@]12CC[C@H]3[C@H]([C@@H]1CC[C@@H]2O)CCC4=CC(=O)CC[C@H]34
DB13174,C1=CC2=C(C(=C1)O)C(=O)C3=C(C2=O)C=C(C=C3O)C(=O)O
DB13175,C1C2=C(C(=CC=C2)O)C(=O)C3=C1C=C(C=C3O)C(=O)O
DB13178,C1(C(C(C(C(C1O)O)O)O)O)O
DB13180,C([C@H]([C@H]([C@@H]([C@H](C(=O)O)O)O)O)O)O
DB13185,C[C@]12CC[C@H]3[C@H]([C@@H]1CC[C@@H]2OC(=O)CCC4CCCC4)CCC5=C(C(=O)CC[C@H]35)O
DB13191,CN(CC(=O)O)/C(=N/P(=O)(O)O)/N
DB13203,CCN(CCN1C(=NC2=C1C(=O)N(C(=O)N2C)C)CC3=CC=CC=C3)CCO
DB13204,COC(=O)[C@H]1[C@@H]2C[C@H]([C@H]1C(=O)OC)C=C2
DB13205,CCOCCN(CC1=CC=C(C=C1)CN(CCOCC)C(=O)C(Cl)Cl)C(=O)C(Cl)Cl
DB13208,C[C@]12C[C@@H]([C@H]3[C@H]([C@@H]1CC(=C)[C@@]2(C(=O)CO)O)CCC4=CC(=O)C=C[C@]34C)O
DB13209,[N+](=O)([O-])[O-].[N+](=O)([O-])[O-].[N+](=O)([O-])[O-].[N+](=O)([O-])[O-].[OH-].[OH-].[OH-].[OH-].[OH-].[OH-].[OH-].[OH-].[OH-].[O-2].[Bi+3].[Bi+3].[Bi+3].[Bi+3].[Bi+3]
DB13210,[O-]Cl=O.[Na+]
DB13211,C1C(OC2=CC=CC=C2O1)CN=C(N)N
DB13212,C1=CC=C2C(=C1)C(OS2(=O)=O)(C3=CC=C(C=C3)O)C4=CC=C(C=C4)O
DB13213,CCCC(=O)C1=CC2=C(C=C1)SC3=CC=CC=C3N2CCCN4CCN(CC4)C
DB13215,C1=CC(=C(C=C1C2(C3=C(C(=C(C(=C3Br)Br)Br)Br)C(=O)O2)C4=CC(=C(C=C4)O)S(=O)(=O)O)S(=O)(=O)O)O
DB13216,CCN(CC)CCC1=NC(=NO1)C2=CC=CC=C2
DB13218,C1=CC=C(C=C1)C(C(=O)O)O
DB13219,CN(C)CC(OC1=CC=CC=C1)OC2=CC=CC=C2
DB13220,C([C@@H](C(=O)[O-])N)C(=O)[O-].[Fe+2]
DB13221,CC(C)C(CC=C)C(=O)NC(=O)N
DB13222,CC1=CC(=C(C2=C1C=CC=N2)O)Br
DB13223,C[C@@H]1C[C@H]2[C@@H]3C[C@@H](C4=CC(=O)C=C[C@@]4([C@H]3[C@H](C[C@@]2([C@H]1C(=O)C(=O)O)C)O)C)F
DB13224,CCC1(C(=O)CCNC1=O)CC
DB13225,CN1C2=CC=CC=C2C(=O)N(C3=CC=CC=C31)CCN(C)C
DB13226,CC(C)CC(C(=O)O)NC(=O)C
DB13227,CCOC1[C@@H]([C@H]([C@H](O1)[C@@H](COCC2=CC=CC=C2)OCC3=CC=CC=C3)OCC4=CC=CC=C4)O
DB13228,CN1C=C(C(=O)C2=C1C=C(C=C2)F)S(=O)C
DB13230,CC(=O)[C@]1(CC[C@@H]2[C@@]1(CC[C@H]3[C@H]2CCC4=CC(=O)CC[C@H]34)C)O
DB13233,CC(C(=O)OC(C)(C)CC1=CC=C(C=C1)Cl)N
DB13234,CCCOC(=O)CC1=CC(=C(C=C1)OCC(=O)N(CC)CC)OC
DB13235,B(=O)OO
DB13236,C1=C(C=C(C(=C1[O-])[O-])S(=O)(=O)[O-])S(=O)(=O)[O-].C1=C(C=C(C(=C1[O-])[O-])S(=O)(=O)[O-])S(=O)(=O)[O-].O.O.O.O.O.O.O.[Na+].[Na+].[Na+].[Na+].[Na+].[Sb+3]
DB13239,C1CC(CCC1NCC2=C(C(=CC(=C2)Br)Br)NC(=O)C3=CC=CS3)O
DB13243,C1=C(N=C(S1)[C@H]2[C@@H]([C@@H]([C@H](O2)CO)O)O)C(=O)N
DB13244,C1=CC(=CC=C1CN)C(=O)O
DB13245,CN(C)C(=S)SSC(=S)N(C)C
DB13246,C1CN2CCC1C(C2)N3C4=CC=CC=C4CCC5=CC=CC=C53
DB13247,CC(C)N(CCNC(=O)CN1CCCC1=O)C(C)C
DB13248,C1=CC=C(C(=C1)C(=O)NC2=CC=C(C=C2)S(=O)(=O)NC3=NC=CS3)C(=O)O
DB13249,[O-2].[O-2].[O-2].[Mg+2].[Si+4]
DB13250,C[S+](C)CC[C@@H](C(=O)O)N.[Cl-]
DB13251,C1=CC(=CC=C1C(CN)O)O
DB13252,CN1[C@@H]2CC[C@H]1CC(=C3C4=CC=CC=C4CSC5=CC=CC=C53)C2
DB13253,CC(CC1(C(=O)NC(=O)NC1=O)CC=C)O
DB13254,CC[N+]1(CCC(=C(C2=CC=CC=C2)C3=CC=CC=C3)C1C)CC
DB13256,CN1CCN(CC1)C2=NC3=CC=CC=C3SC4=C2C=C(C=C4)Cl
DB13258,CCOCCN(CC1=CC=C(C=C1)OC2=CC=C(C=C2)[N+](=O)[O-])C(=O)C(Cl)Cl
DB13259,CCCl
DB13262,CC(=O)OC1CN2CCC1CC2
DB13264,C[C@@]1([C@H]2C[C@H]3[C@@H](C(=O)C(=C([C@]3(C(=O)C2=C(C4=C1C=CC=C4O)O)O)O)C(=O)NCN5CCN(CC5)CCO)N(C)C)O.CC1([C@@H](N2[C@H](S1)[C@@H](C2=O)NC(=O)COC3=CC=CC=C3)C(=O)O)C
DB13265,CN(CCCOC(=O)C1=CC(=C(C(=C1)OC)OC)OC)CCN(C)CCCOC(=O)C2=CC(=C(C(=C2)OC)OC)OC
DB13267,C(C(=O)O)SC(SCC(=O)O)SCC(=O)O
DB13268,CC(=O)NC1=C(C=CC(=C1)[As](=O)(O)O)O
DB13269,C1=CC(=C(C=C1Cl)Cl)CO
DB13270,C1C[C@H]([C@H](O[C@@H]1CN)O[C@@H]2[C@H](C[C@H]([C@@H]([C@H]2O)O[C@@H]3[C@@H]([C@H]([C@@H]([C@H](O3)CO)O)N)O)N)N)N
DB13273,CCN1CCCC1CNC(=O)C2=C(C=CC(=C2)S(=O)(=O)CC)OC
DB13274,C[C@@]1(CO[C@@H]([C@@H]([C@H]1NC)O)O[C@H]2[C@@H](C[C@@H]([C@H]([C@@H]2O)O[C@@H]3[C@@H](CC[C@H](O3)CNC)N)N)N)O
DB13275,C1=CC=C2C(=C1)C(=O)C(C2=O)C3=CC=C(C=C3)Cl
DB13277,CCC1=C(C2=CC=CC=C2O1)C(=O)C3=CC(=C(C(=C3)I)O)I
DB13278,CCOC1=CC=C(C=C1)NC(=O)CC(C)O
DB13279,CCN(CC)CCC1=C(C2=C(C=C(C=C2)OCC(=O)OCC)OC1=O)C
DB13280,CC(=O)CC(=O)[O-].CC(=O)CC(=O)[O-].CC(=O)CC(=O)[O-].[Al+3]
DB13282,CCCCCCCCCCCC[N+](C)(C)CC1=CC=CC=C1
DB13283,CC1=CC(=NC(=N1)C)NS(=O)(=O)C2=CC=C(C=C2)N
DB13284,CC1=CC2=C(C=C1S(=O)(=O)N)S(=O)(=O)CCC2
DB13285,CCNC(C)CC1=CC=CC=C1
DB13286,CCCCC(C(=O)N(C1=CC=CC=C1)NC2=CC=CC=C2)C(=O)O
DB13288,CN(C)CCOCC(=O)NC12CC3CC(C1)CC(C3)C2
DB13289,CCOC(=O)C1=C[N+](=C2CCCC(N2C1=O)C)C
DB13290,CCCCCCCCCCCCCCCCCCN(CCCN(CCO)CCO)CCO.F.F
DB13291,C1=CC=C2C(=C1)C=C(O2)C(C3=CC=C(C=C3)Cl)O
DB13292,CN1CCC(=C2C3=CC=CC=C3SC4=CC=CC=C42)CC1
DB13306,CC1=NC2=C(C=C1)C(=CC(=C2O)Cl)Cl
DB13307,C[C@H]1[C@@H]([C@H]([C@H]([C@@H](O1)O[C@H]2CC[C@@]3([C@H]4CC[C@@]5([C@H](CC[C@@]5([C@@H]4CCC3=C2)O)C6=COC(=O)C=C6)C)C)O)O)O
DB13310,CC1([C@H]([C@@H](C2=C(O1)C=C(C=C2)OC)C3=CC=C(C=C3)OCCN4CCCC4)C5=CC=CC=C5)C
DB13314,CC(C1=CC=C(C=C1)NCC(=C)C)C(=O)O
DB13337,CC(C(=O)N[C@H]1[C@@H]2N(C1=O)[C@H](C(S2)(C)C)C(=O)O)OC3=CC=CC=C3
DB13345,CC(C)[C@@]1(C(=O)N2[C@H](C(=O)N3CCC[C@H]3[C@@]2(O1)O)CC4=CC=CC=C4)NC(=O)[C@@H]5C[C@H]6[C@@H](CC7=CNC8=CC=CC6=C78)N(C5)C
DB13346,CCCCOC1=CC=C(C=C1)CC(=O)NO
DB13352,CN(C)CCO
DB13374,CC[C@@]12CCCN3[C@@H]1C4=C(CC3)C5=CC=CC=C5N4[C@](C2)(C(=O)OC)O
DB13392,C1=CC=C(C(=C1)C2=C3C=C(C(=O)C=C3OC4=C(C(=C(C=C24)Br)[O-])[Hg])Br)C(=O)[O-].O.[Na+].[Na+]
DB13415,C1CCC2=NN=NN2CC1
DB13416,CC1=NC=C(C(=N1)N)CN(/C(=C(/SS/C(=C(/N(C=O)CC2=CN=C(N=C2N)C)\C)/CCOC(=O)C(C)C)\CCOC(=O)C(C)C)/C)C=O
DB13421,CCC1=CN(C(=O)NC1=O)[C@H]2C[C@@H]([C@H](O2)CO)O
DB13443,CC(C)NC[C@@H](COC1=CC=C(C=C1)CC(=O)N)O
DB13444,CC(=O)NC1=C(C(=C(C(=C1I)C(=O)O)I)C(=O)NCCO)I
DB13456,CCC(=O)O[C@@H]1CC(=O)O[C@@H](C/C=C/C=C/[C@@H]([C@@H](C[C@@H]([C@@H]([C@H]1OC)O[C@H]2[C@@H]([C@H]([C@@H]([C@H](O2)C)O[C@H]3C[C@@]([C@H]([C@@H](O3)C)OC(=O)CC)(C)O)N(C)C)O)CC=O)C)O)C
DB13488,CN(C)CCCOC1(CCCCCC1)CC2=CC=CC=C2
DB13501,C1=CC=C(C=C1)CN2C3=CC=CC=C3C(=N2)OCC(=O)O
DB13520,CN1C[C@@H](C[C@H]2[C@H]1CC3=CN(C4=CC=CC2=C34)C)CNC(=O)OCC5=CC=CC=C5
DB13530,CC1=CC2=C(N1)C=CC=C2OCC(CNC(C)C)O
DB13532,C1CCC(C1)CC2NC3=CC(=C(C=C3S(=O)(=O)N2)S(=O)(=O)N)Cl
DB13539,C1=C(C(=C(C(=C1I)NC(=O)CCOCCOCCOCCOCCC(=O)NC2=C(C=C(C(=C2I)C(=O)O)I)I)I)C(=O)O)I
DB13583,CC1=CC=CC=C1OCC(CO)O
DB13586,C[C@]12CC[C@H]3[C@H]([C@@H]1CC[C@]2(C)O)CCC4=CC(=O)C=C[C@]34C
DB13587,C[C@H]1CC(=O)C[C@H]2[C@]1([C@H]3CC[C@]4([C@H]([C@@H]3CC2)CC[C@@H]4O)C)C
DB13609,CCOC(=O)C1=C(N(C2=CC(=C(C(=C21)CN(C)C)O)Br)C)CSC3=CC=CC=C3
DB13615,CCCCCCCCCCCCCCCC(=O)OC[C@H](COP(=O)([O-])OCCNC(=O)[C@H](C)NC(=O)CC[C@H](C(=O)N)NC(=O)[C@H](C)NC(=O)[C@@H](C)O[C@H]([C@H](C=O)NC(=O)C)[C@@H]([C@@H](CO)O)O)OC(=O)CCCCCCCCCCCCCCC.O.[Na+]
DB13643,CN1CCN(CC1)/C=C\2/C(=O)N3C(=N2)CN=C(C4=C3C=CC(=C4)[N+](=O)[O-])C5=CC=CC=C5Cl
DB13648,C=CC[N@@+]12[C@@H]3[C@]4(C5=CC=CC=C5N/6[C@H]4/C(=C\N7[C@H]8/C(=C6)/[C@@H]9/C(=C\CO)/C[N@+]4([C@H]([C@]8(C5=CC=CC=C75)CC4)C9)CC=C)/[C@@H](C3)/C(=C\CO)/C1)CC2
DB13650,C([C@H]([C@H]([C@@H]([C@H](C(=O)O[Al])O)O)O)O)O.C(C(CO)(CO)N)O.O.O
DB13679,CN(C)CC[C@@H](C1=CC=C(C=C1)Cl)C2=CC=CC=N2
DB13687,CC(CCN1CCN(CC1)C2=CC=C(C=C2)F)NC(=O)C3=CN=CC=C3
DB13694,C[N+]1=CC=CC(=C1)OC(=O)N(C)CCCCCCN(C)C(=O)OC2=C[N+](=CC=C2)C
DB13707,[C@@H]([C@H](C(=O)[O-])O)(C(=O)[O-])O.[Na+].[Na+]
DB13729,CN(C)C(=O)COC(=O)CC1=CC=C(C=C1)OC(=O)C2=CC=C(C=C2)N=C(N)N
DB13740,CCC1(CC(=O)NC(=O)C1)C
DB13751,C[C@]12CC[C@](C[C@H]1C3=CC(=O)[C@@H]4[C@]5(CC[C@@H](C([C@@H]5CC[C@]4([C@@]3(CC2)C)C)(C)C)O[C@@H]6[C@@H]([C@H]([C@@H]([C@H](O6)C(=O)O)O)O)O[C@H]7[C@@H]([C@H]([C@@H]([C@H](O7)C(=O)O)O)O)O)C)(C)C(=O)O
DB13757,C1=CC=C(C(=C1)C#N)OCC(CNCCNC(=O)CC2=CC=C(C=C2)O)O
DB13764,C[C@H]1[C@@H]([C@H]([C@H]([C@@H](O1)OC[C@@H]2[C@H]([C@@H]([C@H]([C@@H](O2)OC3=C(OC4=CC(=CC(=C4C3=O)O)OCCO)C5=CC(=C(C=C5)O)O)O)O)O)O)O)O
DB13765,Cl[Hg]Cl
DB13772,CN1CCN(CC1)C2=C(C=C3C4=C2SCCN4C=C(C3=O)C(=O)O)F
DB13775,CC(C)(C)NCC(COC1=CC=CC2=C1SCCC2)O
DB13781,C1COCCN1C(=O)NCCNCC(COC2=CC=C(C=C2)O)O
DB13786,C1=C(NC(=O)NC1=O)C(=O)[O-].C1=C(NC(=O)NC1=O)C(=O)[O-].[Mg+2]
DB13792,C[C@@H]1CCC[C@@H](N1NC(=O)C2=CC(=C(C=C2)Cl)S(=O)(=O)N)C
DB13800,CC(=O)CCC(=O)[O-].CC(=O)CCC(=O)[O-].[Ca+2]
DB13805,CCC1(C(=O)NC(=O)NC1=O)C2=CC3CCC(C3)C2
DB13813,C(I)(I)I
DB13836,CC1([C@@H](N2[C@H](S1)[C@@H](C2=O)NC(=O)[C@@H](C3=CC=CC=C3)N=C)C(=O)O)C
DB13838,CNC(=S)NCO
DB13841,C1CN(CCN1CC/C=C\2/C3=CC=CC=C3SC4=C2C=C(C=C4)Cl)CCO
DB13842,CN1C2=C(C(=O)N(C1=O)C)N(C=N2)CCOC(=O)C3=CN=CC=C3
DB13843,C[C@]12C[C@@H]([C@H]3[C@H]([C@@H]1CC[C@@]2(C(=O)CO)O)C=C(C4=CC(=O)C=C[C@]34C)Cl)O
DB13845,CCN(CC)CCOC1=CC=CC=C1C(=O)CCC2=CC=CC=C2
DB13848,C1=C(C(=CC(=C1O)O)[18F])C[C@@H](C(=O)O)N
DB13851,CCO[C@@H]1[C@@H]([C@@H]2CC[C@H]([C@H]3[C@]24[C@H](O1)O[C@@](CC3)(OO4)C)C)C
DB13853,COC1=CC=C(C=C1)C2=CC(=S)SS2
DB13854,CCCCC/C=C\C/C=C\C/C=C\CCCCC(=O)O
DB13857,CC(=O)[C@]1(CC[C@@H]2[C@@]1(CCC3=C4CCC(=O)C=C4CC[C@@H]23)C)C
DB13858,CCN(CC)CCOC1=CC2=C(C=C1)N=C(S2)N(C)C
DB13861,CC(=O)N(CC(COC)O)C1=C(C(=C(C(=C1I)C(=O)NCC(CO)O)I)C(=O)NCC(CO)O)I
DB13866,C[C@]12CC[C@H]3[C@H]([C@@H]1CC[C@]2(C#C)O)CCC4=C[C@H](CC[C@H]34)O
DB13869,CC1=CC=C(C=C1)N=CC2=C(C(=CC=C2)OC)O
DB13882,COC(=O)C1=CN=CC=C1
DB13908,CCCCCC1=C(C=C(C=C1)C)O
DB13910,CCCC(CCC)C(=O)[O-].CCCC(CCC)C(=O)[O-].CCCC(CCC)C(=O)[O-].[Bi+3]
DB13911,C1=C2C(=C3C=C(C(=O)C(=C3OC2=C(C(=C1Br)[O-])Br)Br)Br)C4=C(C(=C(C(=C4Cl)Cl)Cl)Cl)C(=O)[O-].[Na+].[Na+]
DB13914,CCCC[C@@]1(CS(=O)(=O)C2=C(C=C(C=C2)N(C)C)[C@H]([C@H]1O)C3=CC(=CC=C3)NC(=O)N[C@H]4[C@@H]([C@H]([C@@H]([C@H](O4)COS(=O)(=O)O)O)OCC5=CC=CC=C5)O)CC
DB13916,C1=C(C2=C(N=CN=C2N1[C@H]3[C@@H]([C@@H]([C@H](O3)CO)O)O)N)C#N
DB13917,CNCCC1=CC(=C(C=C1)O)O
DB13918,CC(C(=O)OC)OC1=CC=C(C=C1)OC2=C(C=C(C=C2)Cl)Cl
DB13919,CCOC1=NC2=CC=CC(=C2N1CC3=CC=C(C=C3)C4=CC=CC=C4C5=NNN=N5)C(=O)O
DB13920,CC(C)[C@@H](C(=O)O[C@@H]1[C@H](O[C@H]([C@]1(C)O)N2C=CC(=NC2=O)N)CO)N
DB13921,C[C@]1([C@@H]([C@H](O[C@H]1N2C=CC(=NC2=O)N)CO)O)O
DB13927,C1OC2=C(O1)C=C(C=C2)C3=CC(=NN3)C4=CC(=CC=C4)Br
DB13930,CC(C)NC1=NC=C(C(=C1)C2=CNC(=C2)C(=O)N[C@H](CO)C3=CC(=CC=C3)Cl)Cl
DB13931,CC1=CC(=C(C=C1)C(=O)OCC2=CC=C(C=C2)[C@@H](CN)C(=O)NC3=CC4=C(C=C3)C=NC=C4)C
DB13934,C1C[C@@H](N(C1)C2=CC(=C(C=C2)C#N)C(F)(F)F)[C@H](C(F)(F)F)O
DB13935,C1C[C@H]2CC(C[C@@H]1N2C3=CC=C(C4=CC=CC=C43)C#N)O
DB13936,C[C@]1(CC(=NN1)C(F)(F)F)C(=O)NC2=CC(=C(C=C2)C#N)C(F)(F)F
DB13937,CCC1=C(C2=C(N1CC(F)(F)F)C=CC3=C2C(=CC(=O)N3)Cl)C
DB13938,CC(C)(CO)[C@@H]1C[C@@H](C2=C(N1)C=CC(=C2)[N+](=O)[O-])N(C)C
DB13939,CC1=C(C=CC(=C1Cl)C#N)N[C@@H](C2=NN=C(O2)C3=CC=C(C=C3)C#N)[C@H](C)O
DB13940,CCSC1=C(C=C(C(=C1)OC)CC(C)N)OC
DB13941,C1CN(CCN1CCCN2CCN(CC2)C3=C4C=CC(=CC4=NC=C3)Cl)C5=C6C=CC(=CC6=NC=C5)Cl
DB13943,C[C@]12CC[C@H]3[C@H]([C@@H]1CC[C@@H]2OC(=O)CCC4CCCC4)CCC5=CC(=O)CC[C@]35C
DB13944,CCCCCCC(=O)O[C@H]1CC[C@@H]2[C@@]1(CC[C@H]3[C@H]2CCC4=CC(=O)CC[C@]34C)C
DB13946,CCCCCCCCCCC(=O)O[C@H]1CC[C@@H]2[C@@]1(CC[C@H]3[C@H]2CCC4=CC(=O)CC[C@]34C)C
DB13948,COC1=CC(=C(C=C1CCNCC2=CC=CC=C2O)OC)C#N
DB13949,[Fe+3]
DB13950,CC1=C(C2=C3N1[C@@H](COC3=CC=C2)CN4CCOCC4)C(=O)C5=CC=CC6=CC=CC=C65
DB13951,CC(=O)O[C@H]1CC[C@@H]2[C@@]1(CC[C@H]3[C@H]2CC[C@@H]4[C@@]3(CCC(=O)C4)C)C
DB13952,CC(=O)OC1=CC2=C(C=C1)[C@H]3CC[C@]4([C@H]([C@@H]3CC2)CC[C@@H]4O)C
DB13953,C[C@]12CC[C@H]3[C@H]([C@@H]1CC[C@@H]2O)CCC4=C3C=CC(=C4)OC(=O)C5=CC=CC=C5
DB13954,C[C@]12CC[C@H]3[C@H]([C@@H]1CC[C@@H]2OC(=O)CCC4CCCC4)CCC5=C3C=CC(=C5)O
DB13955,CCCCCCC(=O)O[C@H]1CC[C@@H]2[C@@]1(CC[C@H]3[C@H]2CCC4=C3C=CC(=C4)OC(=O)CCCCCC)C
DB13956,CCCCC(=O)O[C@H]1CC[C@@H]2[C@@]1(CC[C@H]3[C@H]2CCC4=C3C=CC(=C4)O)C
DB13957,CC1=CC(=C(C=C1)N(C(=O)C(F)(F)F)/N=C/C2=CC(=CC=C2)OC)C
DB13958,C[C@@H]1CC2=CC(=O)CC[C@@H]2[C@@H]3[C@@H]1[C@@H]4CC[C@@H]([C@]4(CC3)C)OC(=O)C
DB13960,C(C(CO)([N+](=O)[O-])Br)O
DB13962,[C@H]([C@@H]([C@@H](C(=O)[O-])O)O)([C@H](C(=O)[O-])O)O.[Ca+2]
DB13963,C1=CC=C(C(=C1)Cl)Cl
DB13966,CCCCCCCCCCCCCC(=O)OC(C)C
DB13967,CCN(CC)C1=CC=C(C=C1)C(=C2C=CC(=[N+](CC)CC)C=C2)C3=CC(=C(C=C3S(=O)(=O)O)S(=O)(=O)O)O
DB13972,CSCCC(C(=O)O)N
DB13977,C(=O)([O-])[O-].[K+].[K+]
DB13978,C1CC(C2=C(C1)C3=C(N2)C=CC(=C3)Cl)C(=O)N
DB13981,CC1=C[C@@H]2[C@H](CC[C@]3([C@H]2CC[C@@]3(C(=O)C)OC(=O)C)C)[C@@H]4C1=CC(=O)CC4
DB13983,COC1=C(C(=C2C(=C1O)C(=O)C=C(O2)C3=CC=CC=C3O)OC)O
DB13984,C1CC1
DB13987,[Cl-].[Cl-].[Sr+2]
DB13988,CC1CCN(CC1)CC[C@H]2CCCN2S(=O)(=O)C3=CC=CC(=C3)O
DB13989,C1=C2C(=CC(=C1Cl)S(=O)(=O)N)S(=O)(=O)NC(N2)CSCC(F)(F)F
DB13990,CCCN(CCC)CCC1=CNC2=C1C(=CC=C2)O
DB13991,C1CNCCC1CCC2=CC(=NC3=CC=CC=C32)C4=CC=CC=C4
DB13993,CN1C(=NC=N1)COC2=NN3C(=NN=C3C4=C(C=CC=C4F)F)C=C2C5CCC5
DB13994,CCCNC(=O)C1=NN=C2C(=C1N)C=CC=C2C3=C(C=CC=C3F)OC
DB13995,C(C(=O)[O-])C(CC(=O)[O-])(C(=O)[O-])O.C(C(=O)[O-])C(CC(=O)[O-])(C(=O)[O-])O.C(C(=O)[O-])C(CC(=O)[O-])(C(=O)[O-])O.OP(=O)(O)OP(=O)(O)O.OP(=O)(O)OP(=O)(O)O.OP(=O)([O-])OP(=O)([O-])[O-].[Fe+3].[Fe+3].[Fe+3].[Fe+3]
DB14001,CC1=C(C(=C(C2=C1O[C@](CC2)(C)CCC[C@H](C)CCC[C@H](C)CCCC(C)C)C)OC(=O)CCC(=O)O)C
DB14002,CC1=C(C(=C(C2=C1O[C@](CC2)(C)CCC[C@H](C)CCC[C@H](C)CCCC(C)C)C)OC(=O)C)C
DB14008,COC1=C(C2=C(C=C1O)OC(=CC2=O)C3=CC=C(C=C3)O)O
DB14010,CN(C)CCC1=CNC2=C1C=C(C=C2)OC
DB14011,CCCCCC1=CC(=C(C(=C1)O)[C@@H]2C=C(CC[C@H]2C(=C)C)C)O.CCCCCC1=CC(=C2[C@@H]3C=C(CC[C@H]3C(OC2=C1)(C)C)C)O
DB14013,CCOC(=O)N1CCC(C1)CN(CC2=CC=C(C=C2)Cl)CC3=CC=C(S3)[N+](=O)[O-]
DB14014,CCCCCNC(=O)N1CCC(C1)CN(CC2=CC=C(C=C2)Cl)CC3=CC=C(S3)[N+](=O)[O-]
DB14015,OS(=O)[O-].[Na+]
DB14017,C[C@H]1/C=C/[C@@H]([C@](CC[C@H](CC(=O)O[C@@H]1/C(=C/C=C/[C@@H](C)C2=CC=CC=N2)/C)O)(C)O)OC(=O)N3CCN(CC3)C
DB14020,C1=CC=C(C=C1)C(C(=O)C2=CC=CC=C2)O
DB14025,C1CC1N2C=C(C(=O)C3=CC(=C(C(=C32)Cl)N4CCC(C4)N)F)C(=O)O
DB14027,CC[C@H](C)[C@@H](C(=O)N[C@@H](C)C(=O)N[C@@H](CC1=CNC2=CC=CC=C21)C(=O)N[C@@H](CC(C)C)C(=O)N[C@@H](C(C)C)C(=O)N[C@@H](CCCCN)C(=O)NC(C)(C)C(=O)N[C@@H](CCCNC(=N)N)C(=O)N)NC(=O)[C@H](CC3=CC=CC=C3)NC(=O)[C@H](CCC(=O)O)NC(=O)[C@H](CCCCN)NC(=O)[C@H](C)NC(=O)[C@H](C)NC(=O)[C@H](CCC(=O)N)NC(=O)CNC(=O)[C@H](CCC(=O)O)NC(=O)[C@H](CC(C)C)NC(=O)[C@H](CC4=CC=C(C=C4)O)NC(=O)[C@H](CO)NC(=O)[C@H](CO)NC(=O)[C@H](C(C)C)NC(=O)[C@H](CC(=O)O)NC(=O)[C@H](CO)NC(=O)[C@H]([C@@H](C)O)NC(=O)[C@H](CC5=CC=CC=C5)NC(=O)[C@H]([C@@H](C)O)NC(=O)CNC(=O)[C@H](CCC(=O)O)NC(=O)C(C)(C)NC(=O)[C@H](CC6=CNC=N6)N
DB14028,C1C(=O)NC2=C(C=C(C=C2)Cl)C(=N1)C3=CC=CC=C3
DB14029,C1CC2C(CC1N2)C3=CC(=C(N=C3)F)C4=CC=C(C=C4)C#N
DB14030,C[C@@H](CC1=CSC=C1)NC(=O)NC[C@H](CC2=CC=C(C=C2)O)N(C)C
DB14031,C1CN1C2=NC(=NC(=N2)N3CC3)N4CC4
DB14033,CC1=C(ON=C1C)N(C(=O)C)S(=O)(=O)C2=CC=C(C=C2)N
DB14035,C1CC2=C(C=CC(=C2)CC3C(=O)NC(=O)S3)O[C@H]1CC4=CC=CC=C4
DB14038,CC[C@H](CC[C@@H](C)[C@H]1CC[C@@H]2[C@@]1(CC[C@H]3[C@H]2CC=C4[C@@]3(CC[C@@H](C4)O)C)C)C(C)C
DB14043,CCCCCCCCCCCCCCCC(=O)NCCO
DB14044,CC(C)(CO)[C@H](C(=O)NCCCC(=O)O)O
DB14045,C[C@H](CCCC(C)C)[C@H]1CC[C@@H]2[C@@]1(CC[C@H]3[C@H]2CC=C4[C@@]3(CC[C@@H](C4)Cl)C)C
DB14050,CCCC1=CC(=C(C(=C1)O)[C@@H]2C=C(CC[C@H]2C(=C)C)C)O
DB14051,C[C@@H]1C[C@H]2C(=O)NC([C@@H](C(=O)N[C@@H](C(=O)N[C@H](C(=O)N[C@H](C(=O)N[C@H](C(=O)NCC(=O)N[C@@H](C(=O)N[C@H](C(=O)N2C1)C(C)C)C(C)C(=O)O)CC(=O)O)C(C(=O)O)O)CCCCN)C(C)C)NC(=O)[C@H](C(C)C(=O)O)NC(=O)/C=C/C=C\CCC(C)C)C
DB14052,CCC(C)CC/C=C\C=C\C(=O)N[C@@H](C(C)C(=O)O)C(=O)N[C@H]1C(NC(=O)[C@@H]2C[C@H](CN2C(=O)[C@@H](NC(=O)[C@H](NC(=O)CNC(=O)[C@@H](NC(=O)[C@@H](NC(=O)[C@@H](NC(=O)[C@H](NC1=O)C(C)C)CCCCN)C(C(=O)O)O)CC(=O)O)C(C)C(=O)O)C(C)C)C)C
DB14054,C[C@@H]1CC[C@@]2(CC[C@@]3(C(=CC[C@H]4[C@]3(CC[C@@H]5[C@@]4(C[C@H]([C@@H]([C@@]5(C)CO)O)O)C)C)[C@@H]2[C@H]1C)C)C(=O)O
DB14055,CC(=O)C[C@@H](C1=CC=CC=C1)C2=C(C3=CC=CC=C3OC2=O)O
DB14056,C[C@H]1CC[C@@H](O[C@H]1[C@@H](C)C(=O)O)C[C@@H]2C[C@H]([C@H]([C@@]3(O2)[C@@H](C[C@@](O3)(C)[C@H]4CC[C@@](O4)(C)[C@H]5[C@H](C[C@@H](O5)[C@@H]6[C@H](C[C@H]([C@@](O6)(CO)O)C)C)C)C)C)OC
DB14057,C[C@H]1C(=O)N[C@H](C(=O)O[C@@H](C(=O)N[C@@H](C(=O)O[C@H](C(=O)N[C@H](C(=O)O[C@@H](C(=O)N[C@@H](C(=O)O[C@H](C(=O)N[C@H](C(=O)O[C@@H](C(=O)N[C@@H](C(=O)O1)C(C)C)C(C)C)C(C)C)C)C(C)C)C(C)C)C(C)C)C)C(C)C)C(C)C)C(C)C
DB14058,CC[C@@H](C)[C@H]1C(=O)NC(C(=O)N[C@H](C(=O)N([C@H](C(=O)N2CCC[C@H]2C(=O)N[C@@H](C(=O)N([C@H](C(=O)N[C@H](C(=O)N([C@H](C(=O)O1)C(C)C)C)CC(C)C)C(C)C)C)[C@H](C)C(C)C)CC3=CC=CC=C3)C)CC4=CC=CC=C4)C(C)C
DB14059,C1=CC(=CC=C1C2=CC(=NN2C3=CC=C(C=C3)S(=O)(=O)N)C(F)(F)F)Cl
DB14060,CS(=O)(=O)NC1=C(C=C(C=C1)[N+](=O)[O-])OC2CCCCC2
DB14061,CCN(CC)CCNC1=C2C(=C(C=C1)CO)SC3=CC=CC=C3C2=O
DB14062,CC[C@H]1[C@H]([C@@H](C/C(=C/C=C/[C@@H]([C@H](OC(=O)/C(=C/C(=C/[C@H]([C@H]1O)C)/C)/OC)[C@@H](C)[C@H]([C@H](C)[C@]2(C[C@H]([C@@H]([C@H](O2)/C=C/C)C)O[C@H]3C[C@H]([C@@H]([C@H](O3)C)OC(=O)N)O)O)O)OC)/C)C)O
DB14064,CC(C)C(CCCN(C)CCC1=CC=CC=C1)(C#N)C2=CC=CC=C2
DB14065,COC1=C(C(=C(C=C1)CN2CCN(CC2)C(C3=CC=C(C=C3)F)C4=CC=C(C=C4)F)OC)OC
DB14067,C1CN(CCN1CC(COC2=CC=CC3=C2C=CC=N3)O)C(=O)C(C4=CC=CC=C4)C5=CC=CC=C5
DB14069,CCOC/C=C/C1=CC=C(C=C1)C2=NC(=C(N2)C3=CC=C(C=C3)NC(C)C)C4=CC=C(C=C4)NC(C)C
DB14071,C1C[C@@H](C2=CC=CC=C2[C@@H]1C3=CC(=C(C=C3)Cl)Cl)N
DB14072,CC(C)(C)OC(=O)[C@H](CCCCNC(=O)OCC1=CC=CC=C1)NC(=O)[C@H](CC(=O)OCC2=CC=CC=C2)NC(=O)OC(C)(C)C
DB14074,CCC(C)OC(=O)N1CCCCC1CCO
DB14075,C(NC(=O)NC1C(=O)NC(=O)N1CO)NC(=O)NC2C(=O)NC(=O)N2CO
DB14085,[Cd]
DB14086,C1[C@@H]([C@H](OC2=CC(=CC(=C21)O)O)C3=CC(=C(C=C3)O)O)O
DB14106,[B-](F)(F)(F)F.CC(C)(C[N+]#[C-])OC.CC(C)(C[N+]#[C-])OC.CC(C)(C[N+]#[C-])OC.CC(C)(C[N+]#[C-])OC.[Cu+]
DB14111,CCCCCCCCCCCCCC[C@H]([C@H]([C@H](CO)NC(=O)CCCCCCC/C=C\CCCCCCCC)O)O
DB14120,CC(C1=CC=CC=C1)C2=C(C=C(C=C2)O)O
DB14121,C[C@H]1CC=CC(=O)O1
DB14122,COC1=CC(=CC(=C1C(=O)/C=C/C2=CC=CC=C2)O)O
DB14126,C[C@H](CN1C=NC2=C(N=CN=C21)N)OCP(=O)(O)O
DB14127,C[C@H](C[C@@H](CC1=CC=C(C=C1)C2=CC=CC=C2)NC(=O)CCC(=O)O)C(=O)O
DB14128,C1=CC(=C[N+](=C1)[C@H]2[C@@H]([C@@H]([C@H](O2)COP(=O)([O-])OP(=O)(O)OC[C@@H]3[C@H]([C@H]([C@@H](O3)N4C=NC5=C(N=CN=C54)N)O)O)O)O)C(=O)N
DB14129,C[C@H](CC1=CC2=C(C=C1)OCO2)[C@@H](C)CC3=CC(=C(C=C3)O)OC
DB14132,CN1C2=C(C(=O)N(C1=O)C)NC(=N2)Cl
DB14135,OCl
DB14146,CN1CC[C@]23[C@@H]4[C@H](CC[C@]2([C@H]1CC5=C3C(=C(C=C5)OC)O4)O)OCCOCCOCCOCCOCCOCCOC
DB14152,CC(=CCCC(C)([C@H]1CC[C@@]2(C1CC[C@H]3[C@]2(CC[C@@H]4[C@@]3(CC[C@@H](C4(C)C)O)C)C)C)O)C
DB14154,[Au]
DB14175,CCCCC/C(=C/C1=CC=CC=C1)/C=O
DB14176,C1=CC=C(C=C1)COC(=O)C2=CC=C(C=C2)O
DB14177,CCCOC(=O)C1=CC=C(C=C1)O
DB14180,[O-]S(=O)(=O)[O-].[Ni+2]
DB14183,CC(=CCC/C(=C/CO)/C)C
DB14184,C1=CC=C(C=C1)/C=C/C=O
DB14185,CCCCCCCCCCCC(=O)OCN1C(=O)CCC2=C1C=C(C=C2)OCCCCN3CCN(CC3)C4=C(C(=CC=C4)Cl)Cl
DB14186,C1=CC=C(C=C1)/C=C/CO
DB14187,CC(CCCC(C)(C)O)CC=O
DB14188,C/C=C/C1=CC(=C(C=C1)O)OC
DB14189,C(CN)N
DB14191,C1=CC=C(C=C1)NC(=NC2=CC=CC=C2)N
DB14195,CC(C)NC1=CC=C(C=C1)NC2=CC=CC=C2
DB14196,C1CCC(CC1)NC2=CC=C(C=C2)NC3=CC=CC=C3
DB14197,CN1C(=O)C=C(S1)Cl
DB14199,C(CC(CBr)(C#N)Br)C#N
DB14200,C1CCC(CC1)NSC2=NC3=CC=CC=C3S2
DB14201,C1=CC=C2C(=C1)N=C(S2)SSC3=NC4=CC=CC=C4S3
DB14203,CCN(CCO)C1=CC(=C(C=C1)N=NC2=NC=C(S2)[N+](=O)[O-])C
DB14207,C1CCC(CC1)[C@@H]2C[C@H](N(C2)C(=O)CP(=O)(CCCCC3=CC=CC=C3)O)C(=O)O
DB14208,C[C@@H](C(=O)N1[C@H]2CCC[C@H]2C[C@H]1C(=O)O)N[C@@H](CCC3=CC=CC=C3)C(=O)O
DB14209,C[C@@H](C(=O)N1[C@H]2CCCC[C@@H]2C[C@H]1C(=O)O)N[C@@H](CCC3=CC=CC=C3)C(=O)O
DB14210,C[C@@H](C(=O)N1CC2=CC(=C(C=C2C[C@H]1C(=O)O)OC)OC)N[C@@H](CCC3=CC=CC=C3)C(=O)O
DB14212,COC(=O)C1=CC=C(C=C1)O
DB14213,CCC[C@@H](C(=O)O)N[C@@H](C)C(=O)N1[C@H]2CCCC[C@H]2C[C@H]1C(=O)O
DB14217,C[C@@H](C(=O)N1CC2=CC=CC=C2C[C@H]1C(=O)O)N[C@@H](CCC3=CC=CC=C3)C(=O)O
DB14218,CC1=NN(C=C1)C2=C(C=CC(=C2)Cl)[C@H](C(F)(F)F)OC3=NC(=NC(=C3)C4=CC=C(C=C4)C[C@@H](C(=O)O)N)N
DB14221,CCC(=O)O[C@@]1([C@H](C[C@@H]2[C@@]1(C[C@@H]([C@]3([C@H]2CCC4=CC(=O)C=C[C@@]43C)Cl)O)C)C)C(=O)CO
DB14227,[99Tc]
DB14493,C(C(=O)[O-])N.C(C(=O)[O-])N.[Zn+2]
DB14500,[K]
DB14506,[Li+].[OH-]
DB14512,C[C@@H]1C[C@H]2[C@@H]3CCC4=CC(=O)C=C[C@@]4([C@]3([C@H](C[C@@]2([C@]1(C(=O)CCl)OC(=O)C5=CC=CO5)C)O)Cl)C
DB14513,[Mg]
DB14551,[32PH3]
DB14556,CC(=O)OO
DB14557,CCCCC(CC)COCC(CO)O
DB14574,[Co]
DB14581,CC1=CC(=C(C(=O)N1)CNC(=O)C2=C(N(C3=CC=CC=C32)[C@H](C)C4CCN(CC4)CC(F)(F)F)C)OC
DB14583,CC(=O)[C@]1(C(=C)C[C@@H]2[C@@]1(CC[C@H]3[C@H]2CCC4=CC(=O)CC[C@H]34)C)OC(=O)C
DB14627,CC(=O)OC1=CC=C(C=C1)C2(C3=CC=CC=C3NC2=O)C4=CC=C(C=C4)OC(=O)C
DB14631,C[C@]12C[C@@H]([C@H]3[C@H]([C@@H]1CC[C@@]2(C(=O)COP(=O)(O)O)O)CCC4=CC(=O)C=C[C@]34C)O
DB14634,CC(=O)OCC(=O)[C@]1(C(=C)C[C@@H]2[C@@]1(C[C@@H]([C@]3([C@H]2CCC4=CC(=O)C=C[C@@]43C)F)O)C)O
DB14644,C[C@H]1C[C@H]2[C@@H]3CC[C@@]([C@]3(C[C@@H]([C@@H]2[C@@]4(C1=CC(=O)C=C4)C)O)C)(C(=O)COC(=O)CCC(=O)O)O
DB14649,C[C@@H]1C[C@H]2[C@@H]3CCC4=CC(=O)C=C[C@@]4([C@]3([C@H](C[C@@]2([C@]1(C(=O)COC(=O)C)O)C)O)F)C
DB14659,CC1=C[C@@H]2[C@H](CC[C@]3([C@H]2CC(=C)[C@@]3(C(=O)C)OC(=O)C)C)[C@@]4(C1=CC(=O)CC4)C
DB14669,C[C@H]1C[C@H]2[C@@H]3CCC4=CC(=O)C=C[C@@]4([C@]3([C@H](C[C@@]2([C@]1(C(=O)COP(=O)(O)O)O)C)O)F)C
DB14674,C[C@]12CC[C@H]3[C@H]([C@@H]1CC[C@@H]2OP(=O)(O)O)CCC4=C3C=CC(=C4)OC(=O)N(CCCl)CCCl
DB14681,C[C@]12CCC(=O)C=C1CC[C@@H]3[C@@H]2C(=O)C[C@]4([C@H]3CC[C@@]4(C(=O)CO)O)C
DB14683,C1=C(NC=N1)C[C@@H](C(=O)N[C@@H](CCCCN)C(=O)[O-])NC(=O)CN.[Cu+2]
DB14695,[OH-].[O-2].[Fe+3]
DB14708,CC1=CC=C(C=C1)S(=O)(=O)NCl
DB14726,CN1C2=C(C=C(C=C2)C(=O)N(CCC(=O)O)C3=CC=CC=N3)N=C1CNC4=CC=C(C=C4)C(=N)N
DB14729,CO[C@@H]1[C@H](O[C@H]([C@@H]([C@H]1O)O)N2C3=C(C=CC=C3Cl)C4=C5C(=C6C7=C(C(=CC=C7)Cl)NC6=C42)C(=O)NC5=O)CO
DB14732,C1=C[C@@H]([C@@H]([C@H]1NCC2=CNC3=C2C(=O)NC(=N3)N)O)O
DB14733,CC1=C(OC(=O)O1)COC(=O)N2CC[C@H](C2)N3CC/C(=C\C4=C(N5[C@@H]([C@@H](C5=O)NC(=O)/C(=N\O)/C6=NSC(=N6)N)SC4)C(=O)O)/C3=O
DB14734,CCCCCC1=CC(=C(C(=C1)O)C/C=C(\C)/CCC=C(C)C)O
DB14735,CCCCCC1=CC(=C2C=CC(OC2=C1)(C)CCC=C(C)C)O
DB14736,CCCC1=CC(=C2C(=C1)OC(C3=C2C=C(C=C3)C)(C)C)O
DB14737,CCCCCC1=CC(=C2C(=C1)OC(C3=C2C=C(C=C3)C)(C)C)O
DB14753,C1=CC(=CC=C1/C=C/C2=C(C=C(C=C2)C(=N)N)O)C(=N)N
DB14763,CC1(N=C(N=C(N1C2=CC=C(C=C2)Cl)N)N)C
DB14765,C1CCC(C1)(C#N)C2=CC=C(C=C2)NC(=O)C3=C(N=CC=C3)NCC4=CC=NC=C4
DB14766,C1CCC(C1)C2=C(C=C(C=C2)COC3=CC4=C(C=C3)NC5=C4CC[C@@H]5CC(=O)O)C(F)(F)F
DB14768,CN1C=C(C=N1)NC2=NC3=C(C(=CN3)Cl)C(=N2)OC[C@H]4CN(C[C@@H]4OC)C(=O)C=C
DB14769,C[C@]12CCCN1CC3=NNC(=O)C4=C5C3=C2NC5=CC(=C4)F
DB14770,C1CN(CCN1C2COC2)C3=CC=C(C=C3)NC4=NC(=CN5C4=NC=C5)C6=CN=CC(=N6)N
DB14772,C1=CC(=CC=C1CSC[C@@H](C(=O)O)NC(=O)N[C@@H](CCC(=O)O)C(=O)O)[18F]
DB14773,C1CC(=O)NC2=NC=CC(=C21)OC3=CC4=C(C=C3)O[C@H]5[C@@H]4[C@@H]5C6=NC7=C(N6)C=C(C=C7)C(F)(F)F
DB14774,COC1=CN(N=C(C1=O)C2=CC=NN2C3=CC=CC=C3)C4=C(C=C(C=C4)N5C=CC=N5)F
DB14775,C1=CC(=C(C=C1C(=O)O)Cl)C2=NC3=C(C=C2)C=C(C=C3)O
DB14777,CC[C@H](C)[C@H]1C(=O)N[C@H](C(=O)N[C@H](C(=O)N[C@@H](C(=O)N[C@H](C(=O)N[C@H](C(=O)N[C@H](C(=O)N[C@H](C(=O)N[C@H](C(=O)N[C@H](C(=O)N2CCC[C@@H]2C(=O)N3CCC[C@H]3C(=O)N[C@H](C(=O)N[C@H](C(=O)N1)CC4=CNC5=CC=CC=C54)[C@@H](C)O)CO)C)CCN)CCN)CC6=CNC7=CC=CC=C76)CCN)CCN)CCCN)CCN
DB14779,CC1=CC(=C(C(=C1)C)C2=CC=C(C=C2)NC(=O)[C@H](CC3=CC=C(C=C3)C(=O)NCCS(=O)(=O)O)C4=CC=C(C=C4)C5=CC=C(C=C5)C(C)(C)C)C
DB14785,C[C@H]1CN(CCN1C2=CN=C(C=C2)NC3=CC(=CN(C3=O)C)C4=C(C(=NC=C4)N5CCN6C7=C(CC(C7)(C)C)C=C6C5=O)CO)C8COC8
DB14786,C[C@H]([C@H](C(=O)N[C@H](CC1=CC=CC=C1)C(=O)N[C@H](CC2=CC=CC=C2)C(=O)N[C@H](CC(C)C)C(=O)N3CCC[C@@H]3C(=O)N[C@H](CO)C(=O)N[C@H]([C@@H](C)O)C(=O)N[C@H](CC(C)C)C(=O)N[C@H](CC4=CNC5=CC=CC=C54)C(=O)N[C@H](CCC(=O)O)C(=O)N[C@H](CCCNC(=N)N)C(=O)N[C@H](CCCCN)C(=O)O)NC(=O)[C@@H](CC6=CNC7=CC=CC=C76)NC(=O)[C@@H](CC8=CNC9=CC=CC=C98)N)O
DB14787,COC1=C(C=CC(=C1)N2C=NC3=C(C2=O)SC(=C3)C4=CC=C(C=C4)Cl)OC[C@@H](C5CC5)OP(=O)(O)O
DB14790,C1=CC(=CC(=C1)Cl)C2=NC(=CC(=N2)NC3=CC=C(C=C3)CC(=O)N)C(F)(F)F
DB14791,CCN1CCC(CC1)OC2=C3C4=C(NC3=CN=C2C#N)N=CC=C4
DB14792,CC1=C2C(=NN1C)CSCC3=NN(C(=C3)CSC4=CC5=CC=CC=C5C(=C4)OCCCC6=C(N(C7=C6C=CC(=C27)Cl)C)C(=O)O)C
DB14793,CCOC1=C(C=CC(=C1)C(C)(C)C)C2=N[C@@]([C@@](N2C(=O)N3CCN(CC3)CCCS(=O)(=O)C)(C)C4=CC=C(C=C4)Cl)(C)C5=CC=C(C=C5)Cl
DB14795,C[C@@H]1CN(CCN1C(=O)OC2=C(C=C3C(=C2)C(=NC=N3)NC4=C(C(=CC=C4)Cl)F)OC)C
DB14799,CC1=CC(=C(C(=O)N1)CN2CCC3=C(C=C(C(=C3C2=O)Cl)[C@@H](C4COC4)OC)Cl)OC
DB14801,C1=CC2=C(C=C1S(=O)(=O)N3C4=C(C=C(C=C4)Cl)C=C3CCCC(=O)O)SC=N2
DB14802,CC(=O)N1CC2(CC2)C3=C([C@@H]1C4=C(C=C(C=C4)Cl)OC)NC5=C3C(=CC=C5)F
DB14803,CC[C@H](C)[C@@H](C(=O)NC1CSSCC(NC(=O)[C@@H](NC(=O)C(NC(=O)[C@@H](NC(=O)CN(C(=O)[C@@H](NC(=O)[C@@H](NC(=O)C(NC(=O)[C@@H](NC(=O)C(NC1=O)C(C)C)CC2=CN(C3=CC=CC=C32)C)CCC(=O)N)CC(=O)O)CC4=CNC5=CC=CC=C54)C)C)CC6=CN=CN6)CCCNC(=N)N)C(=O)N(C)[C@@H]([C@@H](C)CC)C(=O)N)NC(=O)[C@@H](CC7=CC=C(C=C7)O)N
DB14804,[125I]
DB14805,C1=CC(=NC=C1C(=O)NCCCC[C@@H](C(=O)O)NC(=O)N[C@@H](CCC(=O)O)C(=O)O)[18F]
DB14806,CC[C@H](C)[C@@H](C(=O)N[C@@H](CCC(=O)O)C(=O)N[C@@H](CC1=CNC2=CC=CC=C21)C(=O)N[C@@H](CC(C)C)C(=O)N[C@@H](CCCCN)C(=O)N[C@@H](CC(=O)N)C(=O)NCC(=O)NCC(=O)N3CCC[C@H]3C(=O)N[C@@H](CO)C(=O)N[C@@H](CO)C(=O)NCC(=O)N[C@@H](C)C(=O)N4CCC[C@H]4C(=O)N5CCC[C@H]5C(=O)N6CCC[C@H]6C(=O)N[C@@H](CO)C(=O)N)NC(=O)[C@H](CC7=CC=CC=C7)NC(=O)[C@H](CC(C)C)NC(=O)[C@H](CCCNC(=N)N)NC(=O)[C@H](C(C)C)NC(=O)[C@H](C)NC(=O)[C@H](CCC(=O)O)NC(=O)[C@H](CCC(=O)O)NC(=O)[C@H](CCC(=O)O)NC(=O)[C@H](CCSC)NC(=O)[C@@H](CCC(=O)N)NC(=O)[C@H](CCCCN)NC(=O)[C@H](CO)NC(=O)[C@H](CC(C)C)NC(=O)[C@H](CC(=O)O)N
DB14808,CC(C)C(=O)OC[C@@]1([C@H]([C@H]([C@@H](O1)N2C=CC(=NC2=O)N)F)OC(=O)C(C)C)CCl
DB14810,CC1=CN=C(C=N1)NC(=O)C2=CC(=CC(=C2)O[C@@H](C)COC)OC3=NC=C(N=C3)C(=O)N4CCC4
DB14813,CC1=NC2=C(N1C3C[C@H]4CC[C@@H](C3)N4CC[C@@H](C5=CC(=CC=C5)F)NC(=O)C)CCN(C2)C(=O)C(C)C
DB14814,CC#CC1=CC(=CN=C1)C2=CC3=C(CC4([C@]35N=C(C(=N5)N)C)CCC(CC4)OC)C=C2
DB14815,C[C@H]1[C@@H]([C@H]([C@H]([C@@H](O1)O[C@@H]2[C@H]([C@@H]([C@H](O[C@H]2O[C@H]3C[C@@]4([C@H](C[C@H]([C@H]5[C@]4(CC[C@@H]5[C@](C)(CCC=C(C)C)O[C@H]6[C@@H]([C@H]([C@@H]([C@H](O6)CO)O)O)O)C)O)[C@@]7([C@@H]3C([C@H](CC7)O)(C)C)C)C)CO)O)O)O)O)O
DB14820,CCC/C(=N\OCC(C)OC1=CC=C(C=C1)Cl)/C2=C(CC(CC2=O)C3CCCSC3)O
DB14821,C1CCC(CC1)CN2CCN(CC2)C3=NC(=O)C4=C(S3)C(=CC(=C4)C(F)(F)F)[N+](=O)[O-]
DB14822,CC1=NC(=C(S1)C2=CC=C(C=C2)F)C(=O)N3CCCC[C@H]3CNC(=O)C4=C5C=COC5=CC=C4
DB14823,CN1CC2=C(C=CC(=C2)Cl)N3C(=NN=C3C4CCC(CC4)OC5=CC=CC=N5)C1
DB14826,CC1=C(C=CC(=C1C2=NOCC2)S(=O)(=O)C)C(=O)C3=CNN(C3=O)C
DB14828,C1=CC2=C(C(=C1)Cl)N=C(C=C2)NC3=CC=C(C=C3)OC(F)(F)F
DB14829,CC[C@H]1C[C@H](C[C@H]([C@@H]1O[C@H]2[C@H]([C@@H]([C@@H]([C@@H](O2)C)O)O)O)O[C@H]3[C@@H]([C@H]([C@H]([C@H](O3)CO)O)O[C@@H](CC4CCCCC4)C(=O)O)NC(=O)C)C(=O)NCCNC(=O)CCOCCOCCOCCOCCOCCOCCOCCOCCOCCOCCOCCOC
DB14830,C1=CN(C(=N1)[N+](=O)[O-])CC(C[18F])O
DB14835,C1CC(C1)N2CCC(CC2)OC3=CC=C(C=C3)NC(=O)CN4CCOCC4
DB14839,CC(C)(C)C1=CC(=C(C(=C1)NS(=O)(=O)C)OC)NC(=O)NC2=CC=C(C3=CC=CC=C32)OC4=NC(=NC=C4)NC5=CC(=CC(=C5)C(=O)NCCOCCOCCOC)C#C
DB14841,C1[C@H]2[C@@]1(CNC2)C3=CC4=CC=CC=C4C=C3
DB14844,CC1=CC=CC=C1CN2C(=O)C3=C(CCN(C3)CC4=CC=CC=C4)N5C2=NCC5
DB14845,C1CC1C(=O)NC2=NN3C(=N2)C=CC=C3C4=CC=C(C=C4)CN5CCS(=O)(=O)CC5
DB14846,C1COCCN1C2=NC(=NC(=N2)C3=CN=C(C=C3C(F)(F)F)N)N4CCOCC4
DB14849,C1=CC=C(C=C1)CC(=O)C2=CC(=C(C(=C2)O)O)[N+](=O)[O-]
DB14850,CN1C2=C(C=CC(=C2)C(=O)NC3(CCC3)C4=NC5=C(N4C)C=C(C=C5)/C=C/C(=O)O)C(=C1C6=NC=C(C=N6)Br)C7CCCC7
DB14854,C1CN2CCC1[C@H]([C@@H]2CC3=CN=CC=C3)NC(=O)C4=CC(=CC(=C4)F)F
DB14855,C1=CC=C(C(=C1)CN)O
DB14856,C1=CC(=C(C=C1Cl)C2=C(NN=C2)N)OC3=CC(=C(C=C3Cl)S(=O)(=O)NC4=CSC=N4)F
DB14857,CC1=NC2=CC=CC(=C2C(=O)N1C3CCC(=O)NC3=O)N
DB14859,C[C@@H](C(=O)OCC1=CC=CC=C1)NP(=O)(OC[C@@H]2[C@H](C[C@@H](O2)N3C=C(C(=O)NC3=O)F)O)OC4=CC=CC5=CC=CC=C54
DB14860,C[C@@H]1CN(C[C@@H](N1)C)C(=O)C2=CC=C(C=C2)NC(=O)C3=NN=C(C(=C3)O[C@H](C)C4=C(C=CC(=C4Cl)F)Cl)N
DB14862,CCOC(=O)O[C@@H](C)N1C(=NN=N1)C2=C(C=NN2C)C3=C(C=C(C=C3)C(=O)N([C@@H]4CCCNC4)C5=C(C=CC=N5)Cl)F
DB14866,CCN(CC)CCNC(=O)C1=C(NC(=C1C)/C=C\2/C3=C(C=CC(=C3)C4=CSC(=N4)C5=CC=CC=C5)NC2=O)C
DB14867,CCOC1=C(C(=C(C=C1[C@H](C)N2C3=NC=NC(=C3C(=N2)C)N)Cl)F)[C@H]4CC(=O)NC4
DB14868,CCCCOC1=NC(=C2C(=N1)N(C(=O)N2)CCCN(CCCN3CCOCC3)CC4=CC=CC(=C4)CC(=O)OC)N
DB14869,COC(=O)C1=CC=C(C=C1)OC(=O)CCCCCCC(=O)NO
DB14870,CC1=CC(=NC=N1)C2=CC3=C(C=C2)[C@@H](CC3)N4CC5(C4)CCN(CC5)C(=O)CC6=CN7C=C(SC7=N6)C
DB14872,CCCCN1C[C@@H]([C@H]([C@H]([C@H]1CO)O)O)O
DB14875,CCCSC1=C(C=CC(=N1)N2CCC[C@H](C2)CC(=O)O)C(=O)NC3CCCCC3
DB14876,CCC1=C(C=CC(=C1)C(=O)N)N2C3=NC=CC(=C3C(=N2)C(C)C)N4C=C(N=C4)C5=CN(N=C5)C
DB14878,CN1C[C@H](C2=C(C1)C=C(C=C2)C3=NN=C(C=C3)N)C4=CC5=CC=CC=C5C=C4
DB14882,CN1CCN(CC1)CN2C(=O)C3=C(C2=O)C4=C(C5=C3CCC5)NC6=C4C(=CC=C6)OC
DB14883,CC(C)CC(=O)NC1=CN=CC(=C1)C2=CC3=C(C=C2)NN=C3C4=NC5=C(N4)C=NC=C5C6=CC(=CC=C6)F
DB14885,CC1=NC(=C2N1N=CN=C2N3CCC3)C4=C(N(N=C4)C)C5=NC=C(C=C5)C(F)(F)F
DB14886,C[C@H]([C@@H](C(=O)N[C@@H](C)C(=O)N[C@@H](C)C(=O)N[C@@H](CCCCN)C(=O)O)NC(=O)[C@H](CCCCN)NC(=O)[C@H](CO)NC(=O)[C@H](CC1=CC=CC=C1)NC(=O)[C@H](CCC(=O)N)NC(=O)[C@H](C)NC(=O)CNC(=O)C)O
DB14887,C1CC(CCC1CC(=O)O)C2=CC=C(C=C2)N3CCOC4=NC=NC(=C4C3=O)N
DB14888,CC1=CC(=CC(=C1)C(=O)C2=C(C(=O)NC(=O)N2CC3CC3)C(C)C)C
DB14889,COCCNCCC1=CC(=CC=C1)NC2=NC=C3C[C@H](C4=CC=CC=C4C3=N2)C5=CC=CC=C5F
DB14890,CC[C@@H]1C[C@@H](C2=C(N1C(=O)OCC)C=CC(=C2)C(F)(F)F)N(CC3=CC(=CC(=C3)C(F)(F)F)C(F)(F)F)C4=NC=C(C=N4)OCCCC(=O)O
DB14894,C1CC1(C2=CC3=C(C=C2)OC(O3)(F)F)C(=O)N[C@@H]4C[C@@H](OC5=C4C=CC(=C5)OC(F)F)C6=CC=C(C=C6)C(=O)O
DB14896,C[C@@H]1CCC2=C(C=C(C=N2)F)[C@H]3CCCN3C4=NC5=C(C=NN5C=C4)C(=O)N1
DB14898,COC(=O)C1=C2CN(CCN2C(=N1)C(F)(F)F)C(=O)C[C@@H](CC3=CC(=C(C=C3F)F)F)N
DB14899,CC1=C(C=CC(=C1)OC2=C(C=CC=N2)C(F)(F)F)C3=C(C(=O)NC(=O)N3C)C
DB14900,CC1=CC(=C(C=C1)OCC[18F])C(=O)NCCCCN2CCC3=CC(=C(C=C3C2)OC)OC
DB14902,[11CH3]OC1=CC=C(C=C1)C2=C(C(=NN2C3=C(C=C(C=C3)Cl)Cl)C(=O)NN4CCCCC4)C#N
DB14903,CCOC(=O)[C@H](C)N[P@@](=O)(CO[C@@H]1C=C([C@@H](O1)N2C=NC3=C(N=CN=C32)N)F)OC4=CC=CC=C4
DB14904,C1=CC(=C(C=C1I)F)NC2=C(C=CN=C2)C(=O)NC[C@@H](CO)O
DB14906,C[C@@H](C(=O)OC(C)C)N[P@](=O)(OC[C@@]1([C@H]([C@@]([C@@H](O1)N2C=CC(=O)NC2=O)(C)O)O)F)OC3=CC=CC=C3
DB14909,CCCCCCCCCCCCCCCC(=O)NCC(COP(=S)(O)OCC1C(CC(O1)N2C=C(C(=O)NC2=O)C)NP(=O)(OCC3C(CC(O3)N4C=NC5=C(N=CN=C54)N)NP(=S)(O)OCC6C(CC(O6)N7C=NC8=C7N=C(NC8=O)N)NP(=S)(O)OCC9C(CC(O9)N1C=NC2=C1N=C(NC2=O)N)NP(=S)(O)OCC1C(CC(O1)N1C=NC2=C1N=C(NC2=O)N)NP(=S)(O)OCC1C(CC(O1)N1C=C(C(=O)NC1=O)C)NP(=S)(O)OCC1C(CC(O1)N1C=C(C(=O)NC1=O)C)NP(=S)(O)OCC1C(CC(O1)N1C=NC2=C(N=CN=C21)N)NP(=S)(O)OCC1C(CC(O1)N1C=NC2=C1N=C(NC2=O)N)NP(=S)(O)OCC1C(CC(O1)N1C=NC2=C(N=CN=C21)N)NP(=S)(O)OCC1C(CC(O1)N1C=CC(=NC1=O)N)NP(=S)(O)OCC1C(CC(O1)N1C=NC2=C(N=CN=C21)N)NP(=S)(O)OCC1C(CC(O1)N1C=NC2=C(N=CN=C21)N)N)S)O
DB14911,C[C@H]([C@@H](C(=O)N1CCC[C@H]1C(=O)O)NC(=O)[C@H](CS(=O)(=O)O)NC(=O)CNC(=O)[C@H](CCCN=C(N)N)NC(=O)CN)O
DB14913,CC1=CN(C(=O)NC1=O)[C@H]2[C@H]([C@@H]([C@H](O2)CO)O)[18F]
DB14914,C1=CC2=C(C=C1C3=CN=C(C=C3)[18F])NC4=C2C=NC=C4
DB14916,CC1=CC(=C(C=C1N2C=C(N=C2)C3CC3)C(=O)NC4=CC=CC(=N4)C5=NN=CN5C(C)C)F
DB14917,C[C@@H]1COCCN1C2=NC(=NC(=C2)C3(CC3)[S@](=N)(=O)C)C4=CN=CC5=C4C=CN5
DB14918,CC1(CC(CC(N1)(C)C)OC2=NN=C(C=C2)C3=C(C=C(C=C3)C4=CNN=C4)O)C
DB14921,C[C@@H](C1=CC=CC=C1)NC2=CC(=O)N(C(=O)N2)C(C)C
DB14923,CCOC1=CC2=C(C=C1)N(C(=O)C23CCC(CC3)OCCN4CCOCC4)S(=O)(=O)C5=C(C=C(C=C5)C(=O)NC(C)(C)C)OC
DB14924,C[C@H]1CC[C@H](CN1C(=O)C=C)NC2=NC=NC3=C2C=CN3
DB14925,CCCCCCCCCCCCCCCCOCCCOP(=O)(CO[C@H](C)CN1C=NC2=C(N=CN=C21)N)O
DB14929,CCC(=O)NS(=O)(=O)C1=CC(=C(C=C1)NC(=O)CC2=C(C(=C(C=C2)Br)OC3=CC(=CC(=C3)C#N)Cl)F)Cl
DB14930,CC1=CN(C(=O)NC1=O)[C@H]2C[C@@H]([C@H](O2)CO)[18F]
DB14931,CC1=CN(C(=O)NC1=O)C2C3C(C(O2)(CO3)COP(=S)(O)OC4C5C(OC4(CO5)COP(=S)(O)OC6CC(OC6COP(=S)(O)OC7CC(OC7COP(=S)(O)OC8C9C(OC8(CO9)COP(=S)(O)OC1CC(OC1COP(=S)(O)OC1C2C(OC1(CO2)CO)N1C=C(C(=NC1=O)N)C)N1C=NC2=C(N=CN=C21)N)N1C=C(C(=NC1=O)N)C)N1C=NC2=C1N=C(NC2=O)N)N1C=NC2=C(N=CN=C21)N)N1C=C(C(=O)NC1=O)C)OP(=S)(O)OCC1C(CC(O1)N1C=NC2=C(N=CN=C21)N)OP(=S)(O)OCC12COC(C1OP(=S)(O)OCC1C(CC(O1)N1C=CC(=NC1=O)N)OP(=S)(O)OCC13COC(C1OP(=S)(O)OCC14COC(C1OP(=S)(O)OCC15COC(C1OP(=S)(O)OCC16COC(C1O)C(O6)N1C=NC6=C(N=CN=C61)N)C(O5)N1C=C(C(=O)NC1=O)C)C(O4)N1C=C(C(=O)NC1=O)C)C(O3)N1C=NC3=C(N=CN=C31)N)C(O2)N1C=NC2=C1N=C(NC2=O)N
DB14932,C[C@H](CCCC(C)C)[C@H]1CC[C@@H]2[C@@]1(CC[C@H]3[C@H]2CC[C@@H]4[C@@]3(CC[C@H](C4)NC(=O)[C@]5(C[C@@H]([C@H]([C@@H](O5)[C@@H]([C@@H](CO)O)O)NC(=O)C)O)OC)C)C
DB14933,C1=CC(=C[N+](=C1)[C@H]2[C@@H]([C@@H]([C@H](O2)CO)O)O)C(=O)N
DB14934,CC1=C([C@@H](OC2=C1C=C(C=C2)O)C3=CC=C(C=C3)OCCN4CC(C4)CF)C5=CC(=CC=C5)O
DB14935,C1COCCN1C(=O)C2=CN=C3N2C=C(C=C3)C4=CC5=C(C=C4)OC(=N5)N
DB14936,CC1=C(C(=O)C2=CC=CC=C2C1=O)C/C=C(\C)/CC/C=C(\C)/CC/C=C(\C)/CC/C=C(\C)/CC/C=C(\C)/CCC=C(C)C
DB14937,CC1=CC(=CC(=C1C2=CC=CC(=C2)COC3=NC=C4[C@H]5[C@H]([C@@H]5C(=O)O)CC4=C3)C)OCCCS(=O)(=O)C
DB14938,CC(C1=CC(=C(C=C1)C2=CC=CC=C2)F)C(=O)OC(C)OC(=O)C
DB14939,C1C[C@H]2C(=O)N[C@H](C(=O)N[C@H](C(=O)N[C@H](C(=O)N[C@@H](CSSC[C@@H](C(=O)N[C@H](C(=O)N[C@H](C(=O)N[C@H](C(=O)N[C@H](C(=O)N2C1)CCCCN)CCCCN)CCCNC(=O)N)CC3=CC=C(C=C3)O)NC(=O)[C@H](CC4=CC5=CC=CC=C5C=C4)NC(=O)[C@H](CCCNC(=N)N)NC(=O)[C@H](CCCNC(=N)N)NC(=O)C6=CC=C(C=C6)F)C(=O)N[C@@H](CCCNC(=N)N)C(=O)N)CCCNC(=O)N)CCCNC(=N)N)CC7=CC=C(C=C7)O
DB14940,C[C@H]1C(=O)N[C@H](C(=O)N1)CC(=O)O
DB14941,CC(C)[C@H](C(=O)N1CC[C@@](C(C1)(C)C)(C2=CC=C(C=C2)Cl)O)NC(=O)NCC(C)(C)O
DB14942,CN(C)C(=O)C1=CC=C(C=C1)C2=NC(=CS2)COC3=CC(=CC4=C3C=C(O4)C5=CN6C(=N5)SC(=N6)OC)OC
DB14943,C[C@H]1C[C@H](C[C@H](C1)N)C2=C(C=NC=C2)NC(=O)C3=NC(=C(C=C3)F)C4=C(C=CC=C4F)F
DB14944,CN1C=NC(=C1C[N+](C)(C)C/C=C/C(=O)NC2=NC=C3C(=C2)C(=NC=N3)NC4=CC(=C(C=C4)Cl)Br)[N+](=O)[O-]
DB14945,CC(C)C[C@@H]1CN2CCC3=CC(=C(C=C3[C@H]2C[C@H]1O)OC)OCCC[18F]
DB14946,CC1=CC(=CC(=C1CCS(=O)(=O)N2CCC3(CC2)C(=O)NC(=N3)C4=CC=C(C=C4)OC(F)(F)F)C)N5C(=O)NC(=O)C5(C)C
DB14948,CC1=NOC(=C1NC(=O)O[C@H](C)C2=CC=CC=C2)C3=CC=C(C=C3)C4=CC=C(C=C4)C5(CC5)C(=O)O
DB14949,CC1=C(N=C(C(=N1)C)C(=O)N)C2=CC=C(C=C2)C3CCC(CC3)CC(=O)O
DB14950,CC1=C(C=C(C=C1)C(=O)NC2(CC2)C3=NC=CC=N3)C4=C(C5=C(C=C4)OC(=C5C(=O)NC)C6=CC=C(C=C6)F)F
DB14955,CC(C)[C@@]1(CC[C@H](C1)N[C@H]2CCOC[C@H]2OC)C(=O)N3C[C@@H]4C[C@H]3CN4C5=NC=NC(=C5)C(F)(F)F
DB14957,CCC[C@H](C1=CC=C(C=C1)C(=O)NCCC(=O)O)[C@H](C2=CC=C(C=C2)Cl)C3=CNC4=C3C=C(C=C4F)C
DB14961,CC1=CC(=NC(=N1)N2C[C@@H]3CN(C[C@@H]3C2)C(=O)C4=C(C=CC=C4F)N5N=CC=N5)C
DB14965,C1=CC(=CC=C1C(=O)NCCCCCC(=O)N[C@@H](CCC(=O)N[C@@H](CCCOP(=O)(N[C@@H](CCC(=O)O)C(=O)O)O)C(=O)O)C(=O)O)F
DB14966,CC(C)(C1=CSC(=N1)C2=CC=C(C=C2)F)NC(=O)O[C@@H]3CN4CCC3CC4
DB14969,C1=CC(=CC=C1N(C2=CC=C(C=C2)F)C(=O)C3=CC(=C(C=C3)O)F)O
DB14970,CC1=C(C(=NO1)C)C2=CC(=C3C(=C2)NC(=N3)C4CC4)C(C5=CC=CC=N5)(C6=CC=CC=N6)O
DB14971,CCOC(=O)C1=C2CN(C(=O)C3=C(N2C=N1)C=CC=C3I)C
DB14972,COP(=O)(N)SC
DB14973,CCCS(=O)(=O)NC1CC(C1)N(C)C2=NC=NC3=C2C=CN3
DB14974,C1CC2CCC1[C@@H]([C@H]2NC3=NC(=NC=C3F)C4=CNC5=C4C=C(C=N5)F)C(=O)O
DB14976,CN1C=C(C=N1)S(=O)(=O)N2CCC3=CC4=C(C[C@@]3(C2)C(=O)C5=NC=CC(=C5)C(F)(F)F)C=NN4C6=CC=C(C=C6)F
DB14977,COCC1=NN2C(=C(N=C2S1)C(F)(F)F)CN3C[C@H](CC3=O)CC(F)(F)Cl
DB14978,C1=CC(=CC=C1NC(=O)NCCCC[C@@H](C(=O)O)NC(=O)N[C@@H](CCC(=O)O)C(=O)O)[131I]
DB14979,CN(CC1=CC=C(C=C1)/C=C/C(=O)NO)CC23CC4CC(C2)CC(C4)C3
DB14980,CC1=CN2C(=O)C=C(N=C2C(=C1)[C@@H](C)NC3=CC=CC=C3C(=O)O)N4CCOCC4
DB14981,C1(C(C(C(C(C1OP(=O)(O)O)OP(=O)(O)O)OP(=O)(O)O)OP(=O)(O)O)OP(=O)(O)O)OP(=O)(O)O
DB14982,C1CC(C1)(C2=CC=C(C=C2)N3C4=C(C=CC(=N4)C5=CC=CC=C5)N=C3C6=C(N=CC=C6)N)N
DB14983,CC1=CC=C(O1)S(=O)(=O)NO
DB14985,C1=CC=C(C=C1)CCC2=CC(=O)C(=C3N2NC=N3)C(=O)NCC(=O)O
DB14986,C[C@H](C1CCC(CC1)C2=C3C=C(C=CC3=NC=C2)F)C(=O)NC4=CC=C(C=C4)Cl
DB14987,CCOC1=CC=CC=C1C(=O)NCC2=COC(=N2)C3=CC(=C(C=C3)OC(F)F)OC(C)C
DB14989,C[C@@H](C1=C(C(=O)C2=C(O1)C=CC(=C2)F)C3=CC(=CC=C3)F)N4C5=NC=NC(=C5C(=N4)C6=CC(=C(C=C6)OC(C)C)F)N
DB14993,CCOC1=C(C=C2C(=C1)N=CC(=C2NC3=CC(=C(C=C3)OCC4=CC=CC=N4)Cl)C#N)NC(=O)/C=C/[C@H]5CCCN5C
DB14995,CC1=C(C=CO1)C(=O)NC2=NN(C3=CC=CC=C32)CC4=CC=C(C=C4)C(F)(F)F
DB14998,CC(C)(C)[C@@H](CO)NC(=O)C1=NN(C2=C1C[C@H]3[C@@H]2C3)C4=NC=C[N+](=C4)[O-]
DB15003,CN1C=C(C=N1)NC2=NC=CC(=N2)N3C[C@H]4CC[C@@H](C3)N4C(=O)[C@@H]5CC5(F)F
DB15006,C1=CC(=C(C(=C1)F)C(=O)NC(=O)NC2=C(C=C(C=C2)OC3=C(C=C(C=C3)C(F)(F)F)Cl)F)F
DB15008,CC(=N[C@H](CCCNC(=N)N)C(=N[C@H](CCCNC(=N)N)C(=N[C@H](CCCNC(=N)N)C(=N[C@H](CCCNC(=N)N)C(=N[C@H](CCCNC(=N)N)C(=N[C@H](CCCNC(=N)N)C(=N[C@H](CCCNC(=N)N)C(=N[C@H](CCCNC(=N)N)C(=N[C@H](CCCNC(=N)N)C(=N[C@@H]1CSSC[C@@H](N=C([C@H](N=C1O)CCC(=N)O)O)C(=N[C@H](CCCNC(=N)N)C(=N[C@H](CCCNC(=N)N)C(=N[C@H](CCCCN)C(=N[C@H](CC(=N)O)C(=O)O)O)O)O)O)O)O)O)O)O)O)O)O)O)O
DB15009,CC1=CC2=C(O1)C=C(C=C2OC3=CN=C(N=C3)C(=O)N(C)C)C(=O)NC4=NC=C(N=C4)C
DB15010,CC/C=C\C/C=C\C/C=C\C/C=C\C/C=C\C/C=C\CCC(=O)NCCNC(=O)C1=CC=CC=C1O
DB15011,CC1=C(C(=CC=C1)F)C(=O)N2CCC[C@@H]([C@@H]2C3=CC=C(C=C3)NC4CCCC4)C(=O)NC5=CC(=C(C=C5)C)C(F)(F)F
DB15012,C1CCN(CC1)C(=O)C2=CC3=NON=C3C=C2
DB15013,C1[C@@H]([C@H]([C@H]([C@@H]1NC2=CC=NC3=CC(=NN23)C4=CC(=CC=C4)SC(F)(F)F)O)O)COS(=O)(=O)N
DB15016,[103Pd]
DB15021,CC(C1=CN=C(C=C1)CCOC2=CC=C(C=C2)CC3C(=O)NC(=O)S3)O
DB15023,CCN(C)C(=O)C1=C(C=C(C=C1)C2=NC3=C(C=C2)[C@H](C4=CC=CC=C4O3)C(C)(C)C(=O)NC5=NN=CS5)F
DB15024,CC1(C(=O)N(C2=C(O1)C=C(C=C2)NS(=O)(=O)C)C3=CC=C(C=C3)F)C
DB15026,CCCCCCCC/C(=C\CCCCCCCC(=O)O)/[N+](=O)[O-]
DB15027,CN[C@@H]1CCN(C1)C2=NC(=NC(=C2)NCC3CC3)N
DB15028,COC1=C(N=C(C=C1)CNC(=O)C2=C(N=CC(=C2)C3=CC(=CN=C3)Cl)C4=CC=CC=N4)OC
DB15029,C[C@H](C1=CC(=CC2=C1OC(=CC2=O)N3CCOCC3)C(=O)N(C)C)NC4=CC(=CC(=C4)F)F
DB15031,CC1=C(C=CC2=C1N=C(N2)[C@@]3(CCCN3C(=O)C4=C(C=CC(=C4)OC)N5N=CC=N5)C)Cl
DB15033,C1=CC2=C(C=C1C3=CN=C(C=C3)F)NC4=C2C=NC=C4
DB15034,C[C@H]1[C@H]2N([C@H](C(=O)N1CC3=CC=CC4=C3N=CC=C4)CC5=CC=C(C=C5)OP(=O)(O)O)C(=O)CN(N2C(=O)NCC6=CC=CC=C6)C
DB15036,COCCNCC1=CN=C(C=C1)C2=CC3=NC=CC(=C3S2)OC4=C(C=C(C=C4)NC(=O)C5(CC5)C(=O)NC6=CC=C(C=C6)F)F
DB15038,C1CNCCC1OCC2=CC3=CC=CC=C3C=C2
DB15039,CN1C(=O)C2=C(N(N=C2N3C1=N[C@H]4[C@@H]3CCC4)CC5=CC=C(C=C5)C6=NC(=CC=C6)F)NC7=CC=CC=C7
DB15040,CN1CCC[C@H]1C(=O)NC2=CC(=C3C[C@H]4C[C@H]5[C@@H](C(=O)C(=C([C@]5(C(=O)C4=C(C3=C2O)O)O)O)C(=O)N)N(C)C)F
DB15041,C(C[C@@H](C[C@@H](C(=O)O)N)C(=O)O)C[18F]
DB15046,CC#C[C@@H](CC(=O)O)C1=CC=C(C=C1)OCC2=CC=C(C=C2)CN3CCC4(CC3)C=CC5=CC=CC=C45
DB15047,C1=CC=C(C=C1)C2=C3C(=CC=C2)N=C(N=C3NCC4=CC=CC=N4)C5=CC(=CN=C5)S(=O)(=O)N
DB15048,CCC1=C(C=C(C=C1)[C@H]2[C@@H]([C@H]([C@@H]([C@H](O2)CO)O)O)O)CC3=CC4=C(C=C3)OCCO4
DB15050,C1=C(N=C2C(=O)NC(=NC2=N1)N)[C@@H]([C@@H](CO)O)O
DB15051,C1=CC=C2C(=C1)C(=O)N([Se]2)CCN3C(=O)C4=CC=CC=C4[Se]3
DB15052,CC1=CC=C(C=C1)C(=O)OC2=CC=C(C=C2)C(CN(C)C)C3(CCCCC3)O
DB15054,CC1(CC(C1)(C2=CC=C(C=C2)C3=C(N4COC5=C(C4=N3)C=NC=C5)C6=CC=CC=C6)N)O
DB15055,C1C[C@@H]2CN(CCN2C1)C(=O)C3=CC(=C(C=C3Cl)F)S(=O)(=O)NC4=CC=CC=C4F
DB15056,CC1=C(C=CC=C1C2=CC=CC=C2)COC(=O)[C@@H]3[C@@H](C3(C)C)/C=C(/C(F)(F)F)\Cl
DB15057,C[C@@H](C(=O)OCC1=CC=CC=C1)NP(=O)(OC[C@@H]2[C@H](C([C@@H](O2)N3C=CC(=NC3=O)N)(F)F)O)OC4=CC=CC=C4
DB15058,CNC1=C(C=C(C=C1)C2=NC3=C(S2)C=C(C=C3)O)F
DB15059,C1=CC(=CC=C1C2=C(N=CN=C2OCCOC3=NC=C(C=N3)Br)NS(=O)(=O)N)Br
DB15062,CO[C@@H]1[C@@H]([C@H](O[C@H]1N2C=CC(=O)NC2=O)CO)OP(=S)(O)OC[C@@H]3[C@H](C[C@@H](O3)N4C=NC5=C(N=CN=C54)N)O
DB15063,CC(C)OC(=O)OCSP(=O)(OC[C@@H]1[C@H](C[C@@H](O1)N2C=NC3=C(N=CN=C32)N)O)O[C@@H]4[C@H](O[C@H]([C@@H]4OC)N5C=CC(=O)NC5=O)CO
DB15065,CCC[C@@H](C1=CC=C(C=C1)C(=O)NCCC(=O)O)OC2=CC(=C(C(=C2)C)N3C=C(C=N3)C(F)(F)F)C
DB15068,CC(C)(C1=CC(=NO1)NC(=O)NC2=CC(=CC=C2)OC3=NC=NC4=CC(=C(C=C43)OC)OC)C(F)(F)F
DB15071,CC(C)OC(=O)CNC1=CC=CC(=N1)CN(CC2=CC=C(C=C2)N3C=CC=N3)S(=O)(=O)C4=CN=CC=C4
DB15073,C([C@H]([C@H]([C@H](C=O)O)O)O)O
DB15075,C[C@H](CCCC(C)C)[C@H]1CC[C@@H]2[C@@]1(CC[C@H]3[C@H]2CC=C4[C@@]3(CC[C@@H](C4)OC(=O)OC5=C(C(=NC(=C5Cl)OC)C(Cl)(Cl)Cl)Cl)C)C
DB15078,CC1=CC2=C(C(=C1)OC)SC(=C2)C3=C4C(=NC=NN4C(=C3COC)CN5CCNC(=O)C5)N
DB15079,CN(CC(=O)NC1=NC2=C(S1)C=C(C=C2)OC(F)(F)F)C(=O)CNC(=O)CN
DB15080,C[C@H]([C@@H]1[C@H]([C@H]([C@@H](O1)O[C@@H]2[C@H]([C@@H](C[C@@H]([C@H]2O[C@@H]3[C@@H]([C@H]([C@@H]([C@H](O3)[C@@H](C)O)O)O)N)N)N)O)O)O)N
DB15084,CC(C)COC(=O)[C@H](CC1=CC=CC=C1)NP(=O)(COCCN2C=NC3=C(N=C(N=C32)N)NC4CC4)N[C@@H](CC5=CC=CC=C5)C(=O)OCC(C)C
DB15085,CN1C2=C(C=C(C=C2)N3C=C(C(=O)N(C3=O)[C@@H]4CCC5=C4C=CC=C5C(F)(F)F)C(=O)O)OC1=O
DB15086,CCCCCCCCOC(=O)C(=C)C#N
DB15087,C([C@H]([C@H]([C@H](C(=O)CO)O)O)O)O
DB15092,CC(C)(CN1CCN(CC1)C2=NC3=CC=CC=C3OC4=CC=CC=C42)C(=O)O
DB15096,COCC[C@H]1C[C@@H]2C[C@@]3([C@H]1N(C2)CCC4=C3NC5=CC=CC=C45)C(=O)OC
DB15097,CC(C)C1=CC(=C(C=C1OC2=CN=C(N=C2N)N)S(=O)(=O)N)OC
DB15098,CC1=NC=C(N1CC(CN2CCOCC2)O)[N+](=O)[O-]
DB15099,C\1CN(C(=O)/C1=C/2\C[C@@H](NC3=C2C=CC(=C3)Cl)C(=O)O)C4=CC=CC=C4
DB15105,C[C@H]1C[C@H]2CSC(=N[C@]2(CO1)C3=NC(=CS3)NC(=O)C4=NC=C(C=C4)OC(F)F)N
DB15106,CC1=CC2=C(N1)C=CC(=C2)OC3=NC(=NC=C3)NC4=CC=CC(=C4)CS(=O)(=O)NCCN(C)C
DB15108,CCC[C@]1(CC(=C(C(=O)O1)[14C@H](CC)C2=CC(=CC=C2)NS(=O)(=O)C3=NC=C(C=C3)C(F)(F)F)O)CCC4=CC=CC=C4
DB15109,CCC1=C(C(=NO1)CC)C(=O)O[C@H]2C(=C[C@@]34[C@@]2([C@@H](C(=C[C@H](C3=O)[C@H]5[C@H](C5(C)C)C[C@H]4C)CO)O)O)C
DB15110,CN1CCN(CC1)C2=CC(=C(C=C2)OC(F)(F)F)NC3=NC=C4CCC5=C(C4=N3)N(N=C5C(=O)N)CCO
DB15111,C[11C](=O)O
DB15114,C[C@@H]1C[C@H]2[C@@H]3CCC4=CC(=O)C=C[C@@]4(C3=CC[C@@]2([C@]1(C(=O)CO)O)C)C
DB15117,CC1([C@@H]([C@H]1C(=O)OCC2=C(C(=CC(=C2F)F)F)F)C=C(Cl)Cl)C
DB15120,C1CC(C1)N2CCC3=C(CC2)C=C(C=C3)OC4=NC=C(C=C4)N5CCCC5=O
DB15121,C1=CC2=C(C=C1C(F)(F)F)N=C(S2)CN3C(=O)C4=NC=CN=C4C(=N3)CC(=O)O
DB15122,[2H]C([2H])([2H])[C@@H](C([2H])([2H])CCCN1C(=O)C2=C(N=CN2C)N(C1=O)C)O
DB15123,CC(C)C[C@@H](C(=O)NC1=NN(C=C1)C[C@H](CO)O)N2CC(=CC2=O)OC3=CC=CC=C3Cl
DB15124,CC1=NN(C2=C1C=C(C=C2)C(=O)NS(=O)(=O)C)C3=CC(=C(N=C3)OCC(C)C)Cl
DB15126,CN1CCN(CC1)C(=O)[C@H](CCCN[C@@H]2C[C@H]2C3=CC=C(C=C3)F)NC(=O)C4=CC=C(C=C4)N5C=CN=N5
DB15130,CCCN[C@@H]1CCC2=C(C1)SC(=N2)N
DB15132,CCC(=O)O[C@H](C1=CC=C(C=C1)F)C(=O)N2[C@@H](CC=N2)C(=O)NCC3=C(C=CC(=C3)Cl)N4C=NN=N4
DB15133,CN1CCC(CC1)COC2=CN=C(N=C2)C3=CC=CC(=C3)CN4C(=O)C=CC(=N4)C5=CC=CC(=C5)C#N
DB15134,C1=CN(C(=N1)[N+](=O)[O-])[C@@H]2[C@H]([C@@H]([C@H](O2)C[18F])O)O
DB15136,C[C@@]12CCC[C@@]([C@H]1CC[C@]34[C@H]2CC[C@](C3)(C(=C)C4)O[C@H]5[C@@H]([C@H]([C@@H]([C@H](O5)CO)O)O[C@H]6[C@@H]([C@H]([C@@H]([C@H](O6)CO)O)O)O)O[C@H]7[C@@H]([C@H]([C@@H]([C@H](O7)CO)O)O)O)(C)C(=O)O[C@H]8[C@@H]([C@H]([C@@H]([C@H](O8)CO)O)O)O
DB15137,CC1=CC(=CC(=C1CC2=CC(=C(C=C2)O)C(C)C)C)OC[P@@]3(=O)OCC[C@H](O3)C4=CC(=CC=C4)Cl
DB15138,C[C@@H]1CC2=C([C@H](N1CC(C)(C)F)C3=C(C=C(C=C3F)/C=C/C(=O)O)F)NC4=CC=CC=C24
DB15141,[2H]C([2H])([2H])C(C1=C(C=C(C(=C1)C(C)(C)C)NC(=O)C2=CNC3=CC=CC=C3C2=O)O)(C([2H])([2H])[2H])C([2H])([2H])[2H]
DB15143,CC[C@H]1[C@H](NC(=O)[C@H]1F)COC2=NC=CC3=CC(=C(C=C32)OC)C(=O)N
DB15144,COC(=O)[C@@H]1[C@H]2CC[C@H](N2C/C=C/[123I])C[C@@H]1C3=CC=C(C=C3)F
DB15145,CC1=CC2=C(C=C1)N=C(N=C2NCC3(COC3)N)N4CCS(=O)(=O)C5=CC=CC=C5C4
DB15146,CC(COC[C@@H]1[C@@H]2C[C@H]([C@H](O1)O[C@@H]3[C@H](O[C@@H]([C@@H]([C@H]3O)OCC(C)O)O[C@@H]4[C@H](O[C@@H]([C@@H]([C@H]4O)O)O[C@@H]5[C@H](O[C@@H]([C@@H]([C@H]5O)O)O[C@@H]6[C@H](O[C@@H]([C@@H]([C@H]6O)O)O[C@@H]7[C@H](O[C@@H]([C@@H]([C@H]7O)O)O[C@@H]8[C@H](O[C@H](O2)[C@@H]([C@H]8O)O)COCC(C)O)CO)COCC(C)O)CO)CO)CO)O)O
DB15147,CN1C2=C(C=C(C=C2)N(CCCl)CCCl)N=C1CCCCCCC(=O)NO
DB15149,COC1=CC(=CC(=C1)C#CC2=NN(C3=NC=NC(=C23)N)[C@H]4CCN(C4)C(=O)C=C)OC
DB15151,CC1=C(SC2=C1C(=N[C@H](C3=NN=C(N32)C)CC(=O)NCCCN4CCN(CC4)C)C5=CC=C(C=C5)Cl)C
DB15152,C[C@H]1[C@@H]([C@](O[C@H]1N2C=CC(=NC2=O)N)(COC(=O)C(C)C)N=[N+]=[N-])OC(=O)C(C)C
DB15156,CC(C)(C)C1=CC(=CC(=C1OC)/C=C/C2=CC=C(C=C2)NS(=O)(=O)C)N3C=CC(=O)NC3=O
DB15157,CN1CC[C@H]([C@@H]1CO)C2=C(C=C(C3=C2OC(=CC3=O)C4=C(C=C(C=C4)C(F)(F)F)Cl)O)O
DB15161,[11CH3]NC1=CC=C(C=C1)C2=NC3=C(S2)C=C(C=C3)O
DB15163,CCCCOC(=O)N1CCN(CC1)C(=O)[C@H](CP(=O)(O)O)NC(=O)C2=CC(=NC(=N2)C3=CC=CC=C3)N4CC[C@@H](C4)OC
DB15166,CC[C@H](C)[C@@H](C(=O)N[C@@H](CC(=O)N)C(=O)N[C@@H](CC(=O)N)C(=O)N[C@@H](CC1=CC=C(C=C1)O)C(=O)N[C@@H]([C@@H](C)O)C(=O)N[C@@H](CCCCNC(=O)COCCOCCNC(=O)CCN2C(=O)C=CC2=O)C(=O)N[C@@H](CC(C)C)C(=O)N[C@@H]([C@@H](C)CC)C(=O)N[C@@H](CC3=CNC=N3)C(=O)N[C@@H](CCC(=O)O)C(=O)N[C@@H](CC(C)C)C(=O)N[C@@H]([C@@H](C)CC)C(=O)N[C@@H](CCC(=O)O)C(=O)N[C@@H](CCC(=O)O)C(=O)N[C@@H](CO)C(=O)N[C@@H](CCC(=O)N)C(=O)N[C@@H](CC(=O)N)C(=O)N[C@@H](CCC(=O)N)C(=O)N[C@@H](CCC(=O)N)C(=O)N[C@@H](CCC(=O)O)C(=O)N[C@@H](CCCCN)C(=O)N[C@@H](CC(=O)N)C(=O)N[C@@H](CCC(=O)O)C(=O)N[C@@H](CCC(=O)N)C(=O)N[C@@H](CCC(=O)O)C(=O)N[C@@H](CC(C)C)C(=O)N[C@@H](CC(C)C)C(=O)N)NC(=O)[C@H](CCC(=O)O)NC(=O)[C@H](CCCNC(=N)N)NC(=O)[C@H](CC(=O)O)NC(=O)[C@H](CC4=CNC5=CC=CC=C54)NC(=O)[C@H](CCC(=O)O)NC(=O)[C@H](CCC(=O)O)NC(=O)[C@H](CC6=CNC7=CC=CC=C76)NC(=O)C
DB15167,COC1=CC(=CC(=C1OC)C(=O)NC[C@@H]2CCCN2CC=C)CCCF
DB15168,C1CC1C2=C(C(=NO2)C3=C(C=CC=C3Cl)Cl)COC4=CC(=C(C=C4)C5(CN(C5)C6=NC=CC(=C6)C(=O)O)O)Cl
DB15169,CCN1CCN(CC1)C2=CC(=C(C=C2)NC3=CC(=NC=N3)N(C)C(=O)NC4=C(C(=CC(=C4Cl)OC)OC)Cl)NC(=O)C=C
DB15170,C=CC(=O)N1CCC(CC1)CNC2=NC=NC(=C2C3=CC=C(C=C3)OC4=CC=CC=C4)N
DB15173,C1CN(CCN1CC2=CC3=C(C=C2)OC(O3)(F)F)C(=O)NC4=C(C=CN=C4)Cl
DB15177,C[C@H]1CC(N(C1)C2=C(C=CC(=N2)N3C=CC(=N3)OCCC4(CC4)C(F)(F)F)C(=O)NS(=O)(=O)C5=CC=CC=C5)(C)C
DB15183,C1=CC=NC(=C1)OCC2=CC=C(C=C2)CC3=NOC(=C3)C4=C([N+](=CC=C4)COP(=O)(O)[O-])N
DB15186,CC1(C2=NC3=C(N2CCO1)N=C(N=C3N4CCOCC4)C5=CN=C(N=C5)N)C
DB15187,CN1CCN(CC1)CC2=CC=C(C=C2)NC3=NC=C(C(=N3)NC4=CC=CC=C4S(=O)(=O)N(C)C)Cl
DB15188,CC(C)[C@H]1C(=O)N[C@H](C(=O)N[C@H](C(=O)N2CCC[C@H]2C(=O)N[C@H](C(=O)N[C@H](C(=O)N[C@H](C(=O)N[C@H](C(=O)N1)CCCN=C(N)N)CCC(=O)N)CC3=CN=CN3)CCC(=O)O)CO)CCC(=O)N
DB15189,CC1=C(SC2=C1C(=N[C@H](C3=NN=C(N32)C)CC(=O)NC4=CC=C(C=C4)O)C5=CC=C(C=C5)Cl)C
DB15190,CC(C)N1C[C@@H]2C[C@H]1CN2C3=CC=C(C=C3)NC4=NC=C(N5C4=NC=N5)C6=COC(=C6)C(=O)N
DB15191,CC1=C(C2=NC(=NC=C2S1)NC3=CN(N=C3)C4CCNCC4)C5=C(C=C(C=C5)F)OC
DB15192,CN1C[C@H]2CCN([C@H]2C1)C3=CC=C(C=C3)C4=CC=C(C=C4)N5C(=O)C=CC=N5
DB15193,CC(=C)[C@@H]1CC[C@]2([C@H]1[C@H]3CC[C@H]4[C@]([C@@]3(CC2)C)(CC[C@@H]5[C@@]4(CC=C(C5(C)C)C6=CC=C(C=C6)C(=O)O)C)C)NCCN7CCS(=O)(=O)CC7
DB15194,CCCCCCCCCCCCCCCC(=O)N[C@@H](CCC(=O)NCCCC[C@@H](C(=O)N[C@@H](CO)C(=O)N[C@@H](CCC(=O)O)C(=O)N[C@@H](CC1=CC=C(C=C1)O)C(=O)N[C@@H](CC(C)C)C(=O)N[C@@H](CC(=O)O)C(=O)N[C@@H](CO)C(=O)N[C@@H](CCC(=O)O)C(=O)N[C@@H](CCCNC(=N)N)C(=O)N[C@@H](C)C(=O)N[C@@H](CCCNC(=N)N)C(=O)N[C@@H](CC(=O)O)C(=O)N[C@@H](CC2=CC=CC=C2)C(=O)N[C@@H](C(C)C)C(=O)N[C@@H](C)C(=O)N[C@@H](CC3=CNC4=CC=CC=C43)C(=O)N[C@@H](CC(C)C)C(=O)N[C@@H](CCC(=O)O)C(=O)N[C@@H](C)C(=O)NCC(=O)NCC(=O)O)NC(=O)[C@H](CC(=O)O)NC(=O)[C@H](CO)NC(=O)[C@H]([C@@H](C)O)NC(=O)[C@H](CC5=CC=CC=C5)NC(=O)[C@H]([C@@H](C)O)NC(=O)CNC(=O)[C@H](CCC(=O)N)NC(=O)[C@H](CO)NC(=O)[C@H](CC6=CNC=N6)N)C(=O)O
DB15195,C[C@H]1C(=O)N[C@H](C(=O)NC(C(=O)N[C@H]2CSSC[C@@H](C(=O)NC(C(=O)N[C@H](C(=O)N[C@H](C(=O)N[C@H](C(=O)N[C@H](C(=O)N[C@H](C(=O)N[C@H](C(=O)N[C@H](C(=O)N1)CCC(=O)O)CC(=O)O)C)CCC(=O)N)C(C)C)CC3=CC=CC=C3)CC(=O)O)CO)NC(=O)C(NC(=O)[C@@H]4CCCN4C(=O)[C@@H](NC(=O)[C@@H](NC(=O)[C@@H](NC2=O)CC5=CC=C(C=C5)O)CC(=O)N)CC(=O)O)CCCCN)CCCNC(=N)N)CCCNC(=N)N
DB15197,C1=CC=C(C=C1)C2=N[C@@H](C(=O)NC3=CC=CC=C32)NC(=O)NC4=CC=CC=C4F
DB15198,CCC(=O)C(C[C@H](C)N(C)C)(C1=CC=CC=C1)C2=CC=CC=C2
DB15199,C1CN(CCN1CCCNC(=O)[C@H](CCCN=C(N)N)N)CCCNC(=O)[C@H](CCCN=C(N)N)N
DB15201,C/C(=C\C=C\C=C(\C=C\C=C(\C=C\C(=O)O)/C)/C)/C=C/C=C(/C=C/C(=O)O)\C
DB15202,C(C(=O)O)[18F]
DB15203,C1[C@@H](OC2=C(O1)C=C(C=C2)Cl)CNS(=O)(=O)N
DB15204,C[C@@H](C1=NC(=CS1)C2=CC=C(C=C2)C#N)[C@](CN3C=NC=N3)(C4=C(C=C(C=C4)F)F)OCOP(=O)(O)O
DB15205,CC(C)(C(=O)N[C@H](COCC1=CC=CC=C1)C(=O)N2CCC3=NN(C(=O)[C@@]3(C2)CC4=CC=CC=C4)C)N
DB15206,C[C@H](C(=O)OC(C)C)N[P@@](=O)(OC[C@@H]1[C@H]([C@@]([C@@H](O1)N2C=CC(=O)NC2=O)(C)Cl)O)OC3=CC=CC=C3
DB15207,CC1=C(N(C=C1C(=O)NC2=CC=C(C=C2)S(=O)(=O)C)CCO)C3=CC=CC=C3C(F)(F)F
DB15208,CNC(=O)[C@@H](CC1=CC=CC=C1F)CN2CCC3(CC2)C4=C(CCO3)C=C(S4)F
DB15209,CCS(=O)(=O)CCCC12CCC(CC1)(CC2)C3=NN=C(N3C)C4=CC=CC=C4C(F)(F)F
DB15212,CC[C@H](C(=O)O)OC1=CC=CC(=C1)CN(CCCOC2=CC=C(C=C2)OC)C3=NC4=CC=CC=C4O3
DB15213,C[C@H]1/C=C\C=C(/C(=O)NC2=C(C(=C3C(=C2O)C(=C(C4=C3C(=O)[C@](O4)(OC=C[C@@H]([C@H]([C@H]([C@@H]([C@@H]([C@@H]([C@H]1O)C)O)C)O)C)OC)C)C)O)O)/C=N/N5CCN(CC5)C6CCCC6)\C
DB15214,CCCCCC[C@@H]1CCC2=C(C1)C=CC(=C2)[C@H]3CC[C@@](C3)(CO)N
DB15215,CCCCCCCCC/C=C/C=C/C(=O)NCC(=O)N[C@@H]1[C@H]([C@H]([C@H](O[C@H]1[C@H](CO)O)NC2=NC=NC3=C2NC=N3)O)O
DB15219,CC1=C2C(=O)NC3(N2C(=O)C(=C1)NC4=NC=NC(=C4)N)CCCCC3
DB15220,CC(C)CC1=NC(=CC(=N1)N2CC(C2)NC)N
DB15221,C[C@@H]1CNS(=O)(=O)N(C1)C2=CC3=C(C=C2)C(=NC=C3)C#N
DB15222,C[C@@H](C(=O)OC(C)C)N[P@](=O)(OC[C@@H]1[C@H]([C@@]([C@](O1)(C#N)C2=CC=C3N2N=CN=C3N)(C)O)OC(=O)C(C)C)OC4=CC=CC=C4
DB15224,C1=CC=C2C(=C1)N=C(N2CC(=O)C3=CC=C(C=C3)NC(=O)[C@H](CCCCN)N)C4=NON=C4NCCC#N
DB15227,CC#CC(=O)N1CC[C@H](C1)N2C3=NC=NC(=C3N(C2=O)C4=CC=C(C=C4)OC5=CC=CC=C5)N
DB15229,C[C@H]1CN(CCN1C(=O)C2=C(N=CC=C2)C)S(=O)(=O)C3=CC=C(C=C3)C(F)(F)F
DB15230,CC(C)CC1=C(C(=NC(=C1C(=O)SC)C(F)(F)F)C(F)F)C(=O)SC
DB15231,C[C@@H]([C@H](C(=O)N[C@H]([C@H](C)O)C(=O)N1CCC[C@@H]1C(=O)N[C@H](CCCNC(=N)N)C(=O)N[C@H](CCCCN)C(=O)N2CCC[C@@H]2C(=O)N[C@H](CCCNC(=N)N)C(=O)N3CCC[C@@H]3C(=O)N4CCC[C@@H]4C(=O)N[C@H](CCCNC(=N)N)C(=O)N[C@H](CCCNC(=N)N)C(=O)N[C@H](CCCNC(=N)N)C(=O)N[C@H](CCC(=O)N)C(=O)N[C@H](CCCNC(=N)N)C(=O)N[C@H](CCCNC(=N)N)C(=O)N[C@H](CCCCN)C(=O)N[C@H](CCCCN)C(=O)N[C@H](CCCNC(=N)N)C(=O)NCC(=O)N)NC(=O)[C@@H](CC(C)C)NC(=O)[C@@H](CC(=O)N)NC(=O)[C@@H](CC(C)C)NC(=O)[C@@H](CC5=CC=CC=C5)NC(=O)[C@H]6CCCN6C(=O)[C@@H](CCC(=O)N)NC(=O)[C@@H](C(C)C)NC(=O)[C@H]7CCCN7C(=O)[C@@H](CCCNC(=N)N)NC(=O)[C@@H](CO)NC(=O)[C@@H](CCC(=O)N)NC(=O)[C@@H](CC(=O)O)N)O
DB15232,C1=CC=NC(=C1)CC(=O)NC2=NN=C(S2)CCCCC3=NN=C(C=C3)NC(=O)CC4=CC(=CC=C4)OC(F)(F)F
DB15235,CN(C1CCCCC1)C(=S)NN=C(C2=CC=CC=N2)C3=CC=CC=N3
DB15236,C[C@@H]([C@H]([C@H]([C@@H](C=O)O)O)O)O
DB15237,C1C(CC1(C(=O)O)N)F
DB15238,C1=CC=C(C(=C1)CN2C(=CC(=N2)C3=NC=C(C(=N3)NC[C@@](C(=O)N)(C(F)(F)F)O)F)C4=NOC=C4)F
DB15239,C[C@H](C1=NN=C(O1)C2CC(C2)NC(=O)C3=CC(=NO3)C4=CC=CC=C4)O
DB15241,C[N@@+]1(CC[C@]23CC(=O)CC[C@]2([C@H]1CC4=C3C(=C(C=C4)C(=O)N)O)O)CC5CC5
DB15242,CC[C@H](C(=O)O)OC1=CC=CC(=C1)N2C(=C(C3=C2C=C(C=C3)OC(F)(F)F)C(=O)C4=CC=C(C=C4)OC)C
DB15243,CCCCCCOC(C)C1=C(C2=NC1=CC3=NC(=CC4=C(C5=C(CC(=C6[C@H]([C@@H](C(=C2)N6)C)CCC(=O)O)C5=N4)O)C)C(=C3C)CC)C
DB15244,C[N+](C)(C)CCOP(=O)([O-])OCCCCCCCCCCCCCCCCCCC1=CC=C(C=C1)[131I]
DB15245,CC1=CC(=C(N1C)C(=O)C(=O)NC2=CC=C(C=C2)N3CCN(CC3)C4=NC=C(C=N4)F)C5=CC=CC=C5
DB15246,C1=CC(=C(C=C1C[C@H](C(=O)O)OC(=O)/C=C/C2=C(C(=C(C=C2)O)O)/C=C/C3=CC(=C(C=C3)O)O)O)O
DB15247,CC1=C(NC(=C1C(=O)N[C@H]2CCN(C2)C(=O)N(C)C)C)/C=C\3/C4=C(C=CC(=C4)F)NC3=O
DB15249,CC1(CC1)S(=O)(=O)NC(=O)[C@@]23C[C@H]2/C=C/CCCCC[C@H]4C(=O)N5C[C@@H](C[C@H]5C(=O)N3)OC6=NC7=C(C=CC(=C7)OC)N=C6CCCCC[C@@H]8CCC[C@H]8OC(=O)N4
DB15250,CC(C)(C)C1=CC=C(C=C1)S(=O)(=O)NC2=C(C=C(C=C2)Cl)C(=O)C3=CC=[N+](C=C3)[O-]
DB15251,CC(C)[C@@H](C(=O)N[C@@H](CCCN=C(N)N)C=O)NC(=O)[C@H](CCCN=C(N)N)NC(=O)N[C@@H](CC1=CC=CC=C1)C(=O)O
DB15254,CC1=C(C(=O)OC2=C1C=CC(=C2)OC3=NC=CC=N3)CC4=C(C(=NC=C4)NS(=O)(=O)NC)F
DB15256,C1C(CC1(CNC2=NC=C(C=N2)N3C=CC(=C3)C(=O)N)C4=C(C=CC=N4)F)F
DB15257,CC1(CCC2(CC1)[C@@]3([C@H]([C@@H](N2)C(=O)N[C@@H]4CC[C@H](OC4)C(=O)N)C5=C(C(=NC=C5)Cl)F)C6=C(C=C(C=C6)Cl)NC3=O)C
DB15259,CCCCCCCCCCCCCCCCOC[C@H](COP(=O)([O-])OCC[N+](C)(C)C)OCCCCC(=O)O
DB15261,CC(C)(C(=O)OCC=C)OC(=O)C1=C(C=CC(=C1)N2C(=O)C=C(N(C2=O)C)C(F)(F)F)Cl
DB15264,CCC[C@@H](C)C[C@@H](CC(=O)O)CN
DB15265,CC(C)N1CCC(CC1)N2CCCN(CC2)C3=CC=CC(=N3)C(=O)NC4=CC=NC=C4
DB15266,C[C@H](C1=NC=C(S1)C(=O)NC2=NC=C(C(=C2)C(F)(F)F)Cl)NC(=O)C3=C(C(=NC=N3)N)Cl
DB15268,CC1=C(OC2=CC=CC=C12)CN(C)C(=O)/C=C/C3=CC4=C(N=C3)N(C(=O)CC4)COP(=O)(O)O
DB15269,CC1=CC(=CC(=N1)NC(=O)[C@H]2CCC(=O)N2C3CCN(CC3)CC4=CC(=C(C=C4)Cl)C)C(=O)N(C)C
DB15272,CC[C@H](C)[C@@H](C(=O)NCC(=O)O)NC(=O)[C@H](CC1=CNC2=CC=CC=C21)NC(=O)[C@H](CCC(=O)O)NC(=O)[C@H](CCC(=O)O)NC(=O)CNC(=O)[C@H](CCCCN)NC(=O)CNC(=O)[C@@H]3CCCN3C(=O)[C@@H]4CCCN4C(=O)[C@H](CCC(=O)N)NC(=O)[C@H](CCCNC(=N)N)NC(=O)[C@H]([C@@H](C)CC)NC(=O)[C@H](CC5=CNC6=CC=CC=C65)NC(=O)[C@H](CO)NC(=O)[C@H](CC7=CNC8=CC=CC=C87)NC(=O)[C@H](CC9=CC=C(C=C9)O)NC(=O)[C@H](CC1=CC=C(C=C1)O)NC(=O)CN
DB15273,CNC(=O)C1=CC=CC=C1NC2=CC(=NC=C2C(F)(F)F)NC3=C(C=C(C=C3)N4CCOCC4)OC
DB15275,C[C@@H](C(=O)N)NC1=CC2=C(C=C1)C3=NC(=CN3CCO2)N4[C@@H](COC4=O)C(F)F
DB15279,CC(C)(C)C1=CC=C(C=C1)OC2=NC=C(C=C2)N
DB15281,CN1C(=CC=N1)NC2=NC=CC(=N2)C3=CC(=O)N(C=C3)[C@H](CO)C4=CC(=C(C=C4)Cl)F
DB15282,C[C@]12CC[C@H]3[C@H]([C@@H]1C[C@@H]4[C@]2(O[C@@H](O4)C5=CC=CO5)C(=O)C[18F])CCC6=CC(=O)CC[C@H]36
DB15284,C[C@H]([C@@H]1[C@@H]2N(C1=O)C(=C(S2)S[C@H]3CC[S@@](=O)C3)C(=O)O)O
DB15286,B(CCC[C@H]1CN(C[C@]1(C(=O)O)N)C(=O)[C@H](C)N)(O)O
DB15287,C1CC1C2=C(N=CC3=CC=CC=C32)N(CC4=CC=C(C=C4)OC(F)(F)F)S(=O)(=O)C5=CC=C(C=C5)C(=O)O
DB15288,C1[C@H](COC2=C1C=C(C=C2F)F)N3C(=CNC3=S)CCN
DB15289,CC(=C)[C@H]1CCC(=CC1)CO
DB15291,CC1=C(C=CC=C1N2C(=O)C3=C(C(=CC=C3)F)N(C2=O)C)C4=C(C=C(C5=C4C6=C(N5)C[C@H](CC6)C(C)(C)O)C(=O)N)F
DB15292,C1COCCN1CCCC2=CC\3=C(C=C2)OC(=C/C3=N\O)C4=NC=C5C=CSC5=C4
DB15293,C/C(=C\C1=CC=CC=C1)/C=C\2/C(=O)N(C(=S)S2)CC(=O)O
DB15294,C1CCN(C1)CCOC2=C3COC/C=C/COCC4=CC=C(O4)C5=NC(=NC=C5)NC(=C3)C=C2
DB15295,CC[C@@H](C1=C(C(=O)C2=CC=CC=C2O1)C3=CC(=CC=C3)F)NC4=NC=NC5=C4NC=N5
DB15296,C1=CC(=CC=C1C[C@H](C(=O)O)N)OC[18F]
DB15297,CN1C=C(C=N1)C2=CC(=C(C=C2)S(=O)(=O)[C@@H]3C[C@H](N(C3)C(=O)C4(CC4)C(F)(F)F)C(=O)NC5(CC5)C#N)C(F)(F)F
DB15299,CC(C)[C@@H](CS(=O)(=O)C(C)C)N1[C@@H]([C@H](C[C@](C1=O)(C)CC(=O)O)C2=CC(=CC=C2)Cl)C3=CC=C(C=C3)Cl
DB15300,CC[C@H]1CN2CC[C@H]1C[C@@H]2[C@H](C3=C4C=C(C=CC4=NC=C3)OC)O
DB15302,C[C@@H]([C@H]([C@H]([C@@H](C=O)F)O)O)O
DB15307,C[C@]1(C=CSC(=N1)N)C2=C(C=CC(=C2)NC(=O)C3=NC=C(C=C3)C#N)F
DB15308,C1=CC2=C(C=C1C3=CC4=C(C=C3)N=C(N4)C5=CC=NC=C5)NC(=N2)C6=CC=NC=C6
DB15310,CC1=NC(=CC=C1)C2=C(N=C(N2)CNC3=CC=CC=C3F)C4=CN5C(=NC=N5)C=C4
DB15314,CC(C)[C@@H](C(=O)N)NC(=O)[C@@H]1CCCN1C(=O)[C@H](CCCCN)NC(=O)CNC(=O)[C@H](CC2=CNC3=CC=CC=C32)NC(=O)[C@H](CCCNC(=N)N)NC(=O)[C@H](CC4=CC=CC=C4)NC(=O)[C@H](CC5=CNC=N5)NC(=O)[C@H](CCC(=O)O)NC(=O)[C@H](CCSC)NC(=O)[C@H](CO)NC(=O)[C@H](CC6=CC=C(C=C6)O)NC(=O)[C@H](CO)NC(=O)[C@H](CCCCN)NC(=O)[C@H](CCCCN)NC(=O)[C@H](CCCCN)NC(=O)[C@H](CCCCN)NC(=O)[C@H](CCCCN)NC(=O)[C@H](CCCCN)NC(=O)C
DB15315,CC(C)[C@@H](C(=O)N1CCC[C@H]1C2=NC=C(N2)C3=CC=C(C=C3)C4=C5C(=C(C=C4)C6=CN=C(N6)[C@@H]7CCCN7C(=O)[C@H](C(C)C)NC(=O)OC)OCO5)NC(=O)OC
DB15316,COC1=NC=C(C2=NC(=NN21)S(=O)(=O)NC3=C(C=CC=C3F)F)F
DB15317,C[C@]12CCN([C@H]1N(C3=C2C=C(C=C3)OC(=O)NC4=CC=CC=C4)C)C
DB15318,[Nd]
DB15319,CC(C)[C@@H](C(=O)N[C@@H](CC1=CC=C(C=C1)OCCF)C(=O)O)N2C=C(N=N2)COC3=CC4=C(C=C3)N=C(S4)S(=O)(=O)N
DB15321,C1CCC(C1)OC(=O)[C@H](C2=CC=CC=C2)NCC3=CC=C(C=C3)NC(=O)CCCCCCC(=O)NO
DB15323,CN1C(=O)C=C(N(C1=O)CC2=C(C=CC(=C2)F)C#N)N3CCC[C@H](C3)N
DB15324,[11CH3]OCC1=C(N=CC=C1)N2CCN(CC2)C[C@H]3COC4=CC=CC=C4O3
DB15325,CC1=C(C=CC(=C1)C(=O)O)COC2=C(C=C3CCCC3=C2)N(CC(C)C)S(=O)(=O)C4=NC=CS4
DB15326,CS(=O)(=O)C1=CC=CC=C1S(=O)(=O)NO
DB15327,CN1CCN(CC1)C2=C(C=C(C=C2)NC3=NC4=C(C=CN4)C(=N3)OC5=CC=CC(=C5)NC(=O)C=C)F
DB15333,C[C@@H](C1=CC=C(C=C1)C(C)(C)C)NC(=O)CN2C=NC3=C2C(=C(C=C3)F)F
DB15334,COC1=CC=C(C=C1)C2=COC3=CC(=CC(=C3C2=O)O)O
DB15335,COC1=CC=C(C=C1)C2=COC3=C(C2=O)C=CC(=C3)O
DB15338,C[C@@H]1CCCN1C(=O)[C@H](CC2=CSC=N2)NC(=O)[C@@H]3[C@@H](OC(=O)N3)C
DB15339,CC(C(=O)C1=CC=CC=C1)NC
DB15340,C1=CC=C(C=C1)C[C@@H](C(=O)N[C@@H](CC2=CC=CC=C2)C(=O)NC[C@@H](C(=O)N[C@@H](CC(=O)O)C(=O)N[C@@H](CS)C(=O)O)N)NC(=O)CCCCCCCNC(=O)CC[C@@H](C(=O)O)NC(=O)N[C@@H](CCC(=O)O)C(=O)O
DB15341,C1CC(C1)CN2CC[C@]34[C@@H]5[C@H](CC[C@]3([C@H]2CC6=C4C(=C(C=C6)OC(=O)CCCCCCCCC(=O)OC7=C8C9=C(C[C@@H]1[C@]2([C@]9(CCN1CC1CCC1)[C@@H](O8)[C@H](CC2)O)O)C=C7)O5)O)O
DB15343,C[C@@H]1CN(C[C@@H](N1)C)CC2=CC(=CC(=C2)NC3=NC=C(C(=N3)C4=CNC5=C4C=CC(=C5)C)Cl)C6CC6
DB15344,CC(C)(CC(=O)O)O
DB15345,C1CN(CCC1NCC2=CC3=C(N=N2)OCCO3)C[C@@H]4CN5C(=O)C=CC6=C5C4=C(C=C6)F
DB15346,C1CC1C#CC2=CC3=C(C=C2)C4=CC(=NC(=O)N4CC3)OC[C@@H]5COCCO5
DB15347,CC#CC(=O)N[C@H]1CCCN(C1)C2=C(C=C(C3=C2C(=C(N3)C)C)C(=O)N)F
DB15348,C1CNCCC1C2=CC=CC=C2COC3=C(C=C(C=C3F)F)F
DB15350,C1(C(C(C(C(C1O)O)O)O)O)O
DB15353,C1C[C@H](N2C[C@@H]1N(C2=O)OS(=O)(=O)O)C(=O)NOCCN
DB15355,CCCCCCC(=O)NC1CSSC[C@H](NC(=O)C(NC(=O)[C@@H](NC(=O)C(NC(=O)[C@@H](NC(=O)[C@H](NC(=O)C(NC(=O)CNC(=O)[C@H](NC(=O)[C@@H](NC(=O)C(NC1=O)CC2=CNC=N2)CC3=CC=CC=C3)C)CCCNC(=N)N)CCCC)CC(=O)O)CCCNC(=N)N)[C@@H](C)CC)CO)C(=O)N[C@@H](CC4=CC=C(C=C4)O)C(=O)N5C[C@@H](NC(=O)[C@@H]5CCCNC(=N)N)C(=O)N
DB15356,C1CCC(C1)(C[C@@H](CCC2=CC=CC3=CC=CC=C32)C(=O)O)C(=O)N[C@H]4CCC5=CC=CC=C5N(C4=O)CC(=O)O
DB15357,CCCCCCOC1=NSN=C1C2=CCCN(C2)C
DB15358,C[C@@H]1C2=C(CCN1C(=O)C3=C(C(=CC=C3)C(F)(F)F)Cl)N(N=N2)C4=NC=C(C=N4)F
DB15359,CC(=CCC1=C(C(=C(C=C1O)OC)C(=O)/C=C/C2=CC=C(C=C2)O)O)C
DB15360,CCC(=O)N(C1=CC=CC=C1)C2(CCN(CC2)CCC3=CC=CC=C3)C(=O)O[11CH3]
DB15361,[201Tl]
DB15362,CC(C1=C(C=CC(=C1)F)C2=C(C3=C(S2)C=C(C=C3)O)OC4=CC=C(C=C4)/C=C/C(=O)O)(F)F
DB15366,CC(C)C[C@@H](C(=O)N[C@@H](CC1=CN=CN1)C(=O)N2CCC[C@H]2C(=O)N[C@@H](CO)C(=O)N[C@@H](CCCCN)C(=O)N[C@@H](C(C)C)C(=O)N[C@@H](CC(=O)O)C(=O)N[C@@H](CC(C)C)C(=O)N3CCC[C@H]3C(=O)N[C@@H](CCCN=C(N)N)C(=O)O)NC(=O)[C@H](CC4=CC=CC=C4)NC(=O)[C@H](CCC(=O)O)NC(=O)[C@H](CCCCN)N
DB15367,C[C@H](CN1CCOCC1)N2C3=C(C=C(C=C3)/C=C\4/C5=C(C=C(C=C5)F)OCC6=CC=CC=C64)N=C2NC(=O)N
DB15371,CC1(CC1)S(=O)(=O)NC(=O)[C@]2(C[C@H]2C=C)NC(=O)[C@@H]3C[C@@H]4CN3C(=O)[C@@H](NC(=O)O[C@@H]5CCC[C@H]5CCCCCN6C(=O)C7=C(C=C(C=C7)OC)N=C6O4)C8CCCC8
DB15372,CCCCCCCCCCCCCCCCCC(=O)OCC(CSSC1=CC=C(C=C1)COC(=O)N2[C@@H]3[C@H]2[C@@]4([C@@H](C5=C(N4C3)C(=O)C(=C(C5=O)N)C)COC(=O)N)OC)OC(=O)CCCCCCCCCCCCCCCCC
DB15374,[60Co]
DB15375,CC1C(=O)NC(C(=O)NC(C(=O)NC2CSSCC3C(=O)NC(C(=O)NC(CSSCC4C(=O)NCC(=O)NCC(=O)NC(C(=O)NCC(=O)NC(C(=O)NCC(=O)NC(C(=O)NC(CSSCC(C(=O)NC(C(=O)NC(C(=O)NC(C(=O)NC(C(=O)NC(C(=O)NC(C(=O)NC(C(=O)N1)CCSC)CCC(=O)N)CC5=CNC=N5)CC(=O)O)C(C)O)C(C)O)CC6=CC=CC=C6)NC(=O)C7CCCN7C(=O)C(NC(=O)C(CSSCC(C(=O)N4)NC(=O)C(NC(=O)C(NC2=O)CC(=O)O)CC(=O)O)NC(=O)C(CCSC)N)CCSC)C(=O)NC(C(=O)NCC(=O)N8CCCC8C(=O)NC(C(=O)N3)CCC(=O)N)CC9=CC=C(C=C9)O)CCCCNC(=O)CCCCCN\1C2=C(C3=CC=CC=C3C=C2)C(/C1=C/C=C/C=C/C=C/C1=[N+](C2=C(C1(C)C)C1=CC=CC=C1C=C2)CCCCS(=O)(=O)[O-])(C)C)CCCNC(=N)N)CCCNC(=N)N)C(=O)NC(CCCNC(=N)N)C(=O)O)CC(C)C)CCCNC(=N)N)CCCNC(=N)N
DB15377,CC(C1=CC2=C(C=C1)C=C(C=C2)OC)C(=O)OC3=CC=C(C=C3)C(=S)N
DB15379,CC(COC[C@@H]1[C@@H]2C[C@H]([C@H](O1)O[C@@H]3[C@H](O[C@@H]([C@@H]([C@H]3O)OCC(C)O)O[C@@H]4[C@H](O[C@@H]([C@@H]([C@H]4O)OCC(C)O)O[C@@H]5[C@H](O[C@@H]([C@@H]([C@H]5O)O)O[C@@H]6[C@H](O[C@@H]([C@@H]([C@H]6O)O)O[C@@H]7[C@H](O[C@@H]([C@@H]([C@H]7OCC(C)O)O)O[C@@H]8[C@H](O[C@H](O2)[C@@H]([C@H]8O)O)COCC(C)O)CO)COCC(C)O)CO)CO)CO)O)O
DB15380,CCN(CC)C(=O)[C@H]1CCCC2=C1C3=C(N2CC[18F])C=CC=C3OC
DB15381,CC1=C(C(=O)C2=CC=CC=C2C1=O)C/C=C(\C)/CC/C=C(\C)/CC/C=C(\C)/CC/C=C(\C)/CCC=C(C)C
DB15382,C1COCCN1CCNC(=O)NC2=NC3=C(S2)C=C(C=C3)SC4=NN=C5N4N=C(C=C5)C6=CC=C(C=C6)F
DB15384,CC1=C2[C@H](C(=O)[C@@]3([C@H](C[C@@H]4[C@]([C@H]3[C@@H]([C@@](C2(C)C)(C[C@@H]1OC(=O)[C@@H]([C@H](C5=CC=CS5)NC(=O)OC(C)C)O)O)OC(=O)C6=CC=CC=C6)(CO4)OC(=O)C)O)C)OC(=O)C7CCCC7
DB15385,C1[C@H]2CN([C@@H]1CN2CC3=CC=C(C=C3)OC4=CC=C(C=C4)C5=NC=CO5)CC6=CC=C(C=C6)C(=O)O
DB15391,C[C@@H]1[C@H]2CSC(=N[C@]2(CO1)C3=C(C=CC(=C3)NC(=O)C4=NC=C(N=C4)C(F)F)F)N
DB15392,[Cs]
DB15393,CNC(=O)C1=NC=CC(=C1)COC2=NN=C(C3=C2OC=C3)NC4=CC=C(C=C4)Cl
DB15394,CC1=C(C=C2CC[C@@](OC2=C1C)(C)CCC[C@H](C)CCC[C@H](C)CCCC(C)C)O
DB15396,CC1=C(C=C(C=C1)C(=O)NC2=CC(=C(C=C2)CN3CCN(CC3)C)C(F)(F)F)C#CC4=NN=C5N4C=CC=C5
DB15398,CC(C)CCCCCCC(=O)OCC1=CC(=C(C=C1)O)OC
DB15399,C[C@]1(CCCN1C2=NN3C=CC=C3C(=N2)NC4=NNC(=C4)C5CC5)C(=O)NC6=CN=C(C=C6)F
DB15401,CC1=NC=C(C=N1)C2=CC3=C(C=C2)N(N=C3C(=O)C)CC(=O)N4C[C@@H](C[C@H]4C(=O)NC5=NC(=CC=C5)Br)F
DB15403,CCC1=C(N2C=C(C=C(C2=N1)C)N3CCN(CC3)CC(=O)N4CC(C4)O)N(C)C5=NC(=C(S5)C#N)C6=CC=C(C=C6)F
DB15405,C1=CC(=CC=C1C[C@@H](C(=O)O)N)OCC[18F]
DB15406,C[C@@]1(CCN1C(=O)C2=CSC3=CC=CC=C32)C(=O)N(CCCC(=O)O)CC4=CC(=CC=C4)Cl
DB15407,C[C@@H](C1=NC2=C(C=C(C=C2)F)C(=O)N1C3=CC=CC=C3)NC4=NC=NC5=C4NC=N5
DB15408,C1=CC(=CC(=C1)Cl)NC2=NC3=C(C=CC(=C3)C(=O)O)C4=C2C=CN=C4
DB15410,CCCNC[C@@H](COC1=CC=CC=C1C(=O)CCC2=CC=CC=C2)O
DB15411,C[C@H](C1=CC=CC=C1)N2C=NC=C2C(=O)OC3(CC3)C(=O)OC
DB15412,CN1CCN(CC1)C(=O)C2[C@@H]3CC[C@H](C2C(=O)O)O3
DB15413,CC1(C2=C(C=CC(=C2)S(=O)(=O)[O-])[N+](=C1/C=C/C3=C(/C(=C/C=C/4\C(C5=C(N4CCCCS(=O)(=O)O)C=CC(=C5)S(=O)(=O)O)(C)C)/CCC3)OC6=CC=C(C=C6)C[C@@H](C(=O)O)NC(=O)C7=CC=C(C=C7)NCC8=CN=C9C(=N8)C(=O)NC(=N9)N)CCCCS(=O)(=O)O)C
DB15414,[2H]C([2H])([2H])NC(=O)C1=NC=CC(=C1)OC2=CC=C(C=C2)NC(=O)NC3=CC(=C(C=C3)Cl)C(F)(F)F
DB15416,C1CC1C2=C(C(=NO2)C3=C(C=CC=C3Cl)Cl)COC4=CC(=C(C=C4)[C@H]5C[C@@H]5C6=CC=C(C=C6)C(=O)O)Cl
DB15418,CNC(=O)C[C@H]1COC2=C(N1C(=O)C3=CC4=C(C=C3)OCC(=O)N4)C=CC(=C2)F
DB15419,C1[C@@H]2[C@@H](C2NCC3=NC4=C(C=C3)C=C(C=C4)F)CN1C5=NC=C(C=N5)C(=O)NO
DB15422,C[C@@H]1CC[C@H]2C[C@@H](C(=C[C@H]3CC[C@@H]([C@H](C[C@H](C(=O)[C@@H]([C@@H](/C(=C\[C@H](C(=O)C[C@H](OC(=O)[C@@H]4CCCCN4C(=O)C(=O)[C@@]1(O2)O)[C@H](C)C[C@@H]5CC[C@H]([C@@H](C5)OC)O)C)/C)O)OC)C)C)N(O3)C6=CC=CC=C6)C)OC
DB15423,CCCCCCCCCCCCCCCC(=O)OC[C@H](COC(=O)[C@H](C)NC(=O)CC[C@H](C(=O)N)NC(=O)[C@H](C)NC(=O)[C@@H](C)O[C@H]([C@H](C=O)NC(=O)C)[C@@H]([C@@H](CO)O)O[C@H]1[C@@H]([C@H]([C@@H]([C@H](O1)CO)O)O)NC(=O)C)OC(=O)CCCCCCCCCCCCCCC
DB15424,C1=CC=C(C=C1)[P+](C2=CC=CC=C2)(C3=CC=CC=C3)C4=CC=C(C=C4)[18F]
DB15425,CC[C@@H]([C@@H](C)O)NC1=NC(=C2C(=N1)N(C=N2)C(C)C)NCC3=CN=C(C=C3C)C
DB15426,C1=CC=C(C=C1)C(C2=CC=CC=C2)N3C4=C(C=C(C=C4)Cl)C(=C3CCNS(=O)(=O)CC5=CC=CC=C5C(F)(F)F)CCCC6=CC=C(C=C6)C(=O)O
DB15427,C1=C(C(=O)NC(=O)N1[C@H]2[C@H]([C@@H]([C@H](O2)CO)O)F)I
DB15429,C(C(=O)O)S
DB15431,C1CN(C1)C[C@H](C2=CC(=C(C=C2)Cl)C(F)(F)F)NC3=NC=NC4=C3C=CC=C4C(=O)N
DB15435,CC1=C(N(N=N1)C)C2=CC3=C(C4=C(N3[C@@H](C5CCOCC5)C6=CC=CC=C6)C=C(C=C4)C(C)(C)O)N=C2
DB15436,CS(=O)CCCC/C(=N\OS(=O)(=O)O)/S[C@H]1[C@@H]([C@H]([C@@H]([C@H](O1)CO)O)O)O
DB15437,C[C@H]1[C@H](OC(=O)N1CC2=C(CCC(C2)(C)C)C3=CC(=C(C=C3OC)F)C(C)C)C4=CC(=CC(=C4)C(F)(F)F)C(F)(F)F
DB15439,C1CC(CCC1[C@@H](C[C@H]2C3=C(C=CC=C3F)C4=CN=CN24)O)O
DB15440,C1CCC(CC1)[C@@H](C(=O)OC2CCCC2)NCC3=CN=C(C=C3)CCC(=O)NO
DB15442,CN1CCN(CC1)C2=CN=C(C=C2)NC3=NC=C4C=C5C(=O)NCC6(N5C4=N3)CCCCC6
DB15445,C1=CC=C(C(=C1)C(=O)NCC(=O)O)I
DB15446,COC1=CC=CC(=C1)C2=CC(=C(C=C2)NC(=O)C3=C(CCC3)C(=O)O)F
DB15447,CCCCCC1=CC(=CC=C1)CC(=O)O
DB15448,CC1=C(C=C(C=C1)C(=O)NC2CC2)N3C(=C(C=N3)C(=O)C4=CC=CC(=C4)C#N)N
DB15449,C1=CC=C(C=C1)N(C2=CC=CC=C2Cl)C3=NC=C(C=N3)C(=O)NCCCCCCC(=O)NO
DB15450,C[C@H](C1=CC=C(C=C1)F)N(CC2=CC(=CC=C2)C(=O)O)C(=O)C3=CC4=CC=CC=C4N=C3
DB15456,COC(=O)NC1=C(N=C(N=C1N)C2=NN(C3=C2C=C(C=N3)F)CC4=CC=CC=C4F)N
DB15457,CNC1=CC=C(C=C1)C2=NC3=C(S2)C=C(C=C3)[18F]
DB15458,CCCC[C@@H](C(=O)O)N
DB15460,CC(C)(CC1=CC=C(C=C1)F)NC(=O)[C@H](CCC(=O)O)NC(=O)C2=CC=C(C=C2)C3=CC=CC=C3
DB15464,C1=CC2=C(C=C1O)C(=O)OC3=C2C=CC(=C3)O
DB15466,CN1C=C(C=C1C(=O)NC2=CN(C(=C2)C(=O)NC3=CN(C(=C3)C(=O)NCCC(=N)N)C)C)NC(=O)C4=CC=C(C=C4)N(CCCl)CCCl
DB15488,C[C@H]1[C@@H]([C@H]([C@H]([C@@H](O1)O[C@@H]2[C@H]([C@@H](O[C@@H]([C@H]2OC(=O)/C=C/C3=CC(=C(C=C3)O)O)CO[C@H]4[C@@H]([C@H]([C@@H]([C@H](O4)CO)O)O)O)OCCC5=CC(=C(C=C5)O)O)O)O)O)O
DB15489,CC1COC2(N1CC(=O)NC3=C2C=C(C=C3)Cl)C4=CC=CC=C4Cl
DB15490,C[C@]1(CC[C@H]2[C@@H](C1)CC[C@@H]3[C@@H]2CC[C@]4([C@H]3CC[C@@H]4C(=O)CN5C=C(C=N5)C#N)C)O
DB15493,C1=CC=C(C=C1)C2=C(C(=O)NC(=S)N2)CC3=C(C=CC4=CC=CC=C43)O
DB15494,C[C@H](C1C(=O)NC(CSSC[C@@H](C(=O)NC(C(=O)N[C@@H](C(=O)N[C@H](C(=O)N1)CCCCN)CC2=CNC3=CC=CC=C32)CC4=CC=C(C=C4)O)NC(=O)[C@@H](CC5=CC=CC=C5)NC(=O)CN6CCN(CCN(CCN(CC6)CC(=O)[O-])CC(=O)[O-])CC(=O)[O-])C(=O)N[C@H](CO)[C@@H](C)O)O.[68Ga+3]
DB15495,CN(C)C(=O)[C@@H]1[C@H]([C@]2([C@@]([C@@H]1O)(C3=C(O2)C=C(C=C3OC)OC)O)C4=CC=C(C=C4)OC)C5=CC=CC=C5
DB15496,COC1=CC=C(C=C1)[C@]23[C@@H]([C@H]([C@H]([C@]2(C4=C(O3)C=C(C=C4OC)OC)O)O)C(=O)N)C5=CC=CC=C5
DB15498,CCOC1=C(C=CC(=C1)C2=NN=CN2C)NC3=NC=C4C=C(N=C(C4=N3)NCC(C)(C)C)C
DB15499,CCS(=O)(=O)N1CCN(CC1)C2=CC=C(C=C2)NC3=NC=C(C(=N3)NC4CC4)C(=O)N
DB15534,CC(=O)NC1CCC2=CC(=C(C(=C2C3=CC=C(C(=O)C=C13)O)OC)OC)OC
DB15550,C1CO[P@@](=O)(O[C@@H]1C2=CC(=CC=C2)Cl)COCCN3C=NC4=C(N=CN=C43)N
DB15551,C[C@H]1[C@@H](N=C(O1)C2=C(C=CC(=C2)Cl)O)[C@@H](CC(=O)O)O
DB15552,C[C@H]1[C@@H](N=C(O1)C2=C(C=CC(=C2)Cl)O)[C@@H]([C@@H](C(=O)NC(CO)CO)O)O
DB15553,C[C@H]1[C@@H](N=C(O1)C2=CC=CC=C2O)[C@@H](CC(=O)O)O
DB15554,C[C@H]1[C@@H](N=C(O1)C2=CC=CC=C2O)[C@@H]([C@@H](C(=O)NC(CO)CO)O)O
DB15557,C[C@H](CCCCC(C)(C)O)[C@H]1CC[C@@H]\2[C@@]1(CCC/C2=C\C=C/3\C[C@H](C[C@@H](C3=C)O)O)C
DB15566,CC(=O)OCC(=O)[C@]1(CC[C@@H]2[C@@]1(C[C@@H]([C@H]3[C@H]2CCC4=CC(=O)C=C[C@]34C)O)C)O
DB15569,C[C@H]1CN(CCN1C2=NC(=O)N(C3=NC(=C(C=C32)F)C4=C(C=CC=C4F)O)C5=C(C=CN=C5C(C)C)C)C(=O)C=C
DB15575,CC[C@@H]1[C@H](C2=CC\3=NC(=C(/C3=C(\C)/[O-])C)C=C4[C@H]([C@@H](C(=N4)C(=C5C(=C(C(=N5)C=C1N2)C)C(=NCCS(=O)(=O)O)[O-])CC(=O)OC)CCC(=O)O)C)C.[Pd+2]
DB15578,CC(C)N(CC[C@H](C1=CC=CC=C1)C2=C(C=CC(=C2)CO)O)C(C)C
DB15582,C[C@H]1C(=O)N([C@H]2CSC([C@@H](C(=O)N([C@H](C(=O)OC[C@H](C(=O)N1)NC(=O)C3=NC4=CC=CC=C4N=C3)C(C)C)C)N(C(=O)[C@@H](NC(=O)[C@@H](COC(=O)[C@@H](N(C2=O)C)C(C)C)NC(=O)C5=NC6=CC=CC=C6N=C5)C)C)SC)C
DB15583,C1=CC(=C(C(=C1)F)C(=O)NC(=O)NC2=CC(=C(C=C2)Cl)OC3=C(C=C(C=N3)C(F)(F)F)Cl)F
DB15585,C[C@@H]1C[C@H]2[C@@H]3CC[C@]4([C@]3(C[C@@H](C2=C5C1=CC(=O)CC5)C6=CC=C(C=C6)N(C)C)C)CCCO4
DB15587,[C@@H]([C@H](C(=O)[O-])[O-])(C(=O)[O-])[O-].[C@@H]([C@H](C(=O)[O-])[O-])(C(=O)[O-])[O-].O.O.O.[K+].[K+].[Sb+3].[Sb+3]
DB15589,CC(=O)CCC1=CC(=C(C=C1)O)OC
DB15590,COC1=CC(=CC(=C1OC)OC)[C@@H]2C3=CC4=C(C=C3CC5=C2C(=O)OC5)OCO4
DB15594,CCN(CC1=CC(=CC=C1)S(=O)(=O)[O-])C2=CC(=C(C=C2)/C(=C/3\C=CC(=[N+](CC)CC4=CC(=CC=C4)S(=O)(=O)[O-])C=C3C)/C5=CC=C(C=C5)NC6=CC=C(C=C6)OCC)C.[Na+]
DB15598,CC1=C(C(=O)C=CO1)[O-].CC1=C(C(=O)C=CO1)[O-].CC1=C(C(=O)C=CO1)[O-].[Fe+3]
DB15601,C=CC[C@@]12CCCN1C(=O)CNC2=O
DB15609,CC(C)(C)C1=CC(=C(C(=C1)C2=CC(=C(N=C2)C(F)(F)F)F)O)CNC(C)(C)C
DB15618,CC(=O)CC/C=C\C=C\C=C
DB15619,CC(=O)CC/C=C/C=C/C=C
DB15622,CSC1=NC2=NN=C(C(=O)N2N1)[N+](=O)[O-]
DB15623,CC(C)CN(C[C@H]([C@H](CC1=CC=CC=C1)NC(=O)O[C@H]2CO[C@@H]3[C@H]2CCO3)O)S(=O)(=O)C4=CC5=C(C=C4)N=C(S5)NC6CCN(CC6)C7CCCC7
